Timestamp,PM2.5 (µg/m³),PM10 (µg/m³),NO (µg/m³),NO2 (µg/m³),NOx (ppb),NH3 (µg/m³),SO2 (µg/m³),CO (mg/m³),Ozone (µg/m³),Benzene (µg/m³),Toluene (µg/m³),Xylene (µg/m³),O Xylene (µg/m³),Eth-Benzene (µg/m³),MP-Xylene (µg/m³),AT (°C),RH (%),WS (m/s),WD (deg),RF (mm),TOT-RF (mm),SR (W/mt2),BP (mmHg),VWS (m/s),date,hour,month,day_of_week,PM2.5 (µg/m³)_next,PM10 (µg/m³)_next,NO (µg/m³)_next,NO2 (µg/m³)_next,NOx (ppb)_next,NH3 (µg/m³)_next,SO2 (µg/m³)_next,CO (mg/m³)_next,Ozone (µg/m³)_next,Benzene (µg/m³)_next,Toluene (µg/m³)_next,predicted_PM2.5 (µg/m³),predicted_PM10 (µg/m³),predicted_NO (µg/m³),predicted_NO2 (µg/m³),predicted_NOx (ppb),predicted_NH3 (µg/m³),predicted_SO2 (µg/m³),predicted_CO (mg/m³),predicted_Ozone (µg/m³),predicted_Benzene (µg/m³),predicted_Toluene (µg/m³)
2025-05-26 16:00:00,7.67,16.82,4.85,14.86,19.06,16.34,4.47,0.63,21.32,0.57,1.64,,,0.52,0.59,23.58,78.59,1.17,217.52,0.0,0.0,,,,2025-05-26 16:00:00,16,5,0,12.0,15.5,4.9,14.88,19.08,16.38,4.53,0.59,21.28,0.57,1.63,28.35013215204069,52.45890367920343,4.806478246031746,13.50812637979799,17.493313850171603,13.447342010101012,3.1304455079365012,0.6476566933467377,30.55815485714281,0.5013502380952374,0.9890784895021081
2025-05-27 00:00:00,12.0,15.5,4.9,14.88,19.08,16.38,4.53,0.59,21.28,0.57,1.63,,,0.52,0.58,22.25,85.69,1.16,178.24,0.0,0.0,,,,2025-05-27 00:00:00,0,5,1,6.83,22.85,4.87,14.85,19.08,16.28,4.46,0.66,21.43,0.57,1.64,24.61117571608508,49.2234895325996,4.844801706349191,13.867663873015882,21.564132714285726,15.131093563492055,3.640574492063489,0.6862137241654437,24.85023127777779,0.6380770476190457,1.1176128095238076
2025-05-27 08:00:00,6.83,22.85,4.87,14.85,19.08,16.28,4.46,0.66,21.43,0.57,1.64,,,0.52,0.59,25.94,68.0,1.58,227.65,0.0,0.0,,,,2025-05-27 08:00:00,8,5,1,10.59,59.08,4.86,14.84,19.09,16.31,4.55,0.65,21.09,0.57,1.63,35.719953815475485,61.47531910652734,4.953007198412702,14.777212059676668,19.795373424033592,15.087805080794272,4.599016158730153,0.6896696658624802,21.6168062936508,0.6802381980178065,1.6220369523809437
2025-05-27 16:00:00,10.59,59.08,4.86,14.84,19.09,16.31,4.55,0.65,21.09,0.57,1.63,,,0.52,0.59,24.82,70.36,1.46,218.11,0.0,0.0,,,,2025-05-27 16:00:00,16,5,1,26.3,32.78,4.84,14.9,19.06,16.3,4.5,0.61,21.34,0.57,1.63,33.204447143317005,67.07388536590547,4.955368586716681,14.768100370693043,14.836998951267201,12.406047746221772,7.067758415184728,0.7132117256906269,36.40049943670531,0.8110879040510162,1.9651264137413924
2025-05-28 00:00:00,26.3,32.78,4.84,14.9,19.06,16.3,4.5,0.61,21.34,0.57,1.63,,,0.52,0.58,23.2,82.0,1.11,208.79,0.0,0.0,,,,2025-05-28 00:00:00,0,5,2,16.66,24.59,4.82,14.89,19.14,16.32,4.55,0.6,21.4,0.57,1.64,17.593388563260362,36.970225176680856,4.843479563492055,13.101976698412702,19.33321723809525,15.402410253246753,3.757330579365076,0.635022242101245,24.730681722222236,0.5491423709273161,1.3166569152674144
2025-05-28 08:00:00,16.66,24.59,4.82,14.89,19.14,16.32,4.55,0.6,21.4,0.57,1.64,,,0.52,0.59,25.69,67.65,1.93,236.14,0.0,0.0,,,,2025-05-28 08:00:00,8,5,2,10.55,47.19,4.87,14.82,19.13,16.35,4.45,0.58,21.35,0.57,1.63,35.9915031636448,64.8303433583987,4.850882841269834,14.893921945809137,20.433671778716594,15.110943805655516,4.672356206349202,0.6741431754549059,22.1797154047619,0.8966196723325673,1.6397346428571324
2025-05-28 16:00:00,10.55,47.19,4.87,14.82,19.13,16.35,4.45,0.58,21.35,0.57,1.63,,,0.52,0.59,23.59,79.85,1.85,233.35,0.0,0.0,,,,2025-05-28 16:00:00,16,5,2,26.91,30.76,4.88,14.85,19.11,16.34,4.5,0.73,21.4,0.57,1.63,42.97760979031787,76.62077830044234,4.858415960317453,13.80454326324428,31.384605492063518,15.25283538049668,4.507976357142856,0.6820317136913218,22.302517857142867,2.042885000000007,1.6430535592185536
2025-05-29 00:00:00,26.91,30.76,4.88,14.85,19.11,16.34,4.5,0.73,21.4,0.57,1.63,,,0.52,0.59,22.78,82.31,1.12,220.23,0.0,0.0,,,,2025-05-29 00:00:00,0,5,3,13.29,16.86,4.9,14.83,19.14,16.35,4.53,0.63,21.51,0.57,1.64,19.27182223786356,39.23193047003875,4.847246777777763,13.502709317460319,19.33227042857143,15.620595373015872,3.8983419523809526,0.655903611814315,23.17509908730163,0.5182075772765228,1.3082867633477597
2025-05-29 08:00:00,13.29,16.86,4.9,14.83,19.14,16.35,4.53,0.63,21.51,0.57,1.64,,,0.52,0.59,25.25,70.55,1.71,228.55,0.0,0.0,,,,2025-05-29 08:00:00,8,5,3,9.55,26.47,4.84,14.88,19.07,16.35,4.55,0.59,21.22,0.57,1.64,44.159360913526534,75.40945889266389,4.839879579365067,15.015933783612565,27.29765479997016,14.399804363770903,4.690446536075035,0.7329097325465417,21.69104382539684,1.2913011248996347,1.6555969285714198
2025-05-29 16:00:00,9.55,26.47,4.84,14.88,19.07,16.35,4.55,0.59,21.22,0.57,1.64,,,0.52,0.59,24.09,79.56,1.25,194.72,0.0,0.0,,,,2025-05-29 16:00:00,16,5,3,10.77,24.32,4.85,14.87,19.11,16.31,4.62,0.64,21.28,0.56,1.63,35.46721428970544,70.0067625681218,4.852890293650787,14.32593235030197,24.314424495542397,15.374833241607806,4.588290007936506,0.6771900099235236,22.649335422799414,1.2381723234127016,1.6300546306471257
2025-05-30 00:00:00,10.77,24.32,4.85,14.87,19.11,16.31,4.62,0.64,21.28,0.56,1.63,,,0.52,0.58,23.05,84.7,1.27,216.73,0.0,0.0,,,,2025-05-30 00:00:00,0,5,4,21.49,45.16,5.12,19.47,24.24,19.73,4.54,0.62,21.29,0.57,1.64,19.668638673673257,43.66575541517731,4.872257912698387,14.459000304029312,27.044680920634917,16.02902718181818,4.5304887777777765,0.7113179280776906,21.42632573809525,0.9076093571428566,1.6415376666666568
2025-05-30 08:00:00,21.49,45.16,5.12,19.47,24.24,19.73,4.54,0.62,21.29,0.57,1.64,,,0.52,0.59,25.01,72.39,1.3,225.7,0.0,0.0,,,,2025-05-30 08:00:00,8,5,4,49.14,76.43,5.42,24.33,29.78,23.36,4.47,0.62,21.38,0.57,1.63,37.70197406618498,66.82735744279381,4.884348636938382,13.861126887893814,21.354238891177072,12.74419339066672,4.773465177404301,0.7980562913045288,36.357726768596024,1.2570761624644615,1.9769500356005862
2025-05-30 16:00:00,49.14,76.43,5.42,24.33,29.78,23.36,4.47,0.62,21.38,0.57,1.63,,,0.52,0.59,24.36,74.91,1.11,211.78,0.0,0.0,,,,2025-05-30 16:00:00,16,5,4,48.45,65.29,5.39,24.39,29.76,23.28,4.54,0.6,21.18,0.56,1.64,29.662037733973744,63.41117680792502,4.847558976190477,13.35196680597211,17.976172109906237,15.07527788383837,4.09465721428571,0.6082340101923853,25.68849505930737,0.5705343605889711,0.977125385753248
2025-05-31 00:00:00,48.45,65.29,5.39,24.39,29.76,23.28,4.54,0.6,21.18,0.56,1.64,,,0.51,0.58,22.84,81.33,0.89,192.5,0.0,0.0,,,,2025-05-31 00:00:00,0,5,5,38.76,76.26,4.78,21.84,26.41,23.3,4.49,0.62,21.64,0.58,1.65,23.851741031546446,41.38736620741246,4.702424388888892,8.1909108755975,9.32068704673317,9.717323537815123,2.87828270238095,0.6140888816544142,47.817360626984076,0.3597226666666666,0.7008029097985341
2025-05-31 08:00:00,38.76,76.26,4.78,21.84,26.41,23.3,4.49,0.62,21.64,0.58,1.65,,,0.52,0.59,26.87,59.03,1.75,229.65,0.0,0.0,,,,2025-05-31 08:00:00,8,5,5,69.47,103.18,4.23,19.86,24.13,23.36,4.66,0.61,21.4,0.57,1.64,54.01164002014651,98.61545253463197,4.8209777301587415,10.717577401664427,19.899026600000017,13.960033880830279,3.2738130905695604,0.6289182335001772,27.7668439126984,0.7068146111111103,1.314212999999997
2025-05-31 16:00:00,69.47,103.18,4.23,19.86,24.13,23.36,4.66,0.61,21.4,0.57,1.64,,,0.53,0.59,25.75,64.19,1.2,221.82,0.0,0.0,,,,2025-05-31 16:00:00,16,5,5,97.65,116.02,4.21,19.95,24.08,23.32,4.52,0.66,21.31,0.56,1.64,35.953020157774525,58.9867214497735,4.788541666666667,14.176691022638506,16.62722445490621,13.949108248885238,4.498366993516397,0.6093180648939758,28.858691619047626,0.6552279291231624,1.1028512380952347
2025-06-01 00:00:00,97.65,116.02,4.21,19.95,24.08,23.32,4.52,0.66,21.31,0.56,1.64,,,0.52,0.58,22.9,84.52,1.38,198.51,0.0,0.0,,,,2025-06-01 00:00:00,0,6,6,43.28,77.43,4.21,19.65,24.04,23.29,4.45,0.77,21.33,0.57,1.63,29.65887762422924,58.9360235636257,4.8734775634920435,14.23800426984128,20.998951007936515,13.80209800793651,4.615397682539682,0.7478505197847255,28.779663253968245,0.886141404761904,1.67313899999999
2025-06-01 08:00:00,43.28,77.43,4.21,19.65,24.04,23.29,4.45,0.77,21.33,0.57,1.63,,,0.52,0.59,29.37,43.38,1.77,229.39,0.0,0.0,,,,2025-06-01 08:00:00,8,6,6,60.35,79.37,4.2,19.93,24.06,23.34,4.54,0.77,21.28,0.57,1.64,77.53129215079366,125.54279391269831,4.813559896825398,7.310473714285707,11.735631349410408,10.87125787301588,3.124319968253973,0.6089885629458259,33.17107347619051,0.7327151904761904,0.4939871428571425
2025-06-01 16:00:00,60.35,79.37,4.2,19.93,24.06,23.34,4.54,0.77,21.28,0.57,1.64,,,0.52,0.59,26.38,54.57,1.5,224.8,0.0,0.0,,,,2025-06-01 16:00:00,16,6,6,72.08,82.19,4.16,19.81,24.1,23.35,4.59,0.77,21.13,0.56,1.63,54.91904183320055,104.48664891864271,4.816087412698412,8.724736893178884,14.92049933730161,12.4345715409734,3.4793895321637467,0.6691344107896751,33.014086984127005,0.6963658475723613,0.7509864047619045
2025-06-02 00:00:00,72.08,82.19,4.16,19.81,24.1,23.35,4.59,0.77,21.13,0.56,1.63,,,0.52,0.59,22.86,82.75,1.03,185.15,0.0,0.0,,,,2025-06-02 00:00:00,0,6,0,45.2,80.42,4.22,19.76,24.1,23.35,4.44,0.77,21.35,0.57,1.64,33.15062343317845,63.19295164900626,4.97196852380952,12.587373015873021,14.368823815323575,12.510988166666651,3.608178055555557,0.6853250518774704,27.65500055555553,0.6474162994987445,1.098839496715926
2025-06-02 08:00:00,45.2,80.42,4.22,19.76,24.1,23.35,4.44,0.77,21.35,0.57,1.64,,,0.52,0.59,27.25,53.48,1.84,235.62,0.0,0.0,,,,2025-06-02 08:00:00,8,6,0,76.27,101.02,4.2,19.79,24.09,23.31,4.48,0.77,21.28,0.57,1.64,77.93490738888879,128.4184763869047,4.849647023809526,8.792429819291815,13.70593694444445,12.814756080433432,3.8257780032679767,0.7634120964682087,30.127801603174593,0.8113533928571428,0.7053277842712832
2025-06-02 16:00:00,76.27,101.02,4.2,19.79,24.09,23.31,4.48,0.77,21.28,0.57,1.64,,,0.52,0.59,24.02,77.77,1.28,163.27,0.0,0.0,,,,2025-06-02 16:00:00,16,6,0,59.9,80.41,4.21,19.88,24.15,23.37,4.62,0.77,21.33,0.57,1.63,29.536215700533656,64.69456610443568,4.902938484126974,14.196933493922854,18.532956357142876,11.955930865079358,4.532245603174598,0.7136452648874178,28.69362606349204,1.029910793650794,1.6259705274725227
2025-06-03 00:00:00,59.9,80.41,4.21,19.88,24.15,23.37,4.62,0.77,21.33,0.57,1.63,,,0.52,0.59,22.69,87.65,1.41,218.58,0.0,0.0,,,,2025-06-03 00:00:00,0,6,1,34.66,64.29,4.29,19.96,23.99,23.35,4.58,0.77,21.62,0.58,1.65,35.5610000532213,67.53498826864205,4.869918285714261,14.257239503663012,22.232854281746047,13.484192388888886,4.592069428571424,0.7848422203939567,27.771404706349184,0.9179602142857144,1.647094666666657
2025-06-03 08:00:00,34.66,64.29,4.29,19.96,23.99,23.35,4.58,0.77,21.62,0.58,1.65,,,0.52,0.59,26.28,62.0,1.68,230.4,0.0,0.0,,,,2025-06-03 08:00:00,8,6,1,45.47,73.22,4.23,19.96,24.1,23.36,4.53,0.77,21.41,0.57,1.65,48.89898114067802,95.39761751589481,4.848068309523813,13.518327511264195,16.40559784541064,13.40669416222322,4.354864409090902,0.82727138282336,31.040723378066374,1.0801243200952861,1.5191614761904688
2025-06-03 16:00:00,45.47,73.22,4.23,19.96,24.1,23.36,4.53,0.77,21.41,0.57,1.65,,,0.52,0.59,25.17,69.64,1.23,182.53,0.0,0.0,,,,2025-06-03 16:00:00,16,6,1,78.32,92.37,4.19,19.95,24.01,23.36,4.58,0.77,21.24,0.56,1.64,34.46927042743651,70.77067482911353,4.918733634920626,14.587333169099086,14.401325459308184,12.949196244317333,5.424049909090912,0.7457464768457376,27.614677396825382,1.2190954343714544,1.5101723571428542
2025-06-04 00:00:00,78.32,92.37,4.19,19.95,24.01,23.36,4.58,0.77,21.24,0.56,1.64,,,0.51,0.59,22.81,82.88,1.17,177.52,0.0,0.0,,,,2025-06-04 00:00:00,0,6,2,44.1,83.99,4.21,19.96,24.11,23.29,4.4,0.72,21.27,0.57,1.64,23.717139920021246,59.56198941374583,4.852149063492051,13.985311106349211,16.62463059126984,13.056767174603166,3.6840699920634905,0.7124154609490737,26.945506857142835,0.6027342142857125,1.2594244776334749
2025-06-04 08:00:00,44.1,83.99,4.21,19.96,24.11,23.29,4.4,0.72,21.27,0.57,1.64,,,0.52,0.59,27.57,52.38,1.84,236.97,0.0,0.0,,,,2025-06-04 08:00:00,8,6,2,55.3,98.94,6.15,25.17,31.42,21.55,4.58,0.65,21.32,0.57,1.64,70.15321767460317,126.53905191071428,4.819171547619051,8.784273771672765,14.600624404761916,12.916472884004857,3.732107600969127,0.6956748012918625,29.84729602308801,0.7984559206349207,0.4807542142857132
2025-06-04 16:00:00,55.3,98.94,6.15,25.17,31.42,21.55,4.58,0.65,21.32,0.57,1.64,,,0.52,0.59,26.3,54.65,1.6,227.52,0.0,0.0,,,,2025-06-04 16:00:00,16,6,2,72.68,100.79,6.19,25.19,31.39,21.5,4.53,0.6,21.42,0.57,1.64,56.736541136705156,113.33956822848786,4.824996269841265,9.136067412698406,15.4374158809524,13.237477358068348,3.5384064667699917,0.702222363892128,30.70549066378064,0.6624628046891237,0.7333702380952376
2025-06-05 00:00:00,72.68,100.79,6.19,25.19,31.39,21.5,4.53,0.6,21.42,0.57,1.64,,,0.51,0.59,22.71,79.46,1.57,187.13,0.0,0.0,,,,2025-06-05 00:00:00,0,6,3,40.63,106.24,4.84,27.06,32.06,22.8,4.53,0.65,21.16,0.57,1.64,49.08728941269839,73.13154128884068,4.8648276666666455,13.84293531735276,22.356065952380977,13.415474333333343,4.67129752380952,0.7651756205373037,28.066296753968253,0.9631364047619034,1.642187999999989
2025-06-05 08:00:00,40.63,106.24,4.84,27.06,32.06,22.8,4.53,0.65,21.16,0.57,1.64,,,0.52,0.59,27.51,48.37,2.19,257.72,0.0,0.0,,,,2025-06-05 08:00:00,8,6,3,101.07,178.08,4.17,28.27,32.32,23.54,4.56,0.77,21.38,0.57,1.64,70.7605679126984,124.15984725992064,4.814881293650791,8.363525669108663,14.60339079761905,12.57350574114772,3.522285146125122,0.7342862420308622,30.944380079365086,0.8861402619047609,0.507594857142856
2025-06-05 16:00:00,101.07,178.08,4.17,28.27,32.32,23.54,4.56,0.77,21.38,0.57,1.64,,,0.52,0.59,26.93,50.58,1.7,210.76,0.0,0.0,,,,2025-06-05 16:00:00,16,6,3,109.32,137.8,4.29,28.1,31.86,23.38,4.57,0.77,21.87,0.55,1.57,68.32046063492066,124.09078513492051,4.813952650793646,8.521960163020154,14.215968297619064,12.40825554563489,3.449880752484279,0.5353163464052292,31.27392916378068,0.6062008015873013,0.6599488556998551
2025-06-06 00:00:00,109.32,137.8,4.29,28.1,31.86,23.38,4.57,0.77,21.87,0.55,1.57,,,0.48,0.54,24.48,73.33,1.68,244.05,0.0,0.0,,,,2025-06-06 00:00:00,0,6,4,28.93,109.51,4.16,28.32,32.32,23.7,4.47,0.66,21.37,0.57,1.65,49.76085094514393,57.36202317027663,4.857425920634905,13.6877801262282,24.04010112043024,13.378345506291751,4.609703259740252,0.7046091193931506,27.476378375795075,0.9505664276265668,1.646241336996329
2025-06-06 08:00:00,28.93,109.51,4.16,28.32,32.32,23.7,4.47,0.66,21.37,0.57,1.65,,,0.52,0.59,28.19,46.05,2.03,251.84,0.0,0.0,,,,2025-06-06 08:00:00,8,6,4,69.48,130.17,4.11,28.2,32.47,23.64,4.57,0.69,21.17,0.57,1.64,77.21286078571428,121.62009337301583,4.804739722222217,7.768428650793646,12.37263716970122,10.992604845043855,3.556759716748772,0.7199680398311014,31.38646750000002,0.817947773809524,0.5016781904761898
2025-06-06 16:00:00,69.48,130.17,4.11,28.2,32.47,23.64,4.57,0.69,21.17,0.57,1.64,,,0.53,0.59,27.03,50.79,1.1,156.53,0.0,0.0,,,,2025-06-06 16:00:00,16,6,4,83.52,101.53,4.15,28.11,32.36,23.62,4.57,0.72,21.33,0.57,1.63,62.81921266666668,117.31775940756296,4.722021738095242,7.251400793650788,9.799157845238085,10.661038692413614,3.2845448866834097,0.5343874724020398,27.787469873015876,0.5713416593406585,0.5112533629703623
2025-06-07 00:00:00,83.52,101.53,4.15,28.11,32.36,23.62,4.57,0.72,21.33,0.57,1.63,,,0.52,0.59,23.69,75.2,1.48,195.06,0.0,0.0,,,,2025-06-07 00:00:00,0,6,5,53.38,74.95,4.21,28.28,32.28,23.34,4.61,0.65,21.55,0.57,1.64,47.263921071938036,68.61304647879523,4.862282166666651,13.604138172753382,24.990216355862792,13.295977007936512,4.690470134920632,0.7205543207879704,29.029503220779194,0.8192084761904745,1.6453248608058506
2025-06-07 08:00:00,53.38,74.95,4.21,28.28,32.28,23.34,4.61,0.65,21.55,0.57,1.64,,,0.52,0.58,24.3,72.15,2.28,251.7,0.0,0.0,,,,2025-06-07 08:00:00,8,6,5,71.78,101.01,4.08,28.46,32.45,23.37,4.58,0.77,21.06,0.56,1.65,32.49615807836578,80.33742616457815,4.859315166666656,14.657747410992371,20.879805912698412,13.916356356276168,4.5884567857142775,0.7622805476645864,28.218196936507933,0.7063622686326156,1.6526152857142788
2025-06-07 16:00:00,71.78,101.01,4.08,28.46,32.45,23.37,4.58,0.77,21.06,0.56,1.65,,,0.53,0.6,24.97,63.52,1.41,216.33,0.0,0.0,,,,2025-06-07 16:00:00,16,6,5,65.59,75.92,4.11,28.18,32.37,23.45,4.56,0.77,21.15,0.56,1.63,37.570575052177034,85.39809285241827,4.9767830178907655,14.719869486572833,15.771408978305523,12.904224703595911,4.807444190893902,0.7762106729503031,39.10820524603173,1.2788731796764121,1.9878091926872803
2025-06-08 00:00:00,65.59,75.92,4.11,28.18,32.37,23.45,4.56,0.77,21.15,0.56,1.63,,,0.52,0.58,23.27,76.49,1.31,191.42,0.0,0.0,,,,2025-06-08 00:00:00,0,6,6,36.5,57.67,4.1,28.03,32.3,23.55,4.57,0.77,21.11,0.56,1.63,24.168513401098934,62.250100395121464,4.849480301587289,14.499584617893225,19.692443619047616,13.644598746031745,4.627360222222217,0.7120641657734745,29.293647539682514,0.7735055714285697,1.6338863809523712
2025-06-08 08:00:00,36.5,57.67,4.1,28.03,32.3,23.55,4.57,0.77,21.11,0.56,1.63,,,0.52,0.59,28.31,47.86,1.97,250.31,0.0,0.0,,,,2025-06-08 08:00:00,8,6,6,38.73,58.13,4.17,28.18,32.25,23.62,4.56,0.77,21.4,0.57,1.64,67.92089903174605,112.05001980952376,4.802782579365074,7.703658190476183,12.14201563703944,10.838790705072713,3.1443612619047654,0.6961310689218931,33.423208690476194,0.8523274642857152,0.4811715238095233
2025-06-08 16:00:00,38.73,58.13,4.17,28.18,32.25,23.62,4.56,0.77,21.4,0.57,1.64,,,0.52,0.59,25.95,63.83,1.21,188.63,0.0,0.0,,,,2025-06-08 16:00:00,16,6,6,38.73,34.01,4.14,28.19,32.35,23.65,4.61,0.77,21.26,0.56,1.63,38.189224263966814,77.92190762549453,4.860179460317462,14.063089720440699,13.385357742063483,12.520937543551103,4.647977409508616,0.6922984419555009,31.28083490476189,0.8010479053136383,1.1840313935309945
2025-06-09 00:00:00,38.73,34.01,4.14,28.19,32.35,23.65,4.61,0.77,21.26,0.56,1.63,,,0.52,0.59,23.38,88.58,1.21,185.3,0.0,0.0,,,,2025-06-09 00:00:00,0,6,0,20.57,46.96,3.47,23.98,27.42,19.73,4.83,0.56,19.43,0.57,1.64,26.65467488289163,71.83835154749929,4.918845738095226,14.278296580745343,19.11453424603175,12.989140071428558,4.547356984126976,0.7471414636797143,27.447144484126945,0.972490833333334,1.6548950476190398
2025-06-09 08:00:00,20.57,46.96,3.47,23.98,27.42,19.73,4.83,0.56,19.43,0.57,1.64,,,0.51,0.59,27.28,55.87,2.23,260.6,0.0,0.0,,,,2025-06-09 08:00:00,8,6,0,38.5,73.88,5.18,20.41,25.59,15.15,4.51,0.66,16.93,0.57,1.64,82.25068486630036,135.49635022023793,4.847541039682537,9.361929620879115,14.352267087301595,12.86311619086366,3.4452123366013123,0.7845397847912461,28.97464346031745,0.7514829404761905,0.5793102142857132
2025-06-09 16:00:00,38.5,73.88,5.18,20.41,25.59,15.15,4.51,0.66,16.93,0.57,1.64,,,0.52,0.59,25.02,66.78,1.86,220.46,0.0,0.0,,,,2025-06-09 16:00:00,16,6,0,46.22,51.0,8.39,20.11,28.49,14.95,4.48,0.72,16.93,0.57,1.63,35.34513822047405,85.49214134456831,4.912755476190471,15.11421580662316,16.129347772437033,12.736773043859225,4.987570115440115,0.7681643894035036,38.041250971371305,1.2300011106183415,1.9896763455727973
2025-06-10 00:00:00,46.22,51.0,8.39,20.11,28.49,14.95,4.48,0.72,16.93,0.57,1.63,,,0.51,0.58,22.97,85.39,1.28,210.96,0.0,0.0,,,,2025-06-10 00:00:00,0,6,1,38.73,86.82,5.19,13.51,13.165,12.24,5.53,0.77,30.66,0.84,1.15,24.841776630722745,59.960786518049154,4.861823777777754,14.425660388888893,20.18049942460319,13.523354174603163,4.54000879365079,0.7345227970909513,27.141215738095223,0.9612355476190478,1.6740533333333245
2025-06-10 08:00:00,38.73,86.82,5.19,13.51,13.165,12.24,5.53,0.77,30.66,0.84,1.15,,,,,24.92,73.16,1.07,,0.0,0.0,,,,2025-06-10 08:00:00,8,6,1,38.73,86.82,5.19,13.51,13.165,12.24,5.53,0.77,30.66,0.84,1.15,38.35162636768764,90.59398391342307,5.183160833333368,13.082359950223603,12.63017640039787,12.023854250447405,4.879195768164073,0.8008106966534874,29.09096361268731,0.8375521849773371,1.0419816383807865
2025-06-10 16:00:00,38.73,86.82,5.19,13.51,13.165,12.24,5.53,0.77,30.66,0.84,1.15,,,,,24.92,73.16,1.07,,0.0,0.0,,,,2025-06-10 16:00:00,16,6,1,38.73,86.82,5.19,13.51,13.165,12.24,5.53,0.77,30.66,0.84,1.15,38.466396544281785,89.01679209993404,5.184004928571463,13.150527942287098,12.773010048874417,12.045606472669622,4.893680387211694,0.79071542823559,29.9600683111,0.8397140516810844,1.0995309850098876
2025-06-11 00:00:00,38.73,86.82,5.19,13.51,13.165,12.24,5.53,0.77,30.66,0.84,1.15,,,,,24.92,73.16,1.07,,0.0,0.0,,,,2025-06-11 00:00:00,0,6,2,29.38,62.43,5.19,13.51,13.165,12.24,4.42,0.52,30.66,0.57,1.64,44.91328055057478,100.66529895191148,4.789256047619048,8.402214641812618,8.986215390140762,11.040722477552752,5.516542312188457,0.8534654394739473,32.09112638835556,0.8458903995847703,1.0392885529095617
2025-06-11 08:00:00,29.38,62.43,5.19,13.51,13.165,12.24,4.42,0.52,30.66,0.57,1.64,,,0.52,0.59,27.41,56.15,2.37,270.63,0.0,0.0,,,,2025-06-11 08:00:00,8,6,2,63.78,88.95,5.19,13.51,13.165,12.24,4.54,0.57,30.66,0.57,1.64,72.69752394566547,131.12424406109014,4.81483996031746,9.467322763736263,15.461220753968258,12.816876650112745,3.524054860410837,0.7395417100306958,29.312272365079345,0.5897620259740257,0.6752430714285695
2025-06-11 16:00:00,63.78,88.95,5.19,13.51,13.165,12.24,4.54,0.57,30.66,0.57,1.64,,,0.52,0.59,23.95,82.48,1.23,208.8,0.0,0.0,,,,2025-06-11 16:00:00,16,6,2,27.9,36.09,5.19,13.51,13.165,12.24,4.69,0.59,30.66,0.57,1.63,32.13896862367057,61.39966734631015,4.859835412698409,14.349179294484856,17.347444393869303,12.413652793650781,4.5773325793650805,0.7074730885692196,26.554723190476157,1.11119563293651,1.617947725885221
2025-06-12 00:00:00,27.9,36.09,5.19,13.51,13.165,12.24,4.69,0.59,30.66,0.57,1.63,,,0.52,0.59,22.93,87.27,1.19,204.37,0.0,0.0,,,,2025-06-12 00:00:00,0,6,3,20.45,37.36,5.19,13.51,13.165,12.24,4.61,0.59,30.66,0.57,1.64,21.90547375061334,61.45335451198161,4.852693563492043,14.324363484126993,18.887345615079372,13.739559936507927,4.31921923809524,0.7327398047325852,25.83247352380953,0.7466954523809495,1.5649715670995636
2025-06-12 08:00:00,20.45,37.36,5.19,13.51,13.165,12.24,4.61,0.59,30.66,0.57,1.64,,,0.52,0.6,26.29,64.31,1.76,245.23,0.0,0.0,,,,2025-06-12 08:00:00,8,6,3,21.79,31.81,5.19,13.51,13.165,12.24,4.43,0.56,30.66,0.57,1.64,49.630495624585805,99.22728598642159,4.843340928571432,14.622826126998993,16.814986040439898,13.501251153318107,4.824456813852807,0.7559945197877432,30.52451952046783,0.931498653428618,1.5378340714285634
2025-06-12 16:00:00,21.79,31.81,5.19,13.51,13.165,12.24,4.43,0.56,30.66,0.57,1.64,,,0.52,0.59,25.3,64.76,1.44,227.73,0.0,0.0,,,,2025-06-12 16:00:00,16,6,3,38.66,29.85,5.19,13.51,13.165,12.24,4.63,0.51,30.66,0.56,1.63,42.09920480817975,97.69977412252163,4.8267200476190375,14.98908935918388,17.51491118811796,13.010464468984084,4.8654681233766235,0.7543774341180994,30.878530206349197,0.8447027131776497,1.5704757619047571
2025-06-13 00:00:00,38.66,29.85,5.19,13.51,13.165,12.24,4.63,0.51,30.66,0.56,1.63,,,0.52,0.59,23.03,82.52,1.17,197.28,0.0,0.0,,,,2025-06-13 00:00:00,0,6,4,23.57,39.21,4.06,28.34,32.71,24.0,4.61,0.59,17.17,0.57,1.64,20.83720275039787,55.95639157007827,4.846690801587284,14.031702729004339,17.11229460714287,13.542746579365074,3.876205669108671,0.6784403726186164,27.538383896825398,0.6477287777777758,1.3643912395382374
2025-06-13 08:00:00,23.57,39.21,4.06,28.34,32.71,24.0,4.61,0.59,17.17,0.57,1.64,,,0.52,0.6,26.16,63.59,1.69,241.4,0.0,0.0,,,,2025-06-13 08:00:00,8,6,4,24.19,51.54,4.14,28.21,32.22,23.44,4.51,0.6,16.99,0.57,1.64,42.4421637629627,81.23981736313185,4.8671113571428615,14.58255518417002,17.000089131709746,13.330365433351902,4.696161409090905,0.711327350702549,31.094372144565984,1.2739366534286225,1.5741934523809435
2025-06-13 16:00:00,24.19,51.54,4.14,28.21,32.22,23.44,4.51,0.6,16.99,0.57,1.64,,,0.52,0.59,24.0,84.3,1.17,189.05,0.0,0.0,,,,2025-06-13 16:00:00,16,6,4,21.8,28.7,4.12,28.08,32.47,23.58,4.6,0.57,16.99,0.57,1.63,29.949779631047864,61.802708624251586,4.855741198412698,13.927526663275707,16.791809695456596,12.678846269841255,3.928366563492063,0.6597282784211012,28.67828730952378,0.6289581011904739,1.3038021032357976
2025-06-14 00:00:00,21.8,28.7,4.12,28.08,32.47,23.58,4.6,0.57,16.99,0.57,1.63,,,0.51,0.58,22.96,86.05,1.01,211.11,0.0,0.0,,,,2025-06-14 00:00:00,0,6,5,20.61,32.14,4.12,28.15,32.41,23.5,4.55,0.62,16.99,0.57,1.64,26.6286173601639,60.54840027618614,4.85372865873014,13.325257539682548,14.573426482683987,13.36568861904761,2.991734436147186,0.6915583127396496,28.928658333333306,0.7328656825396787,1.3203493095238057
2025-06-14 08:00:00,20.61,32.14,4.12,28.15,32.41,23.5,4.55,0.62,16.99,0.57,1.64,,,0.51,0.59,25.47,69.77,1.54,243.85,0.0,0.0,,,,2025-06-14 08:00:00,8,6,5,16.33,27.29,4.17,28.27,32.32,23.51,4.74,0.62,16.99,0.57,1.64,35.93702159880889,77.17715954241066,5.024568222222209,15.143883655448107,18.009375002627813,12.770202099997308,5.169244556277055,0.7715212802564956,29.866095730158708,0.7883941650892985,1.555559714285707
2025-06-14 16:00:00,16.33,27.29,4.17,28.27,32.32,23.51,4.74,0.62,16.99,0.57,1.64,,,0.51,0.59,23.48,76.34,1.19,213.52,0.0,0.0,,,,2025-06-14 16:00:00,16,6,5,16.09,18.78,4.13,28.18,32.34,23.48,4.49,0.8,16.99,0.57,1.64,23.15224469805247,59.062355592633686,4.852922238095226,14.416781137734496,17.01208412026863,12.999430214285695,4.287180804029302,0.7152674830502547,27.494518976190452,0.6925184761904742,1.2194255731524961
2025-06-15 00:00:00,16.09,18.78,4.13,28.18,32.34,23.48,4.49,0.8,16.99,0.57,1.64,,,0.52,0.59,22.28,83.89,1.21,188.53,0.0,0.0,,,,2025-06-15 00:00:00,0,6,6,14.76,28.6,4.16,28.15,32.29,23.44,4.43,0.72,16.99,0.57,1.64,27.564605578830157,64.86910693381971,4.85244053968252,14.397993873015885,18.264556555555554,13.554465388888882,4.601591428571429,0.7425720883014754,26.783971325396802,0.923912309523809,1.5512836666666583
2025-06-15 08:00:00,14.76,28.6,4.16,28.15,32.29,23.44,4.43,0.72,16.99,0.57,1.64,,,0.52,0.59,25.55,66.42,1.39,247.9,0.0,0.0,,,,2025-06-15 08:00:00,8,6,6,18.18,25.81,4.18,28.11,32.35,23.47,4.58,0.59,16.99,0.57,1.64,34.24740381763212,74.90444508419507,4.861322793650791,14.765001605825006,16.409093149012612,13.606447056474716,4.863822369408364,0.7431120387570386,32.11124786507934,0.7288854577580653,1.5325540238095177
2025-06-15 16:00:00,18.18,25.81,4.18,28.11,32.35,23.47,4.58,0.59,16.99,0.57,1.64,,,0.53,0.59,23.64,70.56,1.26,226.1,0.0,0.0,,,,2025-06-15 16:00:00,16,6,6,26.36,29.34,4.16,28.25,32.22,23.64,4.61,0.58,16.99,0.57,1.63,23.895249035952588,69.80672973628158,4.860462293650784,14.81242347646246,16.994779718254,13.36458192857143,4.500967777777772,0.6906503493834787,27.913002261904747,0.6514162002341904,1.6276333211233156
2025-06-16 00:00:00,26.36,29.34,4.16,28.25,32.22,23.64,4.61,0.58,16.99,0.57,1.63,,,0.51,0.58,22.27,82.07,1.08,204.23,0.0,0.0,,,,2025-06-16 00:00:00,0,6,0,20.64,33.05,4.12,28.24,32.37,23.48,4.62,0.57,16.99,0.57,1.64,35.29787732051279,66.52353700651197,4.936923523809519,12.912536031746049,16.24524671031746,12.276143111111098,3.5360508492063496,0.6941937529785016,28.039636246031723,0.6076735137844593,0.8876238749999982
2025-06-16 08:00:00,20.64,33.05,4.12,28.24,32.37,23.48,4.62,0.57,16.99,0.57,1.64,,,0.52,0.59,25.48,60.29,1.72,239.58,0.0,0.0,,,,2025-06-16 08:00:00,8,6,0,22.56,39.36,4.17,28.2,32.32,23.49,4.58,0.52,16.99,0.57,1.64,43.74232190175247,96.75510738261399,4.859278515873016,12.996360827164102,17.212438009084664,13.050575760576931,3.694869106442574,0.7288149735823186,31.337888901875903,0.729681856588941,1.1559472380952367
2025-06-16 16:00:00,22.56,39.36,4.17,28.2,32.32,23.49,4.58,0.52,16.99,0.57,1.64,,,0.52,0.59,24.44,64.85,1.54,225.11,0.0,0.0,,,,2025-06-16 16:00:00,16,6,0,30.23,36.28,4.11,28.17,32.52,23.56,4.59,0.52,16.99,0.56,1.64,38.324633551371015,88.7839978345371,4.9065905873015785,14.921981017588005,20.092413104978366,12.806996990482707,4.285683873015869,0.6982428433568981,28.654880119047604,0.8053972578471446,1.6327696227106174
2025-06-17 00:00:00,30.23,36.28,4.11,28.17,32.52,23.56,4.59,0.52,16.99,0.56,1.64,,,0.52,0.59,22.76,85.03,1.18,189.76,0.0,0.0,,,,2025-06-17 00:00:00,0,6,1,22.04,30.82,4.14,28.23,32.4,23.61,4.65,0.65,16.99,0.57,1.64,25.515767372402184,63.16248061451241,4.862173611111093,14.202205976190477,17.42663482936509,13.07114331746031,3.9881185634920615,0.7493340769597028,25.906058253968222,0.6771638015872995,1.489361989177486
2025-06-17 08:00:00,22.04,30.82,4.14,28.23,32.4,23.61,4.65,0.65,16.99,0.57,1.64,,,0.51,0.59,25.58,67.6,1.48,232.38,0.0,0.0,,,,2025-06-17 08:00:00,8,6,1,19.93,36.72,4.18,28.2,32.28,23.53,4.54,0.58,16.99,0.57,1.64,38.22171218998739,73.29239048237878,4.837125134920635,14.837580148430368,16.86990009028245,13.676395657630593,4.791832996392489,0.7234565289904011,29.59741973015871,0.6800180075416156,1.562667619047611
2025-06-17 16:00:00,19.93,36.72,4.18,28.2,32.28,23.53,4.54,0.58,16.99,0.57,1.64,,,0.52,0.58,24.54,68.88,1.46,230.36,0.0,0.0,,,,2025-06-17 16:00:00,16,6,1,39.66,43.81,4.13,28.18,32.29,23.71,4.58,0.52,16.99,0.56,1.63,39.522552432233375,74.098902379423,4.869883317460314,15.067725337613986,19.267787951498526,12.665632242691517,4.7810891904761945,0.7113810079226495,28.269876645743143,0.957026401719279,1.6341214798534742
2025-06-18 00:00:00,39.66,43.81,4.13,28.18,32.29,23.71,4.58,0.52,16.99,0.56,1.63,,,0.52,0.59,22.45,85.93,0.94,201.97,0.0,0.0,,,,2025-06-18 00:00:00,0,6,2,21.66,43.28,4.37,29.57,33.79,23.45,4.53,0.58,16.99,0.57,1.64,29.970961451577562,72.49772358862457,4.808621365079366,8.827491785714287,9.282680697841553,11.487341261904747,2.987178861111111,0.7182827982052724,25.911112662337644,0.800270593149536,1.0481997619047598
2025-06-18 08:00:00,21.66,43.28,4.37,29.57,33.79,23.45,4.53,0.58,16.99,0.57,1.64,,,0.52,0.59,26.23,61.83,1.58,239.78,0.0,0.0,,,,2025-06-18 08:00:00,8,6,2,21.3,47.2,5.17,34.14,39.3,26.54,4.55,0.63,16.99,0.57,1.64,48.219560344480506,100.72667123484779,4.8604595396825445,13.261246877939383,16.31250451683921,13.656530433424454,4.230669523809517,0.8299842861401823,31.32064984126983,1.3339796534286217,1.5062684999999931
2025-06-18 16:00:00,21.3,47.2,5.17,34.14,39.3,26.54,4.55,0.63,16.99,0.57,1.64,,,0.52,0.59,24.12,76.92,1.04,193.61,0.0,0.0,,,,2025-06-18 16:00:00,16,6,2,29.76,43.34,5.12,34.19,39.4,26.58,4.52,0.61,16.99,0.56,1.63,35.408215151163525,73.13674200727318,4.8696032698412735,13.083253580086586,13.023280607476412,12.258280214285701,3.756380714285711,0.6792669341333825,26.849117166666627,0.553677547619046,1.0244633282163875
2025-06-19 00:00:00,29.76,43.34,5.12,34.19,39.4,26.58,4.52,0.61,16.99,0.56,1.63,,,0.52,0.59,22.68,87.25,1.21,215.27,0.0,0.0,,,,2025-06-19 00:00:00,0,6,3,17.73,45.83,3.72,23.83,27.56,20.54,4.5,0.52,17.19,0.56,1.64,23.77064804792713,62.559471475748765,4.860304325396802,14.466896976190482,19.07015411507937,13.677648555555546,4.581328174603173,0.7643243235138085,25.551212849206358,0.8845209285714282,1.64326023809523
2025-06-19 08:00:00,17.73,45.83,3.72,23.83,27.56,20.54,4.5,0.52,17.19,0.56,1.64,,,0.52,0.59,26.76,56.12,1.81,243.41,0.0,0.0,,,,2025-06-19 08:00:00,8,6,3,25.99,53.07,2.77,16.72,19.52,16.5,4.45,0.58,30.66,0.57,1.64,74.00650833455434,127.5206767440475,4.825634253968256,9.289475608374378,14.273172051587318,12.736692820032735,3.7169925295405553,0.7471790533235142,30.107496531746047,0.9392886388888879,0.9976219033189022
2025-06-19 16:00:00,25.99,53.07,2.77,16.72,19.52,16.5,4.45,0.58,30.66,0.57,1.64,,,0.53,0.58,25.45,60.33,1.38,211.69,0.0,0.0,,,,2025-06-19 16:00:00,16,6,3,35.41,52.14,2.77,16.72,19.63,16.69,4.42,0.66,30.66,0.57,1.63,45.865236154869486,97.6403540738663,4.828723555555543,12.647764023766404,16.100252544617007,13.076692168646924,3.8364823846380607,0.734726325448558,34.18823226984128,0.7187126756653245,1.188168595238095
2025-06-20 00:00:00,35.41,52.14,2.77,16.72,19.63,16.69,4.42,0.66,30.66,0.57,1.63,,,0.51,0.59,22.8,84.16,1.2,170.71,0.0,0.0,,,,2025-06-20 00:00:00,0,6,4,18.3,45.04,2.79,16.74,19.7,16.57,4.59,0.59,30.66,0.57,1.64,22.750785327428652,58.86035198454459,4.855795944444421,14.402564134920642,17.903030892857135,13.590380293650787,4.407660050061052,0.7459338394003227,26.163668357142843,0.8007361984126975,1.5686213809523735
2025-06-20 08:00:00,18.3,45.04,2.79,16.74,19.7,16.57,4.59,0.59,30.66,0.57,1.64,,,0.51,0.59,27.45,52.49,1.89,241.93,0.0,0.0,,,,2025-06-20 08:00:00,8,6,4,31.25,54.66,2.77,16.82,19.59,16.48,4.47,0.63,30.66,0.57,1.64,67.15412419841272,121.22701106944444,4.811146246031746,8.419136425834692,14.360266273809541,12.377654979242958,4.0402595136675385,0.7098417296967905,30.295971722222255,0.8649567619047612,0.5241440476190466
2025-06-20 16:00:00,31.25,54.66,2.77,16.82,19.59,16.48,4.47,0.63,30.66,0.57,1.64,,,0.52,0.59,25.88,59.26,1.43,236.97,0.0,0.0,,,,2025-06-20 16:00:00,16,6,4,40.24,43.32,2.84,16.65,19.48,16.62,4.53,0.62,30.66,0.57,1.63,45.74131389705287,97.56951414923289,4.858578841269836,12.311839543614994,16.07793330255351,12.486525610924133,3.967658932257111,0.7308127528358175,31.294294126984138,0.674024591349965,1.2182854047619038
2025-06-21 00:00:00,40.24,43.32,2.84,16.65,19.48,16.62,4.53,0.62,30.66,0.57,1.63,,,0.51,0.59,23.08,82.03,1.51,234.72,0.0,0.0,,,,2025-06-21 00:00:00,0,6,5,23.26,48.72,2.8,16.69,19.53,16.52,4.53,0.57,19.06,0.57,1.64,47.666776573005905,62.02211114076702,4.851880373015852,13.746946446509048,22.70588880158731,13.602181603174607,4.603186111111112,0.7383417179327882,28.926748087301583,0.9163719285714276,1.6410533333333233
2025-06-21 08:00:00,23.26,48.72,2.8,16.69,19.53,16.52,4.53,0.57,19.06,0.57,1.64,,,0.52,0.59,27.17,52.63,1.85,241.85,0.0,0.0,,,,2025-06-21 08:00:00,8,6,5,31.15,56.05,2.79,16.87,19.62,16.51,4.39,0.58,18.34,0.57,1.65,68.90906382539677,124.1148834980158,4.812150087301589,8.406044949644215,13.930362559523832,12.299421366147715,3.8600249184294437,0.7157237816163939,31.05035738888892,1.0788333912231558,0.6976707128427123
2025-06-21 16:00:00,31.15,56.05,2.79,16.87,19.62,16.51,4.39,0.58,18.34,0.57,1.65,,,0.52,0.59,25.73,57.53,1.92,241.2,0.0,0.0,,,,2025-06-21 16:00:00,16,6,5,44.72,48.93,2.75,16.83,19.62,16.45,4.51,0.64,30.66,0.56,1.64,43.954072832797436,94.05026284806682,4.846244222222219,9.469712584564851,16.09253050875673,12.237596343492086,3.9021811619981297,0.7421995925534632,32.12832005555558,0.9052433452380931,1.312745166666667
2025-06-22 00:00:00,44.72,48.93,2.75,16.83,19.62,16.45,4.51,0.64,30.66,0.56,1.64,,,0.52,0.58,23.06,80.22,1.39,229.11,0.0,0.0,,,,2025-06-22 00:00:00,0,6,6,22.34,40.62,2.77,16.78,19.54,16.49,4.57,0.57,30.66,0.57,1.64,30.219172873848404,58.29709597815905,4.845772380952366,14.151022602020214,20.856387912698416,13.589282912698417,4.6189965396825405,0.7419156378352074,28.633821833333318,1.0608572619047614,1.6587083333333232
2025-06-22 08:00:00,22.34,40.62,2.77,16.78,19.54,16.49,4.57,0.57,30.66,0.57,1.64,,,0.52,0.59,26.42,58.65,1.75,237.74,0.0,0.0,,,,2025-06-22 08:00:00,8,6,6,24.14,44.49,2.81,16.68,19.37,16.53,4.69,0.68,30.66,0.57,1.64,55.78101458920583,100.89118879365071,4.825626095238096,10.694830267465294,16.116799353968283,12.39053347901754,3.9379170158730132,0.7139738868867197,33.45534941269844,0.7729253134920624,1.1889412619047612
2025-06-22 16:00:00,24.14,44.49,2.81,16.68,19.37,16.53,4.69,0.68,30.66,0.57,1.64,,,0.51,0.59,23.8,75.3,1.14,194.03,0.0,0.0,,,,2025-06-22 16:00:00,16,6,6,23.1,27.16,2.8,16.65,19.42,16.45,4.6,0.62,30.66,0.57,1.63,25.788115438120574,58.950093126491566,4.844565642857141,12.64717686904762,15.668327925030527,12.759064976190453,3.9402866984127,0.657392286029679,28.512708119047588,0.5767466793650775,0.9874221814507202
2025-06-23 00:00:00,23.1,27.16,2.8,16.65,19.42,16.45,4.6,0.62,30.66,0.57,1.63,,,0.51,0.58,22.73,80.61,1.08,208.23,0.0,0.0,,,,2025-06-23 00:00:00,0,6,0,16.8,41.85,3.74,21.91,25.86,20.27,4.63,0.71,30.66,0.57,1.64,28.936905574481077,58.69334507082043,4.953246142857136,12.871354642857156,16.104988091269842,12.317071992063484,3.711041587301588,0.6947317609192307,27.21549741269838,0.5604753233082693,1.1768586491702722
2025-06-23 08:00:00,16.8,41.85,3.74,21.91,25.86,20.27,4.63,0.71,30.66,0.57,1.64,,,0.52,0.59,26.08,56.26,1.71,239.91,0.0,0.0,,,,2025-06-23 08:00:00,8,6,0,31.5,61.0,4.53,26.01,30.28,23.31,4.55,0.55,30.66,0.57,1.64,46.5768108218247,114.28270554902814,4.92828594444445,9.669625549450545,15.140514746031759,13.050921734178788,3.434794503267979,0.740423775151575,30.05551637806638,0.7356302131140328,0.9048601731601724
2025-06-23 16:00:00,31.5,61.0,4.53,26.01,30.28,23.31,4.55,0.55,30.66,0.57,1.64,,,0.52,0.59,25.0,59.04,1.65,228.23,0.0,0.0,,,,2025-06-23 16:00:00,16,6,0,37.66,42.63,4.5,25.8,30.57,23.09,4.54,0.62,30.66,0.56,1.63,44.50102426634629,101.53316428440735,4.945604466904716,11.195906710781149,15.01178583043689,12.754967139200309,3.7686486064425755,0.7332809819773454,38.6880191880141,1.107215533423879,1.6882967491207896
2025-06-24 00:00:00,37.66,42.63,4.5,25.8,30.57,23.09,4.54,0.62,30.66,0.56,1.63,,,0.52,0.58,22.94,79.33,1.09,191.75,0.0,0.0,,,,2025-06-24 00:00:00,0,6,1,28.06,55.31,4.99,31.79,37.16,24.78,4.62,0.68,16.48,0.57,1.64,25.924916397680338,63.38857852341817,4.8590890714285555,12.288565666666672,16.120549654761906,12.975704460317449,3.85748718253968,0.6895099380770412,25.857525111111098,0.5888509741019196,1.1803417378666
2025-06-24 08:00:00,28.06,55.31,4.99,31.79,37.16,24.78,4.62,0.68,16.48,0.57,1.64,,,0.53,0.59,25.79,60.83,1.58,229.09,0.0,0.0,,,,2025-06-24 08:00:00,8,6,1,36.93,59.9,5.37,36.59,42.39,26.73,4.6,0.63,16.48,0.57,1.63,47.18442929542094,96.94415228646633,4.865573333333337,12.6220184570294,16.419158178743974,13.448886198386187,4.051813915966384,0.7438035225901176,31.183141365079376,0.6239110156478899,1.1445525476190452
2025-06-24 16:00:00,36.93,59.9,5.37,36.59,42.39,26.73,4.6,0.63,16.48,0.57,1.63,,,0.52,0.59,24.56,66.79,1.49,224.2,0.0,0.0,,,,2025-06-24 16:00:00,16,6,1,38.73,86.82,5.39,36.79,42.31,26.43,4.56,0.68,16.48,0.57,1.63,40.579826869918676,76.03481619669671,4.868330444444442,15.096745748158359,19.241397685930757,12.57620990935818,4.6290724761904745,0.7054437911948818,28.37435805844155,0.9793473937827707,1.6348409084249031
2025-06-25 00:00:00,38.73,86.82,5.39,36.79,42.31,26.43,4.56,0.68,16.48,0.57,1.63,,,0.52,0.58,22.9,81.46,1.33,212.08,0.0,0.0,,,,2025-06-25 00:00:00,0,6,2,24.07,48.71,5.41,36.64,42.1,26.64,4.57,0.58,16.48,0.57,1.63,23.47524065018317,56.58898213617801,4.858653317460298,14.481629033644143,19.654743043650807,13.427415388888884,4.548441357142854,0.7384599424454221,28.053518880952357,0.9365356428571422,1.6773686666666565
2025-06-25 08:00:00,24.07,48.71,5.41,36.64,42.1,26.64,4.57,0.58,16.48,0.57,1.63,,,0.52,0.59,25.77,62.74,1.69,240.6,0.0,0.0,,,,2025-06-25 08:00:00,8,6,2,32.24,52.24,5.37,36.89,42.41,26.92,4.47,0.58,30.66,0.57,1.64,49.77545504303879,91.81299312190369,4.8565231111111125,13.629667098565788,16.549560923153916,13.436705718034627,4.604168845598836,0.7201196317290768,31.143546247740556,0.8158573189328391,1.4578984761904694
2025-06-25 16:00:00,32.24,52.24,5.37,36.89,42.41,26.92,4.47,0.58,30.66,0.57,1.64,,,0.52,0.6,24.52,69.06,1.56,230.93,0.0,0.0,,,,2025-06-25 16:00:00,16,6,2,36.0,41.52,5.4,36.76,42.67,26.5,4.43,0.51,30.66,0.57,1.63,42.255424268860175,77.95649603650257,4.874845499999998,15.110864963519395,19.889173808320066,12.687967007464188,4.794536206349208,0.75243356558585,27.783190309523796,0.8371143699732467,1.642166083028077
2025-06-26 00:00:00,36.0,41.52,5.4,36.76,42.67,26.5,4.43,0.51,30.66,0.57,1.63,,,0.52,0.59,22.8,84.1,1.1,195.77,0.0,0.0,,,,2025-06-26 00:00:00,0,6,3,21.64,53.38,4.58,30.52,35.02,22.4,4.66,0.6,17.77,0.57,1.64,22.917493121079445,56.73237087925242,4.8573069682539485,13.016656365079363,16.900332210317455,13.501772746031738,4.007585851648352,0.7008176978600157,25.956761676046163,0.6218594106098551,1.4458715173160137
2025-06-26 08:00:00,21.64,53.38,4.58,30.52,35.02,22.4,4.66,0.6,17.77,0.57,1.64,,,0.52,0.59,26.51,60.42,1.54,231.25,0.0,0.0,,,,2025-06-26 08:00:00,8,6,3,36.15,69.15,4.1,26.18,30.44,19.65,4.59,0.58,17.77,0.57,1.63,67.44688403968259,107.87547733308803,4.832811095238099,12.49560370700124,16.338372905728107,13.447020851676191,4.098604170352348,0.7213351169231307,33.46959698412701,0.7308573214285703,1.1782314285714273
2025-06-26 16:00:00,36.15,69.15,4.1,26.18,30.44,19.65,4.59,0.58,17.77,0.57,1.63,,,0.52,0.59,25.1,66.5,1.36,217.02,0.0,0.0,,,,2025-06-26 16:00:00,16,6,3,33.59,53.33,4.15,26.45,31.04,19.64,4.61,0.63,17.77,0.57,1.63,38.54101363688919,79.47035206010146,4.832502333333321,14.66380081273067,15.678472178243005,12.753816547800508,5.009985488455992,0.8107569861868795,35.64953833500413,1.128852945441274,1.634819945477197
2025-06-27 00:00:00,33.59,53.33,4.15,26.45,31.04,19.64,4.61,0.63,17.77,0.57,1.63,,,0.53,0.58,22.89,81.33,1.12,218.83,0.0,0.0,,,,2025-06-27 00:00:00,0,6,4,20.51,52.57,4.14,26.11,30.39,19.45,3.82,0.62,17.28,0.57,1.63,20.535034299270038,53.011791273257394,4.845544325396809,13.155366825396829,16.46860970238095,13.61357038888888,4.042838192918195,0.6686011486742858,26.63363137301587,0.5986218888888868,1.2610519728070977
2025-06-27 08:00:00,20.51,52.57,4.14,26.11,30.39,19.45,3.82,0.62,17.28,0.57,1.63,,,0.52,0.59,25.44,63.84,1.71,244.1,0.0,0.0,,,,2025-06-27 08:00:00,8,6,4,32.99,86.82,4.16,26.32,30.72,19.68,4.42,0.51,16.72,0.57,1.64,42.51265554081236,84.05284936358363,4.825792738095236,15.019927491700244,17.785360525542483,12.727139274717974,4.800177551948049,0.725025945826096,31.38468528742312,0.9058627008035838,1.5307470714285634
2025-06-27 16:00:00,32.99,86.82,4.16,26.32,30.72,19.68,4.42,0.51,16.72,0.57,1.64,,,0.52,0.59,24.88,67.05,1.56,239.95,0.0,0.0,,,,2025-06-27 16:00:00,16,6,4,45.55,86.82,4.13,26.23,30.39,19.51,4.53,0.49,30.66,0.57,1.63,31.724443379086967,80.85826549859384,5.405255840751635,15.114609557893843,16.13701380835975,12.307491142654595,5.7953043250445635,0.8104990308100019,38.91732100825102,0.826172567846212,1.9623131273010601
2025-06-28 00:00:00,45.55,86.82,4.13,26.23,30.39,19.51,4.53,0.49,30.66,0.57,1.63,,,0.52,0.59,22.94,81.52,1.23,197.46,0.0,0.0,,,,2025-06-28 00:00:00,0,6,5,24.02,86.82,4.13,26.26,30.41,19.63,4.55,0.76,30.66,0.57,1.64,20.821965584984326,52.86240180750473,4.8522941825396595,14.448038657575768,18.488508341269846,13.64277296031746,4.562716288156288,0.7091019807383036,26.614090817460294,0.9428093571428564,1.664007333333324
2025-06-28 08:00:00,24.02,86.82,4.13,26.26,30.41,19.63,4.55,0.76,30.66,0.57,1.64,,,0.52,0.59,26.37,60.18,1.22,232.42,0.0,0.0,,,,2025-06-28 08:00:00,8,6,5,44.09,86.82,4.13,26.21,30.58,19.6,4.58,0.62,30.66,0.57,1.64,54.49844313583883,109.39117700605725,4.735076912698416,11.551724689500054,12.836453702380945,12.056155043849955,3.7283282417809187,0.7102397491696324,33.150577484126984,0.6046964431153635,0.9345831355311359
2025-06-28 16:00:00,44.09,86.82,4.13,26.21,30.58,19.6,4.58,0.62,30.66,0.57,1.64,,,0.52,0.59,25.02,64.84,1.35,212.99,0.0,0.0,,,,2025-06-28 16:00:00,16,6,5,51.64,86.82,4.1,26.4,30.38,19.54,4.52,0.53,30.66,0.57,1.63,37.15824266353508,83.85080897723162,4.903632573446324,14.578233751540989,15.564897928070476,12.768483616677846,4.9629557741702754,0.7726992401943821,38.57344975136558,1.192198912786065,1.9801522014619417
2025-06-29 00:00:00,51.64,86.82,4.1,26.4,30.38,19.54,4.52,0.53,30.66,0.57,1.63,,,0.52,0.58,22.77,82.94,1.21,206.03,0.0,0.0,,,,2025-06-29 00:00:00,0,6,6,23.3,86.82,4.07,26.46,30.62,19.91,4.51,0.56,17.49,0.57,1.64,23.10835722954505,56.585775160095956,4.851576492063474,14.518740677777789,18.35038634126984,13.548727246031746,4.595102079365077,0.7480026020374687,27.048914880952356,0.8344652936507929,1.588461999999992
2025-06-29 08:00:00,23.3,86.82,4.07,26.46,30.62,19.91,4.51,0.56,17.49,0.57,1.64,,,0.52,0.59,26.97,51.25,1.84,239.6,0.0,0.0,,,,2025-06-29 08:00:00,8,6,6,35.84,86.82,4.14,26.6,30.51,19.61,4.57,0.59,16.87,0.57,1.64,71.72616551587298,123.8154422936507,4.813496849206349,8.444247727421992,13.979729884920658,12.298034366147718,3.471453166666671,0.7404044482830605,33.00450891269843,0.8903447245564885,0.7296154747474745
2025-06-29 16:00:00,35.84,86.82,4.14,26.6,30.51,19.61,4.57,0.59,16.87,0.57,1.64,,,0.52,0.59,25.66,54.87,1.72,229.22,0.0,0.0,,,,2025-06-29 16:00:00,16,6,6,46.1,86.82,4.1,26.33,30.43,19.73,4.58,0.62,30.66,0.56,1.63,44.45085243187862,92.44897238374831,4.85896022222222,8.814610047619038,15.326390255521098,12.208545586484945,3.5635412539682565,0.70536240244079,33.0562865793651,0.6135703308329145,0.8013498636363626
2025-06-30 00:00:00,46.1,86.82,4.1,26.33,30.43,19.73,4.58,0.62,30.66,0.56,1.63,,,0.52,0.59,22.42,79.25,1.6,241.22,0.0,0.0,,,,2025-06-30 00:00:00,0,6,0,24.05,83.6,4.66,29.3,33.91,20.86,4.51,0.59,16.31,0.58,1.63,48.708121095238134,78.80252604202367,4.920669865079348,13.691562360028865,22.358527650793665,12.665898293650782,4.595432826839825,0.7576092722543267,28.72597435714284,1.0458554523809522,1.6505819999999907
2025-06-30 08:00:00,24.05,83.6,4.66,29.3,33.91,20.86,4.51,0.59,16.31,0.58,1.63,,,0.52,0.59,27.11,50.7,1.76,234.88,0.0,0.0,,,,2025-06-30 08:00:00,8,6,0,37.77,80.79,5.44,35.03,40.71,23.9,4.54,0.64,16.07,0.57,1.64,78.33214105555551,130.56140156150798,4.855998182539687,8.807614295482288,13.783249277777786,12.742207556623908,3.513471027077501,0.7307842403687526,30.937460984126968,0.9020519563492063,0.7299516414141406
2025-06-30 16:00:00,37.77,80.79,5.44,35.03,40.71,23.9,4.54,0.64,16.07,0.57,1.64,,,0.52,0.59,25.85,55.95,1.71,235.33,0.0,0.0,,,,2025-06-30 16:00:00,16,6,0,42.72,66.18,5.46,35.08,40.95,23.79,4.53,0.66,16.07,0.56,1.63,47.31764913799127,110.0244628613976,4.867283388888886,9.712967549450546,15.677537674603192,13.015084511790542,3.4554458452593204,0.7071993795671708,30.320525759018754,0.5638112094510286,0.9571403636363631
2025-07-01 00:00:00,42.72,66.18,5.46,35.08,40.95,23.79,4.53,0.66,16.07,0.56,1.63,,,0.52,0.58,22.88,76.81,1.5,214.48,0.0,0.0,,,,2025-07-01 00:00:00,0,7,1,23.08,52.94,3.46,22.08,25.56,19.57,4.59,0.61,18.33,0.57,1.64,45.32001524343222,66.40709727958406,6.049778293650802,14.955645963492074,23.382370210317486,10.394225984126946,7.459564857142858,0.7084592245257247,27.83679850793649,0.8331694285714271,1.6721043333333236
2025-07-01 08:00:00,23.08,52.94,3.46,22.08,25.56,19.57,4.59,0.61,18.33,0.57,1.64,,,0.52,0.59,25.66,59.19,1.84,240.18,0.0,0.0,,,,2025-07-01 08:00:00,8,7,1,35.45,65.19,2.45,15.59,18.06,17.39,4.5,0.64,18.27,0.57,1.64,50.55039858170693,103.7812901661678,6.073261658730174,14.742524865689887,16.35233210722005,12.460751310930391,7.57166144444444,0.7592615762696993,29.513315031746025,0.6107120740635402,1.2159188809523804
2025-07-01 16:00:00,35.45,65.19,2.45,15.59,18.06,17.39,4.5,0.64,18.27,0.57,1.64,,,0.52,0.59,24.87,63.59,1.45,233.57,0.0,0.0,,,,2025-07-01 16:00:00,16,7,1,45.41,64.03,2.45,15.65,18.11,17.16,4.54,0.68,18.27,0.56,1.63,40.34772808711893,83.39567069265398,6.117401587301597,15.425300537466832,15.417175744379184,12.290316002718368,7.304976020554949,0.7177710077380242,38.72430226190475,0.8258470194232042,1.9624664122121553
2025-07-02 00:00:00,45.41,64.03,2.45,15.65,18.11,17.16,4.54,0.68,18.27,0.56,1.63,,,0.52,0.58,22.76,82.2,1.17,194.53,0.0,0.0,,,,2025-07-02 00:00:00,0,7,2,25.03,61.21,5.75,21.22,26.66,20.01,4.64,0.62,18.27,0.57,1.64,31.010216356888797,56.34058354556156,5.556177959317384,14.929266574603195,17.01885719444445,11.129644340782644,6.528183122807014,0.7092421110616656,27.13727849206346,0.5474782857142845,1.193182478174601
2025-07-02 08:00:00,25.03,61.21,5.75,21.22,26.66,20.01,4.64,0.62,18.27,0.57,1.64,,,0.52,0.59,25.89,62.81,1.64,233.52,0.0,0.0,,,,2025-07-02 08:00:00,8,7,2,56.73,69.14,8.42,25.66,33.99,22.57,4.38,0.68,17.22,0.57,1.64,50.80703939248714,97.08013575010463,6.036384833333351,14.3218033753414,16.37472838122583,12.974888296010066,7.193293259221178,0.7446543429964501,30.53494942522973,0.6484506062284033,1.445312642857136
2025-07-02 16:00:00,56.73,69.14,8.42,25.66,33.99,22.57,4.38,0.68,17.22,0.57,1.64,,,0.52,0.59,23.52,81.71,1.29,192.57,0.0,0.0,,,,2025-07-02 16:00:00,16,7,2,32.46,86.82,8.42,25.76,34.2,22.53,4.46,0.7,30.66,0.56,1.63,25.164116936820253,46.41632141528825,5.980718428571434,15.113306519047638,18.283339539682558,10.828708832390452,6.618827461313544,0.7174476822561388,29.561695158730114,1.143118309523812,1.629343321123316
2025-07-03 00:00:00,32.46,86.82,8.42,25.76,34.2,22.53,4.46,0.7,30.66,0.56,1.63,,,0.52,0.58,22.38,87.26,1.02,184.87,0.0,0.0,,,,2025-07-03 00:00:00,0,7,3,18.42,51.5,6.52,29.09,35.56,23.53,4.55,0.56,16.03,0.57,1.64,35.69613385275285,68.33789665461333,5.924239566779979,12.098318230158808,14.586920138781903,11.93134578255671,6.492949480263521,0.720251450950496,25.80590310317456,0.6088341368003332,1.0619007986729776
2025-07-03 08:00:00,18.42,51.5,6.52,29.09,35.56,23.53,4.55,0.56,16.03,0.57,1.64,,,0.52,0.59,25.18,67.2,1.6,240.24,0.0,0.0,,,,2025-07-03 08:00:00,8,7,3,17.34,53.85,4.77,32.12,37.03,24.32,4.59,0.52,16.03,0.57,1.64,39.895094334101664,76.43730763785811,6.322816233766254,15.84507031064679,17.3143005889218,12.855286919584971,6.808769524981682,0.7298128716986277,30.683868590235242,1.1932904398217545,1.6151322869250275
2025-07-03 16:00:00,17.34,53.85,4.77,32.12,37.03,24.32,4.59,0.52,16.03,0.57,1.64,,,0.52,0.59,23.76,73.92,1.46,221.76,0.0,0.0,,,,2025-07-03 16:00:00,16,7,3,29.08,52.11,4.76,32.29,37.26,24.28,4.51,0.52,16.24,0.56,1.63,35.914518773488595,59.05405279924996,5.969924095238098,15.2186788326726,23.8057974731772,10.039069155388441,7.406207954212447,0.7193731646708003,28.639341865079363,1.0334295476190474,1.6331410354090294
2025-07-04 00:00:00,29.08,52.11,4.76,32.29,37.26,24.28,4.51,0.52,16.24,0.56,1.63,,,0.52,0.58,22.43,82.62,1.21,225.1,0.0,0.0,,,,2025-07-04 00:00:00,0,7,4,17.62,50.28,5.41,29.97,35.78,22.49,4.57,0.64,17.1,0.57,1.64,31.565774454340502,63.48238691318896,5.751290670762943,15.21829285714289,18.23212446825398,11.318511903553205,6.745579089799086,0.721116830461032,27.018122611111067,0.8851973571428569,1.5544614999999922
2025-07-04 08:00:00,17.62,50.28,5.41,29.97,35.78,22.49,4.57,0.64,17.1,0.57,1.64,,,0.53,0.59,26.54,56.46,1.74,238.69,0.0,0.0,,,,2025-07-04 08:00:00,8,7,4,37.76,86.82,5.92,28.45,34.24,21.39,4.3,0.71,16.8,0.57,1.64,90.34296130519473,115.13246335996455,6.0279061190476355,10.537259309523831,15.558800380493087,12.44956771993842,7.387991079365077,0.7487753917850082,30.913886269841253,0.7365368373015865,1.0236674112554105
2025-07-04 16:00:00,37.76,86.82,5.92,28.45,34.24,21.39,4.3,0.71,16.8,0.57,1.64,,,0.52,0.59,25.17,62.63,1.55,235.06,0.0,0.0,,,,2025-07-04 16:00:00,16,7,4,38.78,86.82,5.95,28.46,34.78,21.21,4.52,0.53,30.66,0.57,1.63,42.51359333250322,84.15227788398316,6.459961095238107,15.976022233234012,17.736837285794643,12.623183941161829,7.3576273604957105,0.7230272803801224,32.57003548412696,1.390414610921569,1.6107474500174124
2025-07-05 00:00:00,38.78,86.82,5.95,28.46,34.78,21.21,4.52,0.53,30.66,0.57,1.63,,,0.52,0.58,22.7,79.42,1.44,232.65,0.0,0.0,,,,2025-07-05 00:00:00,0,7,5,21.84,51.22,5.1,31.51,36.84,21.79,4.55,0.55,18.39,0.57,1.64,42.75933634270384,63.604952788159224,6.101783476190484,15.260760757142878,22.39125536111112,10.747263984126947,7.585259593599388,0.7481427370633847,28.584770714285703,0.9198353571428555,1.6457099999999898
2025-07-05 08:00:00,21.84,51.22,5.1,31.51,36.84,21.79,4.55,0.55,18.39,0.57,1.64,,,0.52,0.6,25.5,64.03,1.9,246.88,0.0,0.0,,,,2025-07-05 08:00:00,8,7,5,38.73,86.82,5.19,13.51,13.165,12.24,5.53,0.77,30.66,0.84,1.15,42.6264112530518,84.87308155038455,6.2011459761904915,15.563995551766268,17.697025951395847,12.53599560272564,7.4532409471310865,0.7262216425342701,30.82420934920632,1.0408980103876688,1.552770404761897
2025-07-05 16:00:00,38.73,86.82,5.19,13.51,13.165,12.24,5.53,0.77,30.66,0.84,1.15,,,,,24.92,73.16,1.07,,0.0,0.0,,,,2025-07-05 16:00:00,16,7,5,26.51,86.82,4.46,33.92,38.89,21.33,4.06,0.58,30.66,0.57,1.65,38.22791625768064,85.93145813400724,5.191833907335291,13.506713431038525,13.158618372627078,12.225527065118673,5.738562174821368,0.770132832301598,30.834188151672286,0.8362251328568959,1.1479337931401867
2025-07-06 00:00:00,26.51,86.82,4.46,33.92,38.89,21.33,4.06,0.58,30.66,0.57,1.65,,,0.53,0.59,22.79,86.2,1.39,229.5,0.0,0.0,,,,2025-07-06 00:00:00,0,7,6,22.18,86.82,4.46,33.47,38.3,21.5,4.46,0.69,30.66,0.57,1.64,38.56931714972196,59.52930365041936,6.089132682539691,15.431021476190509,21.85023100396827,11.053832832611791,7.504130383595403,0.7772045041024086,29.24080996825395,0.8288756746031739,1.6454819999999895
2025-07-06 08:00:00,22.18,86.82,4.46,33.47,38.3,21.5,4.46,0.69,30.66,0.57,1.64,,,0.52,0.59,25.31,67.16,1.83,241.35,0.0,0.0,,,,2025-07-06 08:00:00,8,7,6,23.56,86.82,4.49,33.51,38.19,21.53,4.6,0.52,30.66,0.57,1.64,38.831849183919594,76.47812102341894,6.221936090909112,16.03702546226686,18.237358649170563,12.425240989872915,7.302168940169606,0.7311257435295645,31.418286722222184,1.0249410196243254,1.582616642857137
2025-07-06 16:00:00,23.56,86.82,4.49,33.51,38.19,21.53,4.6,0.52,30.66,0.57,1.64,,,0.52,0.59,24.82,64.8,1.63,228.14,0.0,0.0,,,,2025-07-06 16:00:00,16,7,6,35.47,86.82,4.43,33.49,38.22,21.28,4.71,0.5,30.66,0.56,1.63,35.84889994623566,81.37806566953071,6.24929220995672,16.427123452384144,16.59203888574472,11.971418210493178,7.495305133520074,0.7208159876192805,38.27406795063663,0.7948392451985802,1.9664375065722803
2025-07-07 00:00:00,35.47,86.82,4.43,33.49,38.22,21.28,4.71,0.5,30.66,0.56,1.63,,,0.52,0.58,22.66,80.94,1.25,229.08,0.0,0.0,,,,2025-07-07 00:00:00,0,7,0,24.42,54.21,3.71,29.13,33.06,21.37,4.62,0.59,19.87,0.57,1.63,33.834898823004764,58.19951202077958,5.971564003450669,15.224428471428594,18.255263623015882,11.170714485507197,6.55721604716336,0.7391941367939424,27.001097579365045,0.9707543571428566,1.6374539285714202
2025-07-07 08:00:00,24.42,54.21,3.71,29.13,33.06,21.37,4.62,0.59,19.87,0.57,1.63,,,0.52,0.59,26.11,58.27,1.75,241.51,0.0,0.0,,,,2025-07-07 08:00:00,8,7,0,42.05,75.73,2.87,24.8,27.83,21.2,4.43,0.54,19.87,0.57,1.64,50.91588472001768,109.04442574545241,6.127982880952393,12.017043016483537,15.614482958691015,12.543673994437528,7.3909690952380895,0.7518026185248764,29.401874507936512,0.7742984788254453,1.1867286666666659
2025-07-07 16:00:00,42.05,75.73,2.87,24.8,27.83,21.2,4.43,0.54,19.87,0.57,1.64,,,0.52,0.59,25.1,61.54,1.56,229.79,0.0,0.0,,,,2025-07-07 16:00:00,16,7,0,56.37,75.71,2.89,24.82,27.83,21.28,4.44,0.54,19.87,0.57,1.63,47.63375302712436,91.49277779008642,6.415933142857151,15.669712394609663,16.714421323616225,12.630988151123278,8.260834679653671,0.7516919124870981,35.866232674603125,1.1687246645262703,1.5447069894601693
2025-07-08 00:00:00,56.37,75.71,2.89,24.82,27.83,21.28,4.44,0.54,19.87,0.57,1.63,,,0.52,0.58,22.48,82.61,1.32,207.9,0.0,0.0,,,,2025-07-08 00:00:00,0,7,1,26.79,64.71,4.05,30.89,34.75,22.59,4.54,0.72,19.56,0.57,1.64,33.74931685425352,62.733313567553566,6.083758357142867,15.229434714285738,19.468440222222235,10.963217974981779,7.0203398696741885,0.7356127675976923,28.570093182539637,0.9106579285714284,1.6565353333333246
2025-07-08 08:00:00,26.79,64.71,4.05,30.89,34.75,22.59,4.54,0.72,19.56,0.57,1.64,,,0.52,0.59,26.97,53.78,1.82,240.87,0.0,0.0,,,,2025-07-08 08:00:00,8,7,1,39.33,80.1,5.26,37.42,43.13,24.17,4.46,0.61,30.66,0.57,1.63,150.11089386507942,149.67970617261878,5.879468158730175,9.836926126984144,14.015055198879558,12.401448679944973,7.249693666666661,0.7764261172931736,29.57497942857144,0.852661841269841,0.7949700223665218
2025-07-08 16:00:00,39.33,80.1,5.26,37.42,43.13,24.17,4.46,0.61,30.66,0.57,1.63,,,0.52,0.59,25.62,58.94,1.61,234.84,0.0,0.0,,,,2025-07-08 16:00:00,16,7,1,55.61,71.9,5.18,37.53,42.75,24.33,4.47,0.59,30.66,0.56,1.63,52.38140916981193,101.95787682780293,6.129806333333346,12.757279483294491,16.508440928648618,12.593306464342772,7.002394139971135,0.7299280048417093,29.822396174603174,0.5832931305656519,1.2317852619047611
2025-07-09 00:00:00,55.61,71.9,5.18,37.53,42.75,24.33,4.47,0.59,30.66,0.56,1.63,,,0.53,0.58,22.52,82.17,1.16,221.2,0.0,0.0,,,,2025-07-09 00:00:00,0,7,2,27.22,71.15,4.18,31.46,35.51,22.98,4.56,0.62,16.09,0.57,1.64,31.607573778966714,65.60365588394542,5.48779240620383,14.732233428571453,16.845147968253976,11.136222531258833,6.4371715560404486,0.6851320543659174,27.413974873015828,0.5672499523809512,1.1870731686507918
2025-07-09 08:00:00,27.22,71.15,4.18,31.46,35.51,22.98,4.56,0.62,16.09,0.57,1.64,,,0.52,0.59,27.23,51.41,1.92,250.69,0.0,0.0,,,,2025-07-09 08:00:00,8,7,2,48.46,83.21,2.95,24.85,27.71,21.51,4.53,0.56,16.09,0.57,1.64,148.35668979365084,145.43022594246023,5.877308523809537,9.744539317460339,14.23651788935575,12.399078458929147,7.32949533333333,0.7579303451764015,30.184233015873016,1.0315683571428573,0.6748870699855692
2025-07-09 16:00:00,48.46,83.21,2.95,24.85,27.71,21.51,4.53,0.56,16.09,0.57,1.64,,,0.52,0.59,25.85,58.71,1.82,246.23,0.0,0.0,,,,2025-07-09 16:00:00,16,7,2,44.59,72.61,2.95,24.76,27.71,21.49,4.48,0.58,16.09,0.56,1.63,50.75787039921206,103.37715995759513,5.944198547619064,12.634095587912109,16.055724374283923,12.520857320303453,7.315382809523807,0.7413253511266845,30.157636603174584,0.6279730820000484,1.2300950714285714
2025-07-10 00:00:00,44.59,72.61,2.95,24.76,27.71,21.49,4.48,0.58,16.09,0.56,1.63,,,0.52,0.58,22.89,79.83,1.78,252.54,0.0,0.0,,,,2025-07-10 00:00:00,0,7,3,26.41,59.89,4.21,31.54,35.77,23.88,4.49,0.68,16.09,0.57,1.64,44.75987260933236,68.4827706824611,6.29606803968254,15.471526330242277,23.223105281746026,10.220066968253928,7.501007880534672,0.7121381634305493,27.891333444444417,1.6592235952380998,1.6721479999999915
2025-07-10 08:00:00,26.41,59.89,4.21,31.54,35.77,23.88,4.49,0.68,16.09,0.57,1.64,,,0.52,0.59,26.66,56.18,2.25,263.16,0.0,0.0,,,,2025-07-10 08:00:00,8,7,3,83.47,86.82,5.45,38.72,44.1,26.14,4.33,0.65,16.49,0.57,1.64,98.88800816477135,122.55900148843709,6.018730619047628,10.390925595238116,14.983831510745171,12.049510403157168,7.447149999999997,0.7756620908723347,29.70836905555553,1.2616976468253973,1.0787275541125532
2025-07-10 16:00:00,83.47,86.82,5.45,38.72,44.1,26.14,4.33,0.65,16.49,0.57,1.64,,,0.52,0.59,24.38,79.59,1.13,192.75,0.0,0.0,,,,2025-07-10 16:00:00,16,7,3,41.61,86.82,5.53,38.33,44.84,26.2,4.53,0.65,30.66,0.57,1.63,32.08848806609016,66.21672051088879,5.444454057684454,13.844154999461349,16.17122523576423,11.110424102122218,6.267068305469395,0.6700964929001407,27.146116952380908,0.6031282916666653,1.1485075649950263
2025-07-11 00:00:00,41.61,86.82,5.53,38.33,44.84,26.2,4.53,0.65,30.66,0.57,1.63,,,0.52,0.58,22.36,89.43,1.32,211.41,0.0,0.0,,,,2025-07-11 00:00:00,0,7,4,16.46,86.82,5.44,38.19,44.03,26.07,4.42,0.68,30.66,0.57,1.63,29.750823390432284,65.03978769766286,6.051000325396827,15.06732345238097,20.915395753968262,11.45370569907141,7.457959383763534,0.7555157272059335,28.507098857142818,0.996033928571429,1.6706476666666568
2025-07-11 08:00:00,16.46,86.82,5.44,38.19,44.03,26.07,4.42,0.68,30.66,0.57,1.63,,,0.52,0.59,26.88,57.79,1.89,255.19,0.0,0.0,,,,2025-07-11 08:00:00,8,7,4,64.59,86.82,5.44,38.66,44.26,26.3,4.71,0.61,30.66,0.57,1.64,131.6975458253969,137.9031107361109,6.023610285714301,10.874555738095264,15.503639157538252,12.317503936991749,7.396921507936504,0.740572934619052,30.852942746031722,1.0017895349206338,1.2299059999999986
2025-07-11 16:00:00,64.59,86.82,5.44,38.66,44.26,26.3,4.71,0.61,30.66,0.57,1.64,,,0.52,0.59,23.16,87.6,2.26,243.51,0.0,0.0,,,,2025-07-11 16:00:00,16,7,4,33.56,86.82,5.43,38.72,44.24,25.99,4.49,0.59,30.66,0.56,1.63,33.23736048979695,70.8504138228689,5.860033642857148,14.839730714285722,22.144287765873024,11.432739285714257,7.2310455368814255,0.7903147083369185,29.328336833333335,1.4016488809523853,1.637172650793645
2025-07-12 00:00:00,33.56,86.82,5.43,38.72,44.24,25.99,4.49,0.59,30.66,0.56,1.63,,,0.52,0.58,22.59,87.09,1.3,198.95,0.0,0.0,,,,2025-07-12 00:00:00,0,7,5,36.36,86.82,5.47,38.91,43.74,26.18,4.45,0.61,30.66,0.57,1.64,30.514181909841987,63.43159036945789,6.0377326825396915,15.220988000000018,20.66653442063492,11.513272556214268,7.2795578599540125,0.753664650359433,28.973479277777738,0.8831194999999995,1.6564243333333235
2025-07-12 08:00:00,36.36,86.82,5.47,38.91,43.74,26.18,4.45,0.61,30.66,0.57,1.64,,,0.52,0.59,25.08,72.47,2.06,256.84,0.0,0.0,,,,2025-07-12 08:00:00,8,7,5,23.26,86.82,5.49,38.67,43.84,26.11,4.54,0.52,30.66,0.57,1.64,42.593169204858825,72.9631670288375,6.1900779761904925,16.00392215813288,16.493771756198,12.434744736867213,7.034588313851899,0.7515083882573562,34.1736964841651,1.4576482699948936,1.64006082442463
2025-07-12 16:00:00,23.26,86.82,5.49,38.67,43.84,26.11,4.54,0.52,30.66,0.57,1.64,,,0.52,0.59,25.16,65.66,2.48,271.05,0.0,0.0,,,,2025-07-12 16:00:00,16,7,5,31.47,86.82,5.39,38.63,44.04,26.26,4.72,0.49,30.66,0.56,1.63,38.97291121580086,79.28388482786265,6.597226984126998,16.486559031729414,18.850056740641907,12.7920313152798,7.418939650148097,0.7875190771563202,30.997062928571367,1.1782883034041087,1.5836789999999965
2025-07-13 00:00:00,31.47,86.82,5.39,38.63,44.04,26.26,4.72,0.49,30.66,0.56,1.63,,,0.52,0.59,23.04,79.73,1.78,245.65,0.0,0.0,,,,2025-07-13 00:00:00,0,7,6,23.08,86.82,5.47,38.49,43.91,26.19,4.66,0.64,30.66,0.57,1.64,44.15335302386225,66.19163811210855,6.294276785714286,15.514128377861331,23.382484146825377,10.59040661904758,7.600938683150188,0.714907594127227,28.61636723015869,1.6022235714285744,1.6586906666666585
2025-07-13 08:00:00,23.08,86.82,5.47,38.49,43.91,26.19,4.66,0.64,30.66,0.57,1.64,,,0.52,0.59,26.26,60.41,2.34,260.06,0.0,0.0,,,,2025-07-13 08:00:00,8,7,6,56.22,86.82,5.43,38.79,44.04,26.33,4.55,0.63,30.66,0.57,1.64,49.53919522461312,98.42207196584391,6.160294031746043,14.61547498412702,17.063903921842076,12.349997042792413,7.569421571428565,0.940206416787252,34.36689119841267,1.2317455998429676,1.275038785714285
2025-07-13 16:00:00,56.22,86.82,5.43,38.79,44.04,26.33,4.55,0.63,30.66,0.57,1.64,,,0.52,0.59,24.17,77.69,1.43,237.47,0.0,0.0,,,,2025-07-13 16:00:00,16,7,6,36.53,86.82,5.44,38.76,43.79,25.88,4.7,0.54,30.66,0.56,1.63,31.611161742662862,60.18906860605546,6.100426785714295,15.577260589582357,21.659067142857197,10.65223372681701,7.401200660561659,0.7285447085510807,29.503601793650766,0.939122334853089,1.6425684639804587
2025-07-14 00:00:00,36.53,86.82,5.44,38.76,43.79,25.88,4.7,0.54,30.66,0.56,1.63,,,0.52,0.58,22.45,85.23,1.23,178.79,0.0,0.0,,,,2025-07-14 00:00:00,0,7,0,21.01,86.82,5.45,38.32,43.87,26.26,4.44,0.65,30.66,0.57,1.63,35.29602014534261,67.35756024459805,5.872800686635958,15.082156000000026,19.09183445634922,11.09830210455482,6.5826863626879435,0.7290093506315567,25.91157674603169,0.9220303571428572,1.6493731666666578
2025-07-14 08:00:00,21.01,86.82,5.45,38.32,43.87,26.26,4.44,0.65,30.66,0.57,1.63,,,0.52,0.59,26.02,61.93,1.76,242.93,0.0,0.0,,,,2025-07-14 08:00:00,8,7,0,21.73,86.82,5.48,38.58,44.29,26.29,4.66,0.65,30.66,0.57,1.64,49.44115569115765,95.91979549962939,6.128998785714301,13.959283702181231,16.351361346585307,12.792577199202313,7.468504150793648,0.8074317157580875,29.779488888888885,0.9047148967681392,1.4792269523809458
2025-07-14 16:00:00,21.73,86.82,5.48,38.58,44.29,26.29,4.66,0.65,30.66,0.57,1.64,,,0.52,0.59,24.85,62.24,1.81,236.66,0.0,0.0,,,,2025-07-14 16:00:00,16,7,0,48.78,86.82,5.5,38.28,43.45,26.31,4.6,0.57,30.66,0.57,1.62,40.137187648322765,91.02286892625843,6.333681809523818,15.839415255091229,15.836241438523063,12.355569926787147,7.534248952380948,0.7454522331220111,38.93081673842941,0.8264698591611629,1.950753882227125
2025-07-15 00:00:00,48.78,86.82,5.5,38.28,43.45,26.31,4.6,0.57,30.66,0.57,1.62,,,0.51,0.58,22.58,80.22,1.23,226.14,0.0,0.0,,,,2025-07-15 00:00:00,0,7,1,21.44,52.99,4.84,31.99,37.26,23.03,4.52,0.65,30.66,0.57,1.63,32.1201082894127,66.33717257363732,5.803477409146283,15.04073808730161,18.29891873015874,11.066186688608724,6.587353721766532,0.7333934414919601,25.987032380952357,1.014461547619047,1.6312169285714202
2025-07-15 08:00:00,21.44,52.99,4.84,31.99,37.26,23.03,4.52,0.65,30.66,0.57,1.63,,,0.52,0.59,25.97,58.72,2.0,247.72,0.0,0.0,,,,2025-07-15 08:00:00,8,7,1,39.51,56.67,4.13,25.47,29.72,19.63,4.52,0.64,30.66,0.57,1.64,49.75432075337281,107.32154213146215,5.96885839682541,12.303019778388295,15.510209373256838,12.41134082856716,7.43049733333333,0.7490089850201014,29.425008626984123,0.8592738134920631,1.1706331904761897
2025-07-15 16:00:00,39.51,56.67,4.13,25.47,29.72,19.63,4.52,0.64,30.66,0.57,1.64,,,0.52,0.59,24.09,74.24,1.25,182.82,0.0,0.0,,,,2025-07-15 16:00:00,16,7,1,42.27,56.1,4.12,25.34,29.4,19.71,4.72,0.58,30.66,0.56,1.63,29.545648147503602,51.545861520439004,5.840642337717702,15.219626842540187,17.606335833333354,10.773782429715562,6.4152042948718,0.7178913332916593,27.85482539682536,0.8331037493628946,1.6133535989010943
2025-07-16 00:00:00,42.27,56.1,4.12,25.34,29.4,19.71,4.72,0.58,30.66,0.56,1.63,,,0.52,0.59,22.41,84.75,1.07,174.78,0.0,0.0,,,,2025-07-16 00:00:00,0,7,2,20.37,55.49,5.09,26.41,31.32,21.22,4.67,0.63,30.66,0.57,1.65,36.99738443889273,69.47847813019736,5.1564890531028285,12.998392375901933,15.813211191391932,11.111752460976176,6.366861385044778,0.692095901661256,26.984520746031695,0.6204636090225548,1.1744911062271044
2025-07-16 08:00:00,20.37,55.49,5.09,26.41,31.32,21.22,4.67,0.63,30.66,0.57,1.65,,,0.52,0.59,26.3,63.6,1.55,227.44,0.0,0.0,,,,2025-07-16 08:00:00,8,7,2,47.25,67.12,6.28,27.38,33.53,23.34,4.58,0.6,30.66,0.57,1.64,56.21629977840911,96.60567824383345,5.9909705476190664,14.210172274323154,16.323049845302684,13.187954202685704,7.21854300715318,0.7264434424713773,29.301064111111117,0.8230515460632881,1.5304999523809446
2025-07-16 16:00:00,47.25,67.12,6.28,27.38,33.53,23.34,4.58,0.6,30.66,0.57,1.64,,,0.52,0.59,23.38,87.89,1.41,217.18,0.0,0.0,,,,2025-07-16 16:00:00,16,7,2,28.78,52.57,6.29,27.52,33.73,23.32,4.48,0.7,30.66,0.56,1.64,35.139683630703175,60.09382829868448,5.967011857142864,15.092444038461558,21.151328253968305,10.439924099111382,7.630130606173238,0.7005241288347825,29.69200489682538,1.0636805952380965,1.655639126984121
2025-07-17 00:00:00,28.78,52.57,6.29,27.52,33.73,23.32,4.48,0.7,30.66,0.56,1.64,,,0.52,0.58,22.79,86.6,1.27,235.3,0.0,0.0,,,,2025-07-17 00:00:00,0,7,3,17.65,46.48,6.18,27.38,33.79,23.32,4.47,0.64,30.66,0.57,1.64,29.58186033211949,58.2221984613674,6.02282791269842,15.510473317460331,20.297739781746053,11.395384413357126,6.839166874202918,0.7490096257015512,27.34961749999997,0.8302001984126981,1.64804299999999
2025-07-17 08:00:00,17.65,46.48,6.18,27.38,33.79,23.32,4.47,0.64,30.66,0.57,1.64,,,0.53,0.59,25.62,67.11,2.01,235.84,0.0,0.0,,,,2025-07-17 08:00:00,8,7,3,33.42,87.32,4.07,24.46,28.37,18.24,4.72,0.61,16.13,0.56,1.64,40.59597320689346,75.24341294568183,6.01520426190478,15.23725818256194,17.169387947745065,12.963609566474481,7.2394102647272245,0.7353715355559126,30.15538009523804,1.0132073368347319,1.5634513571428479
2025-07-17 16:00:00,33.42,87.32,4.07,24.46,28.37,18.24,4.72,0.61,16.13,0.56,1.64,,,0.51,0.59,23.64,84.81,1.33,180.2,0.0,0.0,,,,2025-07-17 16:00:00,16,7,3,33.2,87.37,4.14,24.4,28.79,18.27,4.66,0.56,16.13,0.56,1.63,28.304803507827234,52.357085475016135,6.0746512857142925,15.54774831746032,19.270191087301633,10.551076589307453,7.103263422466421,0.7201799559942035,29.71710303968251,1.038238452380953,1.6365779877899822
2025-07-18 00:00:00,33.2,87.37,4.14,24.4,28.79,18.27,4.66,0.56,16.13,0.56,1.63,,,0.52,0.59,22.37,88.88,1.23,167.19,0.0,0.0,,,,2025-07-18 00:00:00,0,7,4,33.09,90.46,5.03,28.38,33.85,20.96,4.52,0.6,16.13,0.57,1.63,28.61119408902535,64.87010788719162,6.008390320470724,15.069869785714303,19.719724813492064,11.578780746690452,6.809054870776519,0.7378890800432008,27.015231579365043,0.9682795952380955,1.665842166666657
2025-07-18 08:00:00,33.09,90.46,5.03,28.38,33.85,20.96,4.52,0.6,16.13,0.57,1.63,,,0.52,0.59,25.62,63.41,2.02,253.69,0.0,0.0,,,,2025-07-18 08:00:00,8,7,4,33.71,102.99,5.86,32.68,38.77,23.82,4.76,0.49,16.13,0.57,1.64,46.468232068253236,91.51612573598473,6.147750571428586,15.31583254407951,17.27550183675408,12.833323690905772,7.444315027614978,0.7296927805793185,30.613885476190447,1.08816019397759,1.5458800238095154
2025-07-18 16:00:00,33.71,102.99,5.86,32.68,38.77,23.82,4.76,0.49,16.13,0.57,1.64,,,0.52,0.59,23.32,86.26,1.69,228.84,0.0,0.0,,,,2025-07-18 16:00:00,16,7,4,33.2,88.73,5.93,32.85,38.3,23.58,4.62,0.66,16.13,0.57,1.64,40.755032469435605,61.93560602144837,6.293144047619055,15.701357327067686,22.907915253968287,10.748227665945127,7.543895489872874,0.6966512681942623,30.02008003174604,1.1631569285714294,1.6478006507936447
2025-07-19 00:00:00,33.2,88.73,5.93,32.85,38.3,23.58,4.62,0.66,16.13,0.57,1.64,,,0.51,0.58,22.36,84.87,2.09,252.59,0.0,0.0,,,,2025-07-19 00:00:00,0,7,5,33.13,91.53,5.88,32.85,38.35,23.88,4.61,0.7,16.13,0.57,1.64,39.90077837055203,69.70120578590529,6.061554238095244,15.006735428571428,22.261283297619034,11.895073857142801,7.1444198492063595,0.8725576250140399,29.126898833333307,0.99615569047619,1.6670396666666576
2025-07-19 08:00:00,33.13,91.53,5.88,32.85,38.35,23.88,4.61,0.7,16.13,0.57,1.64,,,0.52,0.59,24.12,77.53,2.41,262.98,0.0,0.0,,,,2025-07-19 08:00:00,8,7,5,33.43,90.85,5.88,32.64,38.61,23.76,4.65,0.59,16.13,0.57,1.64,31.444655108749508,72.95837627867336,5.984906761904766,14.996889546591968,22.823908047619042,10.997358003246724,7.225771380952387,0.8850261640388151,29.22050806349205,1.0703394523809526,1.6381439523809453
2025-07-19 16:00:00,33.43,90.85,5.88,32.64,38.61,23.76,4.65,0.59,16.13,0.57,1.64,,,0.52,0.59,22.84,87.81,1.39,205.56,0.0,0.0,,,,2025-07-19 16:00:00,16,7,5,33.32,85.46,5.85,32.62,38.34,23.61,4.64,0.64,16.13,0.56,1.63,33.795719893380216,63.4155867681562,5.989580785714293,15.182268880952396,20.835539904761948,10.847591507214975,7.45527343757084,0.713269222173529,29.524931611111104,0.9511898650793651,1.6536138412698351
2025-07-20 00:00:00,33.32,85.46,5.85,32.62,38.34,23.61,4.64,0.64,16.13,0.56,1.63,,,0.52,0.58,21.92,91.05,1.08,210.18,0.0,0.0,,,,2025-07-20 00:00:00,0,7,6,33.2,84.2,5.9,32.84,38.7,23.73,4.62,0.53,16.13,0.57,1.64,34.41705577217555,65.96428847902628,5.585958949896864,13.869474177489197,18.333442019841257,11.524175738095186,7.156013190476197,0.7235804654553311,27.763990857142822,0.6418307431457412,1.168807333333332
2025-07-20 08:00:00,33.2,84.2,5.9,32.84,38.7,23.73,4.62,0.53,16.13,0.57,1.64,,,0.52,0.59,24.98,70.11,1.91,253.69,0.0,0.0,,,,2025-07-20 08:00:00,8,7,6,33.44,90.13,5.91,32.92,38.79,23.89,4.63,0.5,16.13,0.57,1.64,42.86401348530453,75.1304124481714,6.53643385714288,16.565881277803165,16.195848564287193,12.587539047134939,8.59241215997157,0.7687786218483668,38.108054044810764,1.4768301646614066,1.9787421013270645
2025-07-20 16:00:00,33.44,90.13,5.91,32.92,38.79,23.89,4.63,0.5,16.13,0.57,1.64,,,0.52,0.59,22.67,92.41,1.2,153.77,0.0,0.0,,,,2025-07-20 16:00:00,16,7,6,33.22,84.31,5.89,32.68,38.62,23.86,4.58,0.57,16.13,0.57,1.63,29.849973354481154,64.21045164960337,5.966032952380958,15.130359619047624,19.454846789682563,11.12927222943719,6.61710435714286,0.7380502832566516,28.075130999999995,1.0870089761904786,1.5779429083694034
2025-07-21 00:00:00,33.22,84.31,5.89,32.68,38.62,23.86,4.58,0.57,16.13,0.57,1.63,,,0.52,0.59,22.15,89.42,1.2,210.65,0.0,0.0,,,,2025-07-21 00:00:00,0,7,0,33.21,83.8,5.84,32.53,38.31,23.66,4.54,0.63,16.13,0.57,1.64,34.382447356532374,60.935504986280435,6.260989000000008,14.885137261904775,19.031810408730166,11.213193580745294,6.763433172211752,0.7351807877304338,25.95749945238093,0.9779967380952381,1.4623540952380891
2025-07-21 08:00:00,33.21,83.8,5.84,32.53,38.31,23.66,4.54,0.63,16.13,0.57,1.64,,,0.51,0.59,24.69,72.92,2.01,258.85,0.0,0.0,,,,2025-07-21 08:00:00,8,7,0,33.53,86.82,5.9,32.68,38.57,23.85,4.57,0.66,30.66,0.57,1.64,33.85490101364092,75.45712534481807,5.304016449494954,13.856642438556303,19.64193218746167,12.301641110980206,6.121199107361494,0.6969361536292616,28.566676275377763,1.0706785516313766,1.6470599159663772
2025-07-21 16:00:00,33.53,86.82,5.9,32.68,38.57,23.85,4.57,0.66,30.66,0.57,1.64,,,0.52,0.59,22.4,91.09,1.08,184.12,0.0,0.0,,,,2025-07-21 16:00:00,16,7,0,33.24,86.82,5.86,32.8,38.76,23.79,4.62,0.71,30.66,0.56,1.63,31.948132074251824,53.384725979041406,5.985562542124552,13.180314555555587,16.97908995851371,10.680125422015141,6.7117486284271415,0.6731048941198308,27.536609111111048,0.6513728709273169,1.1021897525252518
2025-07-22 00:00:00,33.24,86.82,5.86,32.8,38.76,23.79,4.62,0.71,30.66,0.56,1.63,,,0.52,0.58,21.9,90.27,1.0,177.3,0.0,0.0,,,,2025-07-22 00:00:00,0,7,1,33.17,86.82,5.85,32.47,39.12,23.72,4.33,0.66,30.66,0.57,1.63,40.83114815018317,59.774386356691764,5.897767273004791,11.964481750915812,14.119519242221047,11.536204415638684,6.564082566236033,0.7309984900980898,26.409007322954775,0.5564978662375628,0.9827094276094016
2025-07-22 08:00:00,33.17,86.82,5.85,32.47,39.12,23.72,4.33,0.66,30.66,0.57,1.63,,,0.53,0.59,23.09,82.44,1.74,255.77,0.0,0.0,,,,2025-07-22 08:00:00,8,7,1,38.73,86.82,5.19,13.51,13.165,12.24,5.53,0.77,30.66,0.84,1.15,37.04704402277951,60.5614281772072,6.235059833333344,15.421238901670847,22.14932094444447,10.40042479106184,7.435373103174601,0.7476409708937418,28.92009876190474,1.48958935714286,1.6470849047618965
2025-07-22 16:00:00,38.73,86.82,5.19,13.51,13.165,12.24,5.53,0.77,30.66,0.84,1.15,,,,,24.92,73.16,1.07,,0.0,0.0,,,,2025-07-22 16:00:00,16,7,1,38.73,86.82,5.19,13.51,13.165,12.24,5.53,0.77,30.66,0.84,1.15,38.471691536760495,86.44617187758813,5.1660232864229165,13.390234272779832,13.141472693685627,12.21810410431999,5.550509076086357,0.7611903948130089,29.992707348035285,0.8243195065344023,1.1135711425557728
2025-07-23 00:00:00,38.73,86.82,5.19,13.51,13.165,12.24,5.53,0.77,30.66,0.84,1.15,,,,,24.92,73.16,1.07,,0.0,0.0,,,,2025-07-23 00:00:00,0,7,2,33.15,89.32,5.79,32.91,38.71,23.63,4.51,0.63,18.77,0.56,1.65,39.71382058658743,92.89878303840344,5.325494041783281,12.457814674394129,11.867921912657984,11.944482715644298,6.026615568748325,0.7362482963723798,33.70044681838893,0.7828774388853406,1.3593037588908106
2025-07-23 08:00:00,33.15,89.32,5.79,32.91,38.71,23.63,4.51,0.63,18.77,0.56,1.65,,,0.52,0.59,25.7,60.92,1.64,248.73,0.0,0.0,,,,2025-07-23 08:00:00,8,7,2,33.26,92.61,4.95,34.48,39.32,24.79,4.5,0.65,20.26,0.57,1.64,51.635477748018104,98.72656140835684,6.0548500476190625,14.46014566105568,16.483920418492907,12.73986366164889,7.393472964752569,0.7551629822610324,30.539358806182108,0.548487112467263,1.2034962619047607
2025-07-23 16:00:00,33.26,92.61,4.95,34.48,39.32,24.79,4.5,0.65,20.26,0.57,1.64,,,0.52,0.59,24.13,70.05,1.61,236.75,0.0,0.0,,,,2025-07-23 16:00:00,16,7,2,33.24,82.77,4.24,35.88,39.97,25.63,4.61,0.49,21.3,0.56,1.63,40.82404423008544,74.6045609747374,5.81059275757577,15.2809450124265,19.71805049299721,10.417988691620327,8.202385768171368,0.7019238457923913,28.317821211554495,0.7588734085283748,1.64050684493284
2025-07-24 00:00:00,33.24,82.77,4.24,35.88,39.97,25.63,4.61,0.49,21.3,0.56,1.63,,,0.51,0.58,22.31,79.34,1.43,241.59,0.0,0.0,,,,2025-07-24 00:00:00,0,7,3,33.19,91.25,4.26,36.04,40.12,25.68,4.64,0.71,21.36,0.57,1.64,39.76457439358894,74.26047388107654,6.106225373015879,15.050245952380966,21.17856331746034,10.554073674603135,7.428975721804516,0.7389094105084225,28.225531753968223,1.0149507857142845,1.6689659999999895
2025-07-24 08:00:00,33.19,91.25,4.26,36.04,40.12,25.68,4.64,0.71,21.36,0.57,1.64,,,0.52,0.59,24.87,66.86,1.78,246.83,0.0,0.0,,,,2025-07-24 08:00:00,8,7,3,33.31,92.84,4.28,35.83,40.43,25.6,4.63,0.52,21.43,0.57,1.64,40.32726631949911,75.31828192236291,6.261926567099582,16.053496186570865,15.988652945405898,12.21931724869494,7.541561722084815,0.7145911448802361,38.09401903134524,0.8338538649927663,1.9667554232307594
2025-07-24 16:00:00,33.31,92.84,4.28,35.83,40.43,25.6,4.63,0.52,21.43,0.57,1.64,,,0.52,0.59,23.5,75.77,1.63,247.29,0.0,0.0,,,,2025-07-24 16:00:00,16,7,3,33.4,87.99,4.23,35.79,40.23,25.56,4.62,0.51,21.26,0.56,1.63,37.57792364275204,61.836966755738054,6.251657047619051,15.459723274686729,22.702769520757073,10.10018779030907,7.837769404761895,0.7243474759433937,29.089157984126995,0.8683770714285699,1.6418122258852197
2025-07-25 00:00:00,33.4,87.99,4.23,35.79,40.23,25.56,4.62,0.51,21.26,0.56,1.63,,,0.52,0.58,22.53,85.17,1.03,229.11,0.0,0.0,,,,2025-07-25 00:00:00,0,7,4,33.12,87.6,3.44,32.48,35.63,22.33,4.51,0.48,21.26,0.57,1.64,32.601581296351846,72.02940065550683,5.036369284907259,12.278805082972653,14.798383704993478,11.56561927912924,6.57102331050346,0.7034844025974516,26.769926079365018,0.5838262380952368,1.321825887612384
2025-07-25 08:00:00,33.12,87.6,3.44,32.48,35.63,22.33,4.51,0.48,21.26,0.57,1.64,,,0.52,0.59,24.87,67.88,1.71,244.43,0.0,0.0,,,,2025-07-25 08:00:00,8,7,4,33.2,86.82,2.58,28.56,30.11,18.38,4.6,0.62,21.54,0.58,1.64,39.031268761896186,71.70718096329972,6.177098222777241,16.10511323423563,15.899781243047558,12.215532505054565,7.577691157593176,0.7107226363067092,37.86069835434569,0.8278724424652062,1.9654929878615406
2025-07-25 16:00:00,33.2,86.82,2.58,28.56,30.11,18.38,4.6,0.62,21.54,0.58,1.64,,,0.52,0.59,23.39,73.33,1.63,229.44,0.0,0.0,,,,2025-07-25 16:00:00,16,7,4,33.36,86.82,2.54,28.57,30.04,18.45,4.65,0.52,21.28,0.56,1.63,35.40564360894851,65.65369371912608,5.1195229958959185,13.430655299233884,22.010606935945844,10.595613415461699,6.256257551735023,0.7373369902207587,28.27974789643325,0.6914371288056183,1.6406050354090296
2025-07-26 00:00:00,33.36,86.82,2.54,28.57,30.04,18.45,4.65,0.52,21.28,0.56,1.63,,,0.52,0.58,22.16,82.56,1.18,243.06,0.0,0.0,,,,2025-07-26 00:00:00,0,7,5,38.73,86.82,5.19,13.51,13.165,12.24,5.53,0.77,30.66,0.84,1.15,37.82257061694916,89.86322331889076,5.600146329493103,15.150103674603198,17.49558523015874,11.379200802967516,7.102928150405151,0.7126253706325495,27.992747269841228,0.5838333730158718,0.7850381984126975
2025-07-26 08:00:00,38.73,86.82,5.19,13.51,13.165,12.24,5.53,0.77,30.66,0.84,1.15,,,,,24.92,73.16,1.07,,0.0,0.0,,,,2025-07-26 08:00:00,8,7,5,38.73,86.82,5.19,13.51,13.165,12.24,5.53,0.77,30.66,0.84,1.15,38.460222460886,85.57082534979261,5.193687796024118,13.502807288181378,13.152235039293746,12.225749227280836,5.970161122348035,0.7737463944743489,30.92033134214848,0.8306715917085861,1.1489312818346475
2025-07-26 16:00:00,38.73,86.82,5.19,13.51,13.165,12.24,5.53,0.77,30.66,0.84,1.15,,,,,24.92,73.16,1.07,,0.0,0.0,,,,2025-07-26 16:00:00,16,7,5,38.73,86.82,5.19,13.51,13.165,17.8,5.53,0.77,30.66,0.84,1.15,38.22791625768064,85.93145813400724,5.191833907335291,13.506713431038525,13.158618372627078,12.225527065118673,5.738562174821368,0.770132832301598,30.834188151672286,0.8362251328568959,1.1479337931401867
2025-07-27 00:00:00,38.73,86.82,5.19,13.51,13.165,17.8,5.53,0.77,30.66,0.84,1.15,,,,,24.92,73.16,1.07,,0.0,0.0,,,,2025-07-27 00:00:00,0,7,6,33.15,86.82,2.56,28.52,30.17,18.57,4.46,0.62,21.43,0.57,1.64,34.67470622316486,84.21966807251144,5.2281016803191065,13.345550267391017,12.746911618254835,12.203479960458912,7.188609091127035,0.7944874560107733,33.05870184168384,0.8028485082106114,1.3227366942308039
2025-07-27 08:00:00,33.15,86.82,2.56,28.52,30.17,18.57,4.46,0.62,21.43,0.57,1.64,,,0.52,0.59,24.68,64.91,1.63,247.28,0.0,0.0,,,,2025-07-27 08:00:00,8,7,6,33.18,86.82,2.53,28.56,30.25,18.39,4.61,0.62,21.21,0.57,1.64,37.45485698569476,82.25910848289733,6.123048162337673,16.151316619050803,19.78115788054775,11.356286021970957,7.029109651260506,0.6870461495863585,30.03573826479078,1.0334125990384075,1.6492593347547893
2025-07-27 16:00:00,33.18,86.82,2.53,28.56,30.25,18.39,4.61,0.62,21.21,0.57,1.64,,,0.52,0.59,23.82,66.5,1.54,234.83,0.0,0.0,,,,2025-07-27 16:00:00,16,7,6,33.31,86.82,2.55,28.47,30.23,18.51,4.52,0.55,21.32,0.56,1.63,35.891588155227815,75.17813805219265,6.061067047619065,15.445712606332599,20.88038984920639,10.629540226817022,6.664113849673205,0.6928219765481097,29.55227137301584,0.776109612932604,1.6344441782661725
2025-07-28 00:00:00,33.31,86.82,2.55,28.47,30.23,18.51,4.52,0.55,21.32,0.56,1.63,,,0.52,0.58,21.72,80.74,1.52,245.65,0.0,0.0,,,,2025-07-28 00:00:00,0,7,0,33.21,86.82,2.54,28.75,30.05,18.49,4.51,0.61,21.27,0.57,1.64,56.34227035464929,116.16219655016953,6.202248936507948,14.588750825396842,21.595640968253992,10.28466899999996,7.435509079365082,0.7280687978948958,28.423386690476168,1.0712721666666662,1.6525529999999906
2025-07-28 08:00:00,33.21,86.82,2.54,28.75,30.05,18.49,4.51,0.61,21.27,0.57,1.64,,,0.52,0.59,24.73,67.24,2.19,252.25,0.0,0.0,,,,2025-07-28 08:00:00,8,7,0,33.29,86.82,2.59,28.69,29.96,18.61,4.65,0.66,21.59,0.58,1.64,30.534244725192544,82.99834246078525,6.22067780952382,15.984570939665907,19.028432634164226,12.188605437713553,7.108954499999996,0.7204868494969022,29.58473678860029,0.8099188641535627,1.6486561213517579
2025-07-28 16:00:00,33.29,86.82,2.59,28.69,29.96,18.61,4.65,0.66,21.59,0.58,1.64,,,0.52,0.59,23.43,71.31,1.53,222.34,0.0,0.0,,,,2025-07-28 16:00:00,16,7,0,33.36,86.82,2.57,28.27,30.24,18.47,4.64,0.6,21.43,0.57,1.62,36.97911210911691,72.55192921281929,5.903990571428585,14.78079588833819,20.516843347011168,10.27208934220352,6.517408441558435,0.6921755316704294,29.57812178235653,0.6453940494405391,1.6429143369963313
2025-07-29 00:00:00,33.36,86.82,2.57,28.27,30.24,18.47,4.64,0.6,21.43,0.57,1.62,,,0.52,0.58,21.87,82.11,1.52,246.73,0.0,0.0,,,,2025-07-29 00:00:00,0,7,1,33.2,86.82,2.54,28.58,30.16,18.41,4.56,0.66,21.27,0.57,1.64,53.004147927337335,89.30356071084304,6.083961357142867,14.715803071428587,21.596271484127005,10.418715365079322,7.3876116190476235,0.7311110422071843,28.35359807936505,0.9823381666666662,1.6519933333333239
2025-07-29 08:00:00,33.2,86.82,2.54,28.58,30.16,18.41,4.56,0.66,21.27,0.57,1.64,,,0.52,0.59,24.79,67.84,1.91,247.79,0.0,0.0,,,,2025-07-29 08:00:00,8,7,1,33.26,86.64,2.86,29.93,32.28,19.27,4.44,0.54,21.34,0.57,1.64,34.94200485426032,73.01037873929553,5.923538714285727,15.647699275736084,17.24242388961391,12.111819774842045,7.208966308479109,0.6997030448698427,35.57952871177829,0.808246826092695,1.9589319975764157
2025-07-29 16:00:00,33.26,86.64,2.86,29.93,32.28,19.27,4.44,0.54,21.34,0.57,1.64,,,0.53,0.59,23.23,79.74,2.91,268.1,0.0,0.0,,,,2025-07-29 16:00:00,16,7,1,33.3,88.46,4.9,38.82,43.72,25.23,4.63,0.6,21.37,0.57,1.63,32.1801632599983,72.40515960619472,5.884288191197695,14.28157928095238,20.538616773809526,10.520081145021615,6.896246849206353,0.755543559063943,29.318379079365055,1.6510302380952422,1.63426909523809
2025-07-30 00:00:00,33.3,88.46,4.9,38.82,43.72,25.23,4.63,0.6,21.37,0.57,1.63,,,0.52,0.59,21.84,86.49,1.69,238.25,0.0,0.0,,,,2025-07-30 00:00:00,0,7,2,33.15,93.02,4.88,38.64,43.01,25.25,4.36,0.66,21.3,0.57,1.64,52.217722698449435,94.51813801997827,6.165359388888897,15.022390644528013,23.437840484126983,10.627171476190433,7.504154907543846,0.7456157217459125,27.84236559523808,1.1370939285714299,1.6618663333333235
2025-07-30 08:00:00,33.15,93.02,4.88,38.64,43.01,25.25,4.36,0.66,21.3,0.57,1.64,,,0.51,0.59,25.96,59.66,2.07,248.0,0.0,0.0,,,,2025-07-30 08:00:00,8,7,2,33.26,86.82,4.9,38.84,43.49,25.18,4.56,0.56,21.37,0.57,1.64,51.47540400759764,108.89454384391638,6.069505452380966,14.495109404761939,16.336541047425634,12.60957686716915,7.717526317460321,0.7483812630221249,29.73578253174601,0.7327020992063482,1.178477166666666
2025-07-30 16:00:00,33.26,86.82,4.9,38.84,43.49,25.18,4.56,0.56,21.37,0.57,1.64,,,0.52,0.59,24.8,65.71,1.66,231.94,0.0,0.0,,,,2025-07-30 16:00:00,16,7,2,33.51,86.82,4.94,38.57,43.53,25.39,4.46,0.6,21.54,0.57,1.63,39.159581339468346,74.36144559955159,5.9967928766233864,15.795314542537128,17.194260843907273,11.78436668640542,7.641330312041242,0.6978698719839735,36.04524200720157,0.8199469014406943,1.963431773333636
2025-07-31 00:00:00,33.51,86.82,4.94,38.57,43.53,25.39,4.46,0.6,21.54,0.57,1.63,,,0.52,0.59,22.65,84.85,0.98,180.34,0.0,0.0,,,,2025-07-31 00:00:00,0,7,3,33.17,86.82,4.89,38.71,43.67,25.15,4.46,0.55,21.32,0.57,1.64,35.49572226128093,68.60574145838183,5.022871170883602,11.934109821067896,13.354272034870585,11.236802554911813,6.455506597165989,0.7105856035785678,26.37379081313126,0.529736764302059,1.0659919285714257
2025-07-31 08:00:00,33.17,86.82,4.89,38.71,43.67,25.15,4.46,0.55,21.32,0.57,1.64,,,0.52,0.59,25.28,67.7,1.67,247.07,0.0,0.0,,,,2025-07-31 08:00:00,8,7,3,33.79,86.82,4.89,38.62,43.54,25.27,4.47,0.57,21.33,0.57,1.64,41.78191118483975,68.37135037474683,6.079907889443911,15.561633955283654,17.531910718477057,12.441011548036926,7.08902720931348,0.7225144311580904,30.085105314729088,1.4540714331745044,1.5841194761904684
2025-07-31 16:00:00,33.79,86.82,4.89,38.62,43.54,25.27,4.47,0.57,21.33,0.57,1.64,,,0.52,0.59,23.66,85.0,1.58,228.05,0.0,0.0,,,,2025-07-31 16:00:00,16,7,3,33.3,86.82,4.9,38.76,43.5,25.32,4.62,0.62,21.35,0.57,1.64,37.976577801711386,59.19431882281042,5.98404257142858,15.04263917460319,21.118500658730202,10.169154255974123,7.627770648656892,0.7180276808273822,29.652065460317463,1.0909032619047638,1.639960559218553
2025-08-01 00:00:00,33.3,86.82,4.9,38.76,43.5,25.32,4.62,0.62,21.35,0.57,1.64,,,0.52,0.59,21.97,92.7,1.28,198.13,0.0,0.0,,,,2025-08-01 00:00:00,0,8,4,33.12,86.82,4.84,38.66,43.44,25.16,4.54,0.63,21.11,0.56,1.64,35.14081336358514,67.22195745650347,6.43482309235209,15.138349772837879,13.159405738095234,11.071148009316717,7.649670825396814,0.7530009801092092,28.303711499999974,1.8097640555555576,1.7008994999999902
2025-08-01 08:00:00,33.12,86.82,4.84,38.66,43.44,25.16,4.54,0.63,21.11,0.56,1.64,,,0.52,0.59,26.45,61.54,2.74,269.74,0.0,0.0,,,,2025-08-01 08:00:00,8,8,4,33.47,86.82,4.9,38.79,43.58,25.23,4.61,0.75,21.34,0.57,1.64,77.29789414050242,100.46814553903117,6.742335857864363,14.683872055555609,14.716754238733154,12.036160813420874,7.508245206349196,0.7762341666935656,31.756304650793606,1.2755351893090576,1.4258863571428513
2025-08-01 16:00:00,33.47,86.82,4.9,38.79,43.58,25.23,4.61,0.75,21.34,0.57,1.64,,,0.52,0.59,25.48,67.37,2.19,244.77,0.0,0.0,,,,2025-08-01 16:00:00,16,8,4,33.47,86.82,4.87,38.58,43.66,25.24,4.52,0.82,21.22,0.56,1.63,39.467059629335324,74.33868714852684,6.488642357142854,16.16575698666532,15.682230112105296,12.190110996083313,7.756008626423452,0.7573985337643402,30.50787935714282,1.0445561485018697,1.5898566666666616
2025-08-02 00:00:00,33.47,86.82,4.87,38.58,43.66,25.24,4.52,0.82,21.22,0.56,1.63,,,0.52,0.59,22.96,82.05,2.41,254.34,0.0,0.0,,,,2025-08-02 00:00:00,0,8,5,33.22,86.82,4.88,38.78,43.55,25.15,4.62,0.49,21.29,0.57,1.64,60.461979400023736,63.54914376316889,6.4486309999999945,15.56191597403329,15.170902662698406,10.649986568839626,7.076348285714283,0.8790689627394169,28.21260836507935,1.2557416428571435,1.6724399999999917
2025-08-02 08:00:00,33.22,86.82,4.88,38.78,43.55,25.15,4.62,0.49,21.29,0.57,1.64,,,0.52,0.59,26.29,58.61,2.39,267.28,0.0,0.0,,,,2025-08-02 08:00:00,8,8,5,33.61,86.82,4.87,38.62,44.2,25.31,4.61,0.76,21.24,0.57,1.64,54.28486556914613,99.1623346995056,6.377041309523821,13.70467925396832,13.241348692552231,11.855035820025293,7.546899825396817,0.8007885440664915,31.08568076984122,0.8890772665096337,1.2438347380952375
2025-08-02 16:00:00,33.61,86.82,4.87,38.62,44.2,25.31,4.61,0.76,21.24,0.57,1.64,,,0.53,0.59,26.05,62.67,1.44,240.1,0.0,0.0,,,,2025-08-02 16:00:00,16,8,5,33.46,86.82,4.89,38.78,43.94,25.38,4.66,0.63,21.33,0.56,1.63,41.119062457803714,85.6592173579181,6.789665482539681,14.402485835032884,15.726109675404883,12.56750820731117,7.241668971082405,0.731608220638406,32.14614010317455,1.565691607390853,1.5918281904761855
2025-08-03 00:00:00,33.46,86.82,4.89,38.78,43.94,25.38,4.66,0.63,21.33,0.56,1.63,,,0.52,0.59,23.14,83.38,1.75,246.94,0.0,0.0,,,,2025-08-03 00:00:00,0,8,6,33.14,86.82,4.88,38.85,43.85,25.17,4.71,0.57,21.3,0.57,1.64,43.848641778003106,59.302102606102565,6.430508999734179,15.512934326500949,13.350685941257973,10.491244457728502,7.3264408499507345,0.72339259231096,29.355382912698364,2.002303976190478,1.643059333333325
2025-08-03 08:00:00,33.14,86.82,4.88,38.85,43.85,25.17,4.71,0.57,21.3,0.57,1.64,,,0.52,0.59,26.72,58.24,2.07,262.75,0.0,0.0,,,,2025-08-03 08:00:00,8,8,6,33.4,86.82,5.16,33.01,37.84,19.79,4.66,0.6,21.24,0.57,1.65,119.39209895238103,113.96468150862073,6.558204539682531,13.595772523809597,13.118756036748884,11.985062998395266,7.431214325396819,0.7559130101219487,32.672238422799374,1.3856277023809522,1.2957260714285712
2025-08-03 16:00:00,33.4,86.82,5.16,33.01,37.84,19.79,4.66,0.6,21.24,0.57,1.65,,,0.52,0.59,25.32,72.0,0.96,145.95,0.0,0.0,,,,2025-08-03 16:00:00,16,8,6,33.49,86.82,5.23,32.74,38.01,19.55,4.65,0.73,21.47,0.57,1.63,42.99820618564967,67.82896496585735,5.0013276786388134,13.45041270659327,10.831332199183306,11.190009510082122,6.901749468914424,0.7768239723008153,29.376330738095138,0.5428083565642526,0.7935899419032074
2025-08-04 00:00:00,33.49,86.82,5.23,32.74,38.01,19.55,4.65,0.73,21.47,0.57,1.63,,,0.52,0.58,22.58,92.99,1.88,225.9,0.0,0.0,,,,2025-08-04 00:00:00,0,8,0,33.22,86.82,5.17,32.64,38.02,19.67,4.65,0.59,21.24,0.57,1.64,37.867351273364285,63.024666819547726,6.660906834449339,15.702053786566823,12.614087797619058,12.17381125396818,7.57900079365079,0.7532668784463945,28.519990279220732,2.1260096904761903,1.6869045714285622
2025-08-04 08:00:00,33.22,86.82,5.17,32.64,38.02,19.67,4.65,0.59,21.24,0.57,1.64,,,0.52,0.59,26.65,62.24,2.42,266.06,0.0,0.0,,,,2025-08-04 08:00:00,8,8,0,33.99,86.82,5.17,32.69,37.94,19.59,4.64,0.73,21.24,0.57,1.64,86.56018079312179,110.97173039639424,6.586443634920647,14.417987301587344,13.847963864675831,11.779122347413816,7.61892353968254,0.7842732917617372,28.69816648412698,1.6321336785714295,1.540135023809516
2025-08-04 16:00:00,33.99,86.82,5.17,32.69,37.94,19.59,4.64,0.73,21.24,0.57,1.64,,,0.52,0.59,24.57,79.65,1.68,203.65,0.0,0.0,,,,2025-08-04 16:00:00,16,8,0,33.31,86.82,5.19,32.75,37.7,19.7,4.52,0.73,21.32,0.56,1.63,41.82576710164309,77.24842358432322,6.516159014732009,15.608697091170468,11.219296038761575,9.34963439768965,6.550117167388182,0.7319863944326768,30.200772246031732,2.9056485981921614,1.6715586465201406
2025-08-05 00:00:00,33.31,86.82,5.19,32.75,37.7,19.7,4.52,0.73,21.32,0.56,1.63,,,0.52,0.58,22.79,89.14,1.9,233.12,0.0,0.0,,,,2025-08-05 00:00:00,0,8,1,33.16,86.82,5.18,32.78,37.86,19.68,4.63,0.72,21.29,0.57,1.64,41.13885089593352,61.08398767301731,6.5498342548769495,15.927686540475586,13.722352068181815,11.907122261904687,7.434357100373489,0.7667840958706547,28.07409323809522,2.579599079365079,1.6798592380952286
2025-08-05 08:00:00,33.16,86.82,5.18,32.78,37.86,19.68,4.63,0.72,21.29,0.57,1.64,,,0.52,0.59,26.13,66.54,1.89,236.18,0.0,0.0,,,,2025-08-05 08:00:00,8,8,1,33.54,86.82,5.17,32.54,37.84,19.7,4.56,0.53,21.26,0.57,1.64,41.34479462965452,73.60195623026429,6.605015845944911,15.25449978117938,15.772637196365725,12.974063733679182,7.507205237520774,0.7607368788251315,28.65899519047619,1.5538715605357443,1.5826398095238008
2025-08-05 16:00:00,33.54,86.82,5.17,32.54,37.84,19.7,4.56,0.53,21.26,0.57,1.64,,,0.52,0.59,24.36,77.66,1.37,212.55,0.0,0.0,,,,2025-08-05 16:00:00,16,8,1,33.29,86.82,5.19,32.55,37.94,19.74,4.59,0.63,21.31,0.56,1.63,36.954238953262454,58.45558020931995,6.373837954945395,15.73136082276607,11.994674752862723,9.878759108188877,7.144620388888901,0.7336586142707553,29.59550907142853,2.033910723741984,1.6444637417582362
2025-08-06 00:00:00,33.29,86.82,5.19,32.55,37.94,19.74,4.59,0.63,21.31,0.56,1.63,,,0.52,0.59,23.05,83.42,2.05,250.07,0.0,0.0,,,,2025-08-06 00:00:00,0,8,2,33.11,86.82,5.18,32.93,37.87,19.74,4.63,0.56,21.31,0.57,1.65,44.273483569003844,59.46627034722973,6.557099082368076,15.783750166450766,13.397662551533674,11.821163918767441,9.834783587991712,0.712619841276805,28.054079484126955,1.8671300158730184,1.686596999999991
2025-08-06 08:00:00,33.11,86.82,5.18,32.93,37.87,19.74,4.63,0.56,21.31,0.57,1.65,,,0.52,0.59,26.1,62.93,2.27,256.46,0.0,0.0,,,,2025-08-06 08:00:00,8,8,2,33.45,86.82,5.2,32.58,37.7,19.64,4.54,0.61,21.35,0.57,1.64,47.93801426574324,92.22124448592977,6.593938960317473,14.947129086441382,15.367024890298731,12.906890091321179,10.98626233151794,0.788578352625036,30.154532984126966,1.7995796071428576,1.5498254285714208
2025-08-06 16:00:00,33.45,86.82,5.2,32.58,37.7,19.64,4.54,0.61,21.35,0.57,1.64,,,0.52,0.59,25.44,71.36,2.02,232.76,0.0,0.0,,,,2025-08-06 16:00:00,16,8,2,33.49,86.82,5.25,32.62,37.75,19.82,5.5,0.68,21.25,0.56,1.64,37.63576464265124,70.89891358671652,6.641536596681086,16.225036851748722,15.935111289130058,11.951474044388481,10.942190442572553,0.7742557223885871,28.71234146825394,2.1582132242066923,1.6382855952380897
2025-08-07 00:00:00,33.49,86.82,5.25,32.62,37.75,19.82,5.5,0.68,21.25,0.56,1.64,,,0.52,0.59,22.67,91.83,1.5,215.26,0.0,0.0,,,,2025-08-07 00:00:00,0,8,3,33.18,86.82,5.2,32.81,37.99,19.63,5.1,0.91,21.32,0.57,1.64,39.47841711716567,61.63147817588682,6.406575099630491,15.607745210484218,13.58336573611109,10.442089515151475,7.555751987078838,0.7603744415036222,28.148503666666624,1.4982787142857172,1.6649503333333224
2025-08-07 08:00:00,33.18,86.82,5.2,32.81,37.99,19.63,5.1,0.91,21.32,0.57,1.64,,,0.52,0.59,25.6,70.76,2.09,251.66,0.0,0.0,,,,2025-08-07 08:00:00,8,8,3,33.27,86.82,5.24,32.54,37.41,19.47,4.84,0.72,21.48,0.57,1.64,38.84943301799657,77.67514908986638,6.63478257142856,16.002424276584282,15.188233933990137,12.74975427336519,8.247697776712677,0.7597524459345417,29.23011242857138,2.749996218253969,1.677671666666657
2025-08-07 16:00:00,33.27,86.82,5.24,32.54,37.41,19.47,4.84,0.72,21.48,0.57,1.64,,,0.52,0.59,26.41,65.33,1.41,199.56,0.0,0.0,,,,2025-08-07 16:00:00,16,8,3,33.42,86.82,5.18,32.66,37.55,19.88,4.49,0.71,21.27,0.56,1.63,55.57925779271205,75.94233283224503,6.738911387301592,15.172725255178461,15.542387673881466,12.936962702918851,7.300441568029847,0.7623019756147735,29.788446825396782,1.1766789896273735,1.5988197142857092
2025-08-08 00:00:00,33.42,86.82,5.18,32.66,37.55,19.88,4.49,0.71,21.27,0.56,1.63,,,0.52,0.58,23.4,85.3,1.78,227.24,0.0,0.0,,,,2025-08-08 00:00:00,0,8,4,33.22,86.82,5.21,32.52,37.59,19.81,4.65,0.65,21.34,0.57,1.64,38.43123736159096,61.834416855207124,6.4855508421989185,15.77303310153929,13.406413056939627,10.459443741968522,7.575191754379815,0.7182726640700929,29.70170217460314,2.88001730952381,1.6826570512820427
2025-08-08 08:00:00,33.22,86.82,5.21,32.52,37.59,19.81,4.65,0.65,21.34,0.57,1.64,,,0.51,0.59,26.24,67.47,1.42,235.13,0.0,0.0,,,,2025-08-08 08:00:00,8,8,4,33.3,86.82,5.17,32.77,37.29,19.82,4.52,0.73,21.23,0.57,1.64,40.87455200070138,72.58690867402902,6.7852229547619025,15.17622600464921,15.619226284271075,13.181610444592806,7.190160271992399,0.7898510597951606,30.32907148412694,1.8540748697133258,1.6655139999999917
2025-08-08 16:00:00,33.3,86.82,5.17,32.77,37.29,19.82,4.52,0.73,21.23,0.57,1.64,,,0.51,0.59,24.96,71.34,1.46,202.8,0.0,0.0,,,,2025-08-08 16:00:00,16,8,4,33.33,86.82,5.22,32.35,37.91,19.54,4.79,0.74,21.44,0.57,1.62,39.284087576673365,64.82892068423105,7.322500259553906,17.47592568633799,17.50765744152809,12.507345843592498,7.12504045281489,0.7434086839207804,40.318488159112114,2.0589830651304557,1.9772029891088214
2025-08-09 00:00:00,33.33,86.82,5.22,32.35,37.91,19.54,4.79,0.74,21.44,0.57,1.62,,,0.52,0.58,23.46,81.88,1.98,226.4,0.0,0.0,,,,2025-08-09 00:00:00,0,8,5,33.24,86.82,5.2,32.52,37.76,19.81,4.53,0.58,21.35,0.57,1.64,49.61344447174529,56.19643297359843,6.543812776377208,16.025836316807556,13.56793011207747,11.320303478917834,7.021568378089258,0.7161120268008805,29.64972517676764,2.8906407142857136,1.6377719084249003
2025-08-09 08:00:00,33.24,86.82,5.2,32.52,37.76,19.81,4.53,0.58,21.35,0.57,1.64,,,0.52,0.59,26.14,66.41,2.08,245.75,0.0,0.0,,,,2025-08-09 08:00:00,8,8,5,33.42,86.82,5.19,32.53,37.89,19.7,4.66,0.66,21.34,0.57,1.64,39.13052960807754,72.947839886187,6.616763587301576,15.166103263736316,15.51915905333829,12.755702603940609,8.083103973088125,0.7476461880883917,30.478043462481917,2.0854275833333356,1.6510797619047535
2025-08-09 16:00:00,33.42,86.82,5.19,32.53,37.89,19.7,4.66,0.66,21.34,0.57,1.64,,,0.52,0.59,22.83,84.86,1.59,194.0,0.0,0.0,,,,2025-08-09 16:00:00,16,8,5,33.4,86.82,5.21,32.57,37.59,19.65,4.49,0.7,21.41,0.57,1.63,43.808538716215246,63.255977447360166,6.403252616072554,15.529040849965499,12.613832580200487,10.238077378363432,7.403396662031164,0.7379398427583247,29.364690579365067,1.6619660793650837,1.6590778174603111
2025-08-10 00:00:00,33.4,86.82,5.21,32.57,37.59,19.65,4.49,0.7,21.41,0.57,1.63,,,0.51,0.58,22.42,93.12,2.11,233.14,0.0,0.0,,,,2025-08-10 00:00:00,0,8,6,33.36,86.82,5.21,32.52,37.71,19.6,4.59,0.58,21.39,0.57,1.64,34.38059831688887,71.76770528307695,6.552466833333334,15.66515591174909,13.642974039682535,12.11765333333326,10.260985166666657,0.8842555717514285,28.953394174603133,1.4482433253968252,1.674573999999991
2025-08-10 08:00:00,33.36,86.82,5.21,32.52,37.71,19.6,4.59,0.58,21.39,0.57,1.64,,,0.52,0.59,24.17,80.65,1.73,218.51,0.0,0.0,,,,2025-08-10 08:00:00,8,8,6,33.46,86.82,5.19,32.52,38.09,19.6,4.56,0.65,21.35,0.57,1.64,48.22631913706021,61.20344508284444,6.403923328738506,15.744398326515569,13.196392214868041,10.290256463044827,7.353547056299935,0.7432448287739309,29.548918547618992,2.126685834853093,1.6371817655677583
2025-08-10 16:00:00,33.46,86.82,5.19,32.52,38.09,19.6,4.56,0.65,21.35,0.57,1.64,,,0.52,0.59,22.46,93.15,1.57,195.75,0.0,0.0,,,,2025-08-10 16:00:00,16,8,6,33.22,86.82,5.2,32.46,37.64,19.7,4.28,0.58,21.36,0.56,1.62,43.4737861225278,66.1676975755899,6.372372738095242,15.26096835196187,12.041920261904751,10.398724038961,7.7087849124474115,0.7466282331624228,29.479004412698394,2.1246009761904787,1.6805081507936446
2025-08-11 00:00:00,33.22,86.82,5.2,32.46,37.64,19.7,4.28,0.58,21.36,0.56,1.62,,,0.52,0.58,21.98,93.19,1.96,235.94,0.0,0.0,,,,2025-08-11 00:00:00,0,8,0,33.14,86.82,5.19,32.79,37.83,19.72,4.49,0.53,21.32,0.57,1.64,36.53715957258459,63.57133411235533,6.641689766350768,15.167779434092493,12.015957127705642,11.514522134920576,7.542143269841268,0.757519563973321,28.466906977633432,3.3825519285714276,1.6891075714285622
2025-08-11 08:00:00,33.14,86.82,5.19,32.79,37.83,19.72,4.49,0.53,21.32,0.57,1.64,,,0.52,0.59,25.24,69.05,2.27,259.0,0.0,0.0,,,,2025-08-11 08:00:00,8,8,0,33.37,86.82,5.2,32.71,37.71,19.84,4.31,0.64,21.37,0.57,1.64,44.103977617608194,78.3790950972503,6.899026420634929,16.5564747714202,16.92797232478737,12.50127538918122,9.882006431881846,0.7990396260090242,28.614114523809494,2.98603924768335,1.6491569999999902
2025-08-11 16:00:00,33.37,86.82,5.2,32.71,37.71,19.84,4.31,0.64,21.37,0.57,1.64,,,0.52,0.59,23.97,73.56,2.23,252.7,0.0,0.0,,,,2025-08-11 16:00:00,16,8,0,33.34,86.82,5.14,32.95,38.26,19.65,4.62,0.53,21.14,0.56,1.64,47.77522766702533,67.86863678633567,6.545205476190482,15.596011850128889,17.412503999999995,10.850451480676293,7.14905452930403,0.7566577824093642,29.641624738095203,1.487886012020779,1.6416587380952332
2025-08-12 00:00:00,33.34,86.82,5.14,32.95,38.26,19.65,4.62,0.53,21.14,0.56,1.64,,,0.53,0.58,22.61,81.92,2.25,252.07,0.0,0.0,,,,2025-08-12 00:00:00,0,8,1,33.16,86.82,5.25,32.5,37.82,19.59,4.66,0.47,21.56,0.58,1.64,54.454817945817155,63.80908216005563,6.406103634920631,15.145290073322807,13.172195345238096,11.009057871148425,6.821699904761905,0.7998789850431319,27.715516095238076,1.3366367142857158,1.7183209047618961
2025-08-12 08:00:00,33.16,86.82,5.25,32.5,37.82,19.59,4.66,0.47,21.56,0.58,1.64,,,0.52,0.59,25.04,63.84,2.86,268.21,0.0,0.0,,,,2025-08-12 08:00:00,8,8,1,33.58,86.82,5.2,32.59,38.22,19.81,4.66,0.54,21.36,0.57,1.64,45.9134161154604,80.90512365491175,7.169733857864369,16.60406689249637,17.156299741142075,12.281770229833812,7.26331573809524,0.8116693690031047,36.520472388888855,1.396870761615488,1.7682645476190473
2025-08-12 16:00:00,33.58,86.82,5.2,32.59,38.22,19.81,4.66,0.54,21.36,0.57,1.64,,,0.53,0.59,23.26,82.58,1.89,248.72,0.0,0.0,,,,2025-08-12 16:00:00,16,8,1,33.45,86.82,5.13,32.87,37.88,19.78,4.38,0.63,21.08,0.56,1.64,52.473955094616734,57.50590600248971,6.522145738643185,15.801875424238611,12.396382766057588,11.137192120066166,7.33316651587302,0.7158209062240952,29.85496763492062,3.431407095238095,1.6670305952380897
2025-08-13 00:00:00,33.45,86.82,5.13,32.87,37.88,19.78,4.38,0.63,21.08,0.56,1.64,,,0.52,0.59,21.82,93.09,2.38,258.21,0.0,0.0,,,,2025-08-13 00:00:00,0,8,2,33.14,86.82,5.2,32.69,37.7,20.04,4.01,0.62,21.24,0.57,1.65,38.14741546951222,74.37570321935021,6.411739619047617,14.997218660666844,13.526501047619066,10.873770586580042,9.661050714285713,0.8199693970433667,27.66732617460317,1.3855256428571436,1.6872819999999908
2025-08-13 08:00:00,33.14,86.82,5.2,32.69,37.7,20.04,4.01,0.62,21.24,0.57,1.65,,,0.52,0.6,22.93,82.72,2.4,257.35,0.0,0.0,,,,2025-08-13 08:00:00,8,8,2,33.41,86.82,5.19,32.59,37.76,19.6,4.46,0.62,21.3,0.57,1.64,61.25226264883548,66.22905554361331,6.368599523809515,15.414203735812366,14.499049246031749,10.592143338680899,9.201227238095239,0.8289848525521334,28.114742920634914,1.5704059285714305,1.7097923333333247
2025-08-13 16:00:00,33.41,86.82,5.19,32.59,37.76,19.6,4.46,0.62,21.3,0.57,1.64,,,0.52,0.59,22.5,88.32,1.56,204.25,0.0,0.0,,,,2025-08-13 16:00:00,16,8,2,33.31,86.82,5.16,32.83,37.75,19.76,4.54,0.7,21.19,0.56,1.64,45.95699665000029,70.18826747287099,6.392378899887881,15.222843627916474,11.148477059523804,9.980811658008625,12.15514750729071,0.6965584056092878,28.86240700793647,1.7294860952381002,1.6909866746031683
2025-08-14 00:00:00,33.31,86.82,5.16,32.83,37.75,19.76,4.54,0.7,21.19,0.56,1.64,,,0.52,0.59,21.91,88.35,1.05,167.9,0.0,0.0,,,,2025-08-14 00:00:00,0,8,3,33.23,86.82,5.19,32.77,37.93,19.87,4.69,0.64,21.33,0.57,1.64,47.091406127644376,84.80883019050043,6.233972863670221,13.783586272486868,15.783928454545446,11.12602437439608,7.7869195868937355,0.7232549132374836,26.447763174603136,0.5370195837275892,1.0723900905399497
2025-08-14 08:00:00,33.23,86.82,5.19,32.77,37.93,19.87,4.69,0.64,21.33,0.57,1.64,,,0.52,0.59,24.24,73.37,2.13,256.24,0.0,0.0,,,,2025-08-14 08:00:00,8,8,3,33.24,86.82,5.19,32.69,37.79,19.66,4.58,0.56,21.32,0.57,1.64,39.98670669613305,71.84083942338228,6.463934847763338,15.748292640501088,18.080813076641558,11.528570356122492,7.63320556372397,0.7552139045665323,28.257181063492045,1.2310288212267892,1.6338059560439495
2025-08-14 16:00:00,33.24,86.82,5.19,32.69,37.79,19.66,4.58,0.56,21.32,0.57,1.64,,,0.52,0.59,23.17,76.27,1.17,205.35,0.0,0.0,,,,2025-08-14 16:00:00,16,8,3,33.41,86.82,5.18,32.55,38.07,19.8,4.63,0.55,21.3,0.56,1.63,63.21399713191969,65.48435094734826,5.830025437910464,14.926719115715985,14.620975321428556,10.709863214285667,7.048232903540904,0.719960143592811,28.913400261904755,1.0653552142857141,1.175484651437451
2025-08-15 00:00:00,33.41,86.82,5.18,32.55,38.07,19.8,4.63,0.55,21.3,0.56,1.63,,,0.52,0.59,21.64,87.37,1.08,168.49,0.0,0.0,,,,2025-08-15 00:00:00,0,8,4,33.23,86.82,5.17,32.69,37.87,19.75,4.61,0.62,21.24,0.57,1.64,54.421139599839414,105.90795830526022,6.421186537551898,14.245810891690063,15.667816656926389,11.26238245376116,7.219119333646983,0.7005110960733474,26.627200984126944,0.7976649653679637,1.097986850427349
2025-08-15 08:00:00,33.23,86.82,5.17,32.69,37.87,19.75,4.61,0.62,21.24,0.57,1.64,,,0.52,0.59,24.67,71.3,1.91,249.93,0.0,0.0,,,,2025-08-15 08:00:00,8,8,4,33.27,86.82,5.19,32.45,37.98,19.69,4.56,0.6,21.33,0.57,1.63,38.89957014139602,70.87152131114833,6.520985292957039,16.452584647853914,16.11063891422105,12.104974529621021,7.290443225204296,0.6818964578764312,29.81954670174104,1.4957235204075539,1.642101582633046
2025-08-15 16:00:00,33.27,86.82,5.19,32.45,37.98,19.69,4.56,0.6,21.33,0.57,1.63,,,0.52,0.59,23.67,74.93,1.8,244.86,0.0,0.0,,,,2025-08-15 16:00:00,16,8,4,33.28,86.82,5.17,32.81,37.8,19.82,4.59,0.61,21.26,0.56,1.63,44.23423601267162,64.65637685733573,6.395115058812291,15.558601662466346,14.33670293578112,10.098158980785263,8.909205845982477,0.7254415232694075,29.414576777777768,2.5799640714285728,1.6515007258852203
2025-08-16 00:00:00,33.28,86.82,5.17,32.81,37.8,19.82,4.59,0.61,21.26,0.56,1.63,,,0.52,0.59,22.35,83.19,1.34,237.95,0.0,0.0,,,,2025-08-16 00:00:00,0,8,5,33.19,86.82,5.18,32.6,37.83,19.56,4.41,0.64,21.28,0.57,1.64,39.31080108331109,64.71542951565084,6.434318754197582,15.318036002874813,12.546058019841258,10.600040332611792,7.056665035420841,0.75225334412753,29.389780499999944,1.690421571428574,1.6849703333333232
2025-08-16 08:00:00,33.19,86.82,5.18,32.6,37.83,19.56,4.41,0.64,21.28,0.57,1.64,,,0.52,0.59,25.23,67.29,2.21,258.39,0.0,0.0,,,,2025-08-16 08:00:00,8,8,5,33.42,86.82,5.18,32.78,37.5,19.77,4.51,0.64,21.27,0.57,1.64,37.361749193959106,77.44603618981381,6.896340725396825,16.61272991275863,16.628687557668933,12.536626357866142,7.580246565095889,0.7671007505123321,31.30112969047615,1.8314521240569848,1.6613774285714202
2025-08-16 16:00:00,33.42,86.82,5.18,32.78,37.5,19.77,4.51,0.64,21.27,0.57,1.64,,,0.51,0.59,23.51,79.55,1.38,229.26,0.0,0.0,,,,2025-08-16 16:00:00,16,8,5,33.32,86.82,5.23,32.78,38.19,19.74,4.71,0.63,21.49,0.57,1.63,45.73319868625158,58.942536903003806,6.386030254463401,15.317833476152394,11.519444258771916,10.07374717919796,7.200404547630849,0.7266562720457861,29.79852949999995,2.5892722380952424,1.6421404877899821
2025-08-17 00:00:00,33.32,86.82,5.23,32.78,38.19,19.74,4.71,0.63,21.49,0.57,1.63,,,0.52,0.59,22.59,85.52,1.53,241.81,0.0,0.0,,,,2025-08-17 00:00:00,0,8,6,33.21,86.82,5.17,32.56,37.93,19.78,4.58,0.52,21.22,0.57,1.64,40.83835032976364,66.1840706955458,6.434788642591327,15.413959875506425,12.582639684523794,10.623938586580046,7.932627987656756,0.7508922156995739,29.177828952380914,1.5020114761904784,1.6574199999999895
2025-08-17 08:00:00,33.21,86.82,5.17,32.56,37.93,19.78,4.58,0.52,21.22,0.57,1.64,,,0.52,0.59,24.14,76.98,1.64,251.64,0.0,0.0,,,,2025-08-17 08:00:00,8,8,6,33.28,86.82,5.17,32.89,38.13,19.74,4.44,0.59,21.24,0.57,1.64,44.99124931415703,63.89631257325783,6.406694519214696,15.782531826631505,14.637107929875267,10.422229167293198,7.5689469683878485,0.7528174410318262,29.69828114285711,1.760237453900713,1.6372770036629956
2025-08-17 16:00:00,33.28,86.82,5.17,32.89,38.13,19.74,4.44,0.59,21.24,0.57,1.64,,,0.52,0.59,23.02,79.8,1.62,248.7,0.0,0.0,,,,2025-08-17 16:00:00,16,8,6,33.27,86.82,5.2,32.66,37.57,19.57,4.54,0.55,21.37,0.56,1.63,57.39282249133872,66.71128612838794,6.385171968253967,15.29655288165773,11.367367615914771,10.085061357142823,7.181420461061842,0.7315941787020117,29.003319158730125,1.9949365238095276,1.659620817460311
2025-08-18 00:00:00,33.27,86.82,5.2,32.66,37.57,19.57,4.54,0.55,21.37,0.56,1.63,,,0.52,0.58,21.84,89.68,0.94,184.0,0.0,0.0,,,,2025-08-18 00:00:00,0,8,0,33.18,86.82,5.19,32.57,37.99,19.7,4.49,0.57,21.33,0.57,1.64,46.00922319414698,80.23719361581558,6.2336737677416245,13.199627835978943,12.544347450437273,11.470717417874317,7.348236755637101,0.7140604608172653,25.02572825729821,0.4569443865358924,0.936992996660541
2025-08-18 08:00:00,33.18,86.82,5.19,32.57,37.99,19.7,4.49,0.57,21.33,0.57,1.64,,,0.52,0.59,23.47,80.69,1.78,247.75,0.0,0.0,,,,2025-08-18 08:00:00,8,8,0,33.21,86.82,5.22,32.47,37.65,19.65,4.59,0.59,21.46,0.57,1.64,51.71274117139129,59.43571183664871,6.554113353849036,15.138262431361458,10.922060135105186,9.751183842203513,7.117857484126983,0.7416292083178382,29.8857256349206,3.5110418095238094,1.6930401465201383
2025-08-18 16:00:00,33.21,86.82,5.22,32.47,37.65,19.65,4.59,0.59,21.46,0.57,1.64,,,0.52,0.59,23.19,77.07,1.65,240.87,0.0,0.0,,,,2025-08-18 16:00:00,16,8,0,33.22,86.82,5.17,32.35,37.72,19.63,4.52,0.62,21.24,0.56,1.62,62.60757638045525,70.8640343221009,6.550306984206981,15.121960422632423,11.992986821428563,9.523588193362166,7.162872825396832,0.7401548410333617,30.0400559126984,2.3604187142857196,1.6852299285714225
2025-08-19 00:00:00,33.22,86.82,5.17,32.35,37.72,19.63,4.52,0.62,21.24,0.56,1.62,,,0.52,0.58,21.97,80.45,1.4,226.18,0.0,0.0,,,,2025-08-19 00:00:00,0,8,1,33.15,68.76,5.18,32.81,37.58,19.75,4.46,0.56,21.24,0.57,1.64,50.7524142880027,98.18929229754981,6.430219168965293,14.843948670516074,10.657507460317449,9.776768555555522,6.910106604617616,0.737220633896804,28.162741404761885,1.798013095238098,1.6983193333333237
2025-08-19 08:00:00,33.15,68.76,5.18,32.81,37.58,19.75,4.46,0.56,21.24,0.57,1.64,,,0.52,0.59,24.39,65.03,1.75,248.9,0.0,0.0,,,,2025-08-19 08:00:00,8,8,1,33.28,86.82,5.21,32.64,37.77,19.76,4.41,0.46,24.4,0.57,1.64,43.22731788420278,90.55010777730232,6.41402214282793,16.14111776165403,14.194421039062362,10.25759993416942,7.2763146428571455,0.68057221729072,28.623784373015862,1.5102046703118661,1.644984765567758
2025-08-19 16:00:00,33.28,86.82,5.21,32.64,37.77,19.76,4.41,0.46,24.4,0.57,1.64,,,0.52,0.59,23.4,69.01,1.59,246.93,0.0,0.0,,,,2025-08-19 16:00:00,16,8,1,33.43,49.0,5.25,32.69,37.62,19.65,4.43,0.62,24.57,0.57,1.63,49.1361954799064,81.43819143255847,6.431190212424994,15.725001016568857,13.141781221491037,9.749738091896385,8.89058607142858,0.6941270741070312,29.177873619047606,2.0737104938849926,1.6942679798534739
2025-08-20 00:00:00,33.43,49.0,5.25,32.69,37.62,19.65,4.43,0.62,24.57,0.57,1.63,,,0.52,0.58,21.7,85.31,1.01,193.67,0.0,0.0,,,,2025-08-20 00:00:00,0,8,2,33.17,86.82,5.19,32.47,38.09,19.69,4.49,0.63,24.32,0.57,1.63,46.800469659766414,117.67367428422969,5.246200764238437,13.555861880952488,14.533389543243779,11.574268471194237,7.516899496317642,0.7217679819984,25.617990888888855,0.49186023848949384,0.8390588861430387
2025-08-20 08:00:00,33.17,86.82,5.19,32.47,38.09,19.69,4.49,0.63,24.32,0.57,1.63,,,0.52,0.59,25.16,60.65,2.0,270.54,0.0,0.0,,,,2025-08-20 08:00:00,8,8,2,33.32,86.82,5.21,32.69,37.6,19.71,4.51,0.6,24.38,0.57,1.64,43.1979598368028,86.33856417073478,6.920094881705252,16.54715483394386,16.072228705595663,12.615819647977887,12.063548516717315,0.767268683273707,30.861706888888875,1.3692085724911138,1.4078995476190461
2025-08-20 16:00:00,33.32,86.82,5.21,32.69,37.6,19.71,4.51,0.6,24.38,0.57,1.64,,,0.52,0.59,23.92,70.36,1.7,244.55,0.0,0.0,,,,2025-08-20 16:00:00,16,8,2,33.39,49.0,5.2,32.75,37.84,19.72,4.3,0.59,24.36,0.56,1.63,45.58854064945477,76.47781957659082,6.386378060817341,16.06042818495021,13.371146571113645,10.12094681860446,10.390955557089988,0.6744967957158724,28.854331690476165,1.7043431492448513,1.6468993449328397
2025-08-21 00:00:00,33.39,49.0,5.2,32.75,37.84,19.72,4.3,0.59,24.36,0.56,1.63,,,0.52,0.59,21.47,86.38,1.32,191.55,0.0,0.0,,,,2025-08-21 00:00:00,0,8,3,33.15,86.82,5.18,32.88,37.72,19.6,4.31,0.56,24.26,0.57,1.65,41.23094938800474,101.48299037722276,6.424867521750853,15.243716695993712,12.615011865079355,10.899094055492764,7.29309613463559,0.7443156647760498,28.085543063492054,1.5949027936507978,1.69773999999999
2025-08-21 08:00:00,33.15,86.82,5.18,32.88,37.72,19.6,4.31,0.56,24.26,0.57,1.65,,,0.52,0.59,25.16,64.86,2.17,278.84,0.0,0.0,,,,2025-08-21 08:00:00,8,8,3,33.92,86.82,5.19,32.6,37.69,19.58,4.47,0.62,24.31,0.57,1.64,42.445715493235475,92.2403278546161,6.6903097539682514,16.51997723395203,16.311100376004905,12.775359272461957,7.93420245773525,0.7650196591101724,30.447000285714253,1.8505185196622749,1.6752299999999911
2025-08-21 16:00:00,33.92,86.82,5.19,32.6,37.69,19.58,4.47,0.62,24.31,0.57,1.64,,,0.52,0.59,24.65,73.13,1.5,202.44,0.0,0.0,,,,2025-08-21 16:00:00,16,8,3,33.59,49.0,5.22,32.5,38.11,19.75,4.53,0.81,24.38,0.57,1.63,43.15153412740196,66.22031047912954,6.358297377889157,15.649627427270778,17.879881094893893,11.342094949699252,6.528590340671156,0.7299608426556303,29.8298943044733,1.7065393338319854,1.6340026144527928
2025-08-22 00:00:00,33.59,49.0,5.22,32.5,38.11,19.75,4.53,0.81,24.38,0.57,1.63,,,0.52,0.58,22.74,87.09,1.68,232.85,0.0,0.0,,,,2025-08-22 00:00:00,0,8,4,33.14,86.82,5.21,32.69,37.54,19.71,4.48,0.7,24.37,0.57,1.64,42.810052756090336,64.2777796902355,6.41849118643801,15.594949843463223,14.134395148024895,10.629749197691151,7.437241276253597,0.763041586791861,28.515106539682513,1.5285111269841296,1.6566846666666566
2025-08-22 08:00:00,33.14,86.82,5.21,32.69,37.54,19.71,4.48,0.7,24.37,0.57,1.64,,,0.52,0.59,25.85,64.71,1.57,248.15,0.0,0.0,,,,2025-08-22 08:00:00,8,8,4,33.71,83.8,5.15,32.67,37.69,19.62,4.36,0.73,24.14,0.57,1.64,48.2509249009816,104.45189770546642,6.768205387244627,15.257781722802909,15.896758027968565,12.745902299545916,7.317351121393926,0.7617070218875921,30.56497022222218,0.9328346418790259,1.5611349523809448
2025-08-22 16:00:00,33.71,83.8,5.15,32.67,37.69,19.62,4.36,0.73,24.14,0.57,1.64,,,0.52,0.59,24.5,76.73,1.6,224.15,0.0,0.0,,,,2025-08-22 16:00:00,16,8,4,33.37,77.16,5.18,32.75,38.04,19.6,4.58,0.58,24.28,0.56,1.63,39.0043873393668,62.68813705734703,6.384168528842255,15.846821301313181,13.6115875764505,10.491194211757842,7.673588524696274,0.7560606566190958,29.21304734126984,1.838866050573119,1.633169202075696
2025-08-23 00:00:00,33.37,77.16,5.18,32.75,38.04,19.6,4.58,0.58,24.28,0.56,1.63,,,0.52,0.58,22.6,90.1,2.1,226.22,0.0,0.0,,,,2025-08-23 00:00:00,0,8,5,33.14,72.31,5.19,32.75,37.86,19.94,4.65,0.54,24.3,0.57,1.64,39.194038811846035,73.05977031125238,6.5316445952380935,15.93034797623926,14.176495898809524,11.717277999999947,12.914963044817933,0.876046455510178,28.72697279365075,1.1812623492063494,1.6576443333333244
2025-08-23 08:00:00,33.14,72.31,5.19,32.75,37.86,19.94,4.65,0.54,24.3,0.57,1.64,,,0.52,0.6,25.66,63.48,1.99,252.39,0.0,0.0,,,,2025-08-23 08:00:00,8,8,5,33.36,73.33,5.22,32.45,38.27,19.7,4.6,0.71,24.45,0.57,1.63,43.224010163700875,89.38173847735645,6.700467658730157,15.36896397860357,15.151772086673564,12.846773594560304,7.7055132192509825,0.7553618557054947,30.77621116883113,1.8009475550887062,1.6371680952380878
2025-08-23 16:00:00,33.36,73.33,5.22,32.45,38.27,19.7,4.6,0.71,24.45,0.57,1.63,,,0.53,0.59,24.63,67.77,1.55,228.31,0.0,0.0,,,,2025-08-23 16:00:00,16,8,5,33.35,72.07,5.18,32.54,37.61,19.7,4.47,0.57,24.29,0.56,1.63,39.36571283657297,70.81465098599597,6.411032245614031,16.26298443371026,14.527332976836014,11.326265181858224,7.1006422043499615,0.7058031334075237,29.747054860028857,1.57417546875262,1.6409447735042677
2025-08-24 00:00:00,33.35,72.07,5.18,32.54,37.61,19.7,4.47,0.57,24.29,0.56,1.63,,,0.51,0.58,22.15,84.53,1.59,207.93,0.0,0.0,,,,2025-08-24 00:00:00,0,8,6,33.2,72.27,5.19,32.59,38.15,19.75,4.47,0.63,24.31,0.57,1.64,36.06763512560014,82.67465666239038,6.429698801321483,15.299595004274716,12.184391845238085,10.530709119047572,7.341252304166805,0.7587062707145293,29.24187476984123,1.6708484285714307,1.6889643333333226
2025-08-24 08:00:00,33.2,72.27,5.19,32.59,38.15,19.75,4.47,0.63,24.31,0.57,1.64,,,0.52,0.59,26.19,55.33,2.26,261.76,0.0,0.0,,,,2025-08-24 08:00:00,8,8,6,38.73,72.16,5.19,32.8,37.66,19.92,4.56,0.7,24.31,0.57,1.64,45.38474168742889,98.07960491504957,6.546284706349213,12.41772365079371,12.953054742304436,12.140525836270726,7.541327428571422,0.8915705464053486,32.44027498412694,1.4847766785714296,1.0117337207792205
2025-08-24 16:00:00,38.73,72.16,5.19,32.8,37.66,19.92,4.56,0.7,24.31,0.57,1.64,,,0.52,0.6,25.28,58.45,2.59,273.84,0.0,0.0,,,,2025-08-24 16:00:00,16,8,6,38.73,73.88,5.24,32.46,37.82,19.77,4.34,0.66,24.51,0.57,1.63,44.47193517074953,84.47057965923402,6.776691261904767,14.671152476190505,15.120371096190171,11.846916769113449,7.4191461587301495,0.740714115675066,33.051202341269786,1.1635275131545013,1.2901802380952383
2025-08-25 00:00:00,38.73,73.88,5.24,32.46,37.82,19.77,4.34,0.66,24.51,0.57,1.63,,,0.52,0.59,21.91,82.3,2.65,268.42,0.0,0.0,,,,2025-08-25 00:00:00,0,8,0,38.73,72.48,5.18,32.7,38.11,19.81,4.56,0.53,24.26,0.57,1.64,50.82775094414184,91.850738290193,6.538518357142854,14.854060821025389,13.193891047619054,10.520016546897516,7.0528151746031735,0.8011644233460893,27.731703182539665,1.2765622380952382,1.6951955714285625
2025-08-25 08:00:00,38.73,72.48,5.18,32.7,38.11,19.81,4.56,0.53,24.26,0.57,1.64,,,0.52,0.59,25.74,55.76,2.71,271.08,0.0,0.0,,,,2025-08-25 08:00:00,8,8,0,38.73,79.54,5.18,32.82,37.5,19.77,4.69,0.74,24.28,0.57,1.64,56.20590390286661,103.69421280056513,6.901279405483414,12.899216285714338,14.2451007236303,11.908121991517671,7.420074460317463,0.8957850614626922,29.41289243650794,0.5918806764069264,1.0782083160173153
2025-08-25 16:00:00,38.73,79.54,5.18,32.82,37.5,19.77,4.69,0.74,24.28,0.57,1.64,,,0.52,0.59,24.84,62.65,1.6,181.75,0.0,0.0,,,,2025-08-25 16:00:00,16,8,0,38.73,78.66,5.2,32.79,37.83,19.77,4.74,0.97,24.37,0.56,1.63,48.27709861523293,88.7060501040485,6.786901501400559,16.44251783309106,16.84799638982359,12.22971441529666,7.06069111904763,0.7156287108499109,38.83041926910409,0.8231721664772516,1.947321438457207
2025-08-26 00:00:00,38.73,78.66,5.2,32.79,37.83,19.77,4.74,0.97,24.37,0.56,1.63,,,0.52,0.59,22.05,83.25,1.21,135.68,0.0,0.0,,,,2025-08-26 00:00:00,0,8,1,38.73,72.77,5.23,32.51,37.77,19.87,4.82,0.78,24.49,0.57,1.64,46.63959389817181,86.33512697733578,6.027179869175631,14.970795841906495,12.770544380952382,10.741984755348467,6.860287326839832,0.731889589831809,27.389833865079336,1.5618550000000027,1.5312184047618973
2025-08-26 08:00:00,38.73,72.77,5.23,32.51,37.77,19.87,4.82,0.78,24.49,0.57,1.64,,,0.52,0.6,25.49,59.58,2.16,250.6,0.0,0.0,,,,2025-08-26 08:00:00,8,8,1,38.73,70.74,5.19,32.69,38.01,19.61,4.66,0.54,24.34,0.57,1.64,44.8269662460805,98.66471260912378,6.573924873015878,15.673525961260978,14.942589999988042,12.449671491495348,8.251738380952382,0.789558252725016,29.09884067460316,0.7783112753962189,1.2386027380952371
2025-08-26 16:00:00,38.73,70.74,5.19,32.69,38.01,19.61,4.66,0.54,24.34,0.57,1.64,,,0.52,0.59,24.31,66.01,2.16,255.51,0.0,0.0,,,,2025-08-26 16:00:00,16,8,1,38.73,74.35,5.19,32.55,37.6,19.76,4.71,0.69,24.33,0.56,1.63,40.47420371204583,76.43906612836955,6.434683722222222,16.319998801452176,14.71311830849706,11.187572940236048,7.854019460317462,0.7123734894388737,28.794623396825383,1.2371544402547832,1.6396239322344275
2025-08-27 00:00:00,38.73,74.35,5.19,32.55,37.6,19.76,4.71,0.69,24.33,0.56,1.63,,,0.52,0.59,22.48,82.81,1.26,243.95,0.0,0.0,,,,2025-08-27 00:00:00,0,8,2,38.73,72.47,5.33,32.68,37.39,19.8,4.62,0.75,24.87,0.58,1.64,45.94849925702165,67.33969913971144,6.380860506535945,15.329746428597572,12.055531865079358,10.751919141648441,7.161205043290046,0.7236734393894995,28.250210825396803,1.548595952380956,1.698661166666657
2025-08-27 08:00:00,38.73,72.47,5.33,32.68,37.39,19.8,4.62,0.75,24.87,0.58,1.64,,,0.51,0.59,23.9,70.72,1.99,252.58,0.0,0.0,,,,2025-08-27 08:00:00,8,8,2,38.73,86.82,5.19,13.51,13.165,12.24,5.53,0.77,30.66,0.84,1.15,46.05723579643151,80.61177115033527,6.513944072871566,16.325329533376,14.994071379681953,11.39508487812826,11.592799485734613,0.688430006242448,28.517132539682535,1.6590662176209199,1.6561318608058526
2025-08-27 16:00:00,38.73,86.82,5.19,13.51,13.165,12.24,5.53,0.77,30.66,0.84,1.15,,,,,24.92,73.16,1.07,,0.0,0.0,,,,2025-08-27 16:00:00,16,8,2,38.73,86.82,5.19,13.51,13.165,12.24,5.53,0.77,30.66,0.84,1.15,52.622275774141265,86.61988605570576,5.538475666786594,14.023042018687669,14.032221247877867,12.215705877419746,8.693451808352298,0.7438470144597906,35.10230395986796,0.717053717677145,1.1806730597077209
2025-08-28 00:00:00,38.73,86.82,5.19,13.51,13.165,12.24,5.53,0.77,30.66,0.84,1.15,,,,,24.92,73.16,1.07,,0.0,0.0,,,,2025-08-28 00:00:00,0,8,3,38.73,86.82,5.19,13.51,13.165,12.24,5.53,0.77,30.66,0.84,1.15,75.36417378867719,103.415447251634,5.579763068507328,13.872370359076816,13.940370165295887,12.10066751077012,9.436061300610358,0.734733138756022,34.77769230074899,0.5406683447286936,1.0201453420405229
2025-08-28 08:00:00,38.73,86.82,5.19,13.51,13.165,12.24,5.53,0.77,30.66,0.84,1.15,,,,,24.92,73.16,1.07,,0.0,0.0,,,,2025-08-28 08:00:00,8,8,3,38.73,86.82,5.19,13.51,13.165,12.24,5.53,0.77,30.66,0.84,1.15,65.50664082602529,88.69388505100191,5.513217668478576,13.931443798363546,13.751404602161356,12.229783830064173,9.071335753381454,0.7408764473384893,34.39340448182668,0.6482917733085042,1.0415545570127707
2025-08-28 16:00:00,38.73,86.82,5.19,13.51,13.165,12.24,5.53,0.77,30.66,0.84,1.15,,,,,24.92,73.16,1.07,,0.0,0.0,,,,2025-08-28 16:00:00,16,8,3,38.73,86.82,5.19,13.51,13.165,12.24,5.53,0.77,30.66,0.84,1.15,62.70141977636212,87.70866650778662,5.409939772730128,13.83123039360165,13.606169002738751,12.229423830064173,9.061490464862441,0.7295126075703201,34.603246698276905,0.6428806565485727,1.0190926038088104
2025-08-29 00:00:00,38.73,86.82,5.19,13.51,13.165,12.24,5.53,0.77,30.66,0.84,1.15,,,,,24.92,73.16,1.07,,0.0,0.0,,,,2025-08-29 00:00:00,0,8,4,38.73,69.54,5.22,32.76,37.43,19.5,4.1,0.77,24.37,0.57,1.63,75.99649402640931,89.53446780224218,5.501527576562686,13.832341236060952,13.526157846435009,12.04660358711548,8.006800814041368,0.761740467914737,33.1055778759172,0.6123579421933966,0.9379101077884339
2025-08-29 08:00:00,38.73,69.54,5.22,32.76,37.43,19.5,4.1,0.77,24.37,0.57,1.63,,,0.51,0.59,26.85,51.88,2.22,261.64,0.0,0.0,,,,2025-08-29 08:00:00,8,8,4,38.73,70.53,5.18,32.62,37.92,19.58,4.61,0.62,24.36,0.58,1.64,137.3187529682539,138.11139294642854,6.474075460317469,12.021376428571491,12.42763435201499,12.078951758795958,7.589231714285705,0.777904972330128,30.252206388888855,1.201943777777778,1.0002584747474739
2025-08-29 16:00:00,38.73,70.53,5.18,32.62,37.92,19.58,4.61,0.62,24.36,0.58,1.64,,,0.52,0.59,24.61,69.09,1.27,214.27,0.0,0.0,,,,2025-08-29 16:00:00,16,8,4,38.73,72.9,5.21,32.96,37.88,19.62,4.47,0.62,24.34,0.56,1.63,39.648012157174755,70.93686802191398,6.409095150793642,15.835275831316448,14.95821026262626,11.830525298348098,7.216900554334561,0.6957969215389324,29.59922543939395,1.6357610218730199,1.6583957292269085
2025-08-30 00:00:00,38.73,72.9,5.21,32.96,37.88,19.62,4.47,0.62,24.34,0.56,1.63,,,0.52,0.58,22.7,85.81,1.06,194.65,0.0,0.0,,,,2025-08-30 00:00:00,0,8,5,38.73,70.36,5.17,32.5,38.16,19.84,4.15,0.63,24.25,0.57,1.64,47.930981318217896,65.81980903067736,5.135340068229296,13.64245940836949,15.770377429487173,11.083192603833327,7.017797920948575,0.7052462081916817,27.454495238095195,0.5742836428571411,1.4282056623376589
2025-08-30 08:00:00,38.73,70.36,5.17,32.5,38.16,19.84,4.15,0.63,24.25,0.57,1.64,,,0.52,0.6,26.18,61.98,2.03,253.67,0.0,0.0,,,,2025-08-30 08:00:00,8,8,5,38.73,71.63,5.18,32.78,37.72,19.72,4.74,0.54,24.3,0.57,1.64,42.122920301472334,92.52890865671567,6.610317063492051,14.479497886224934,14.772294111670409,12.542424482347721,7.7051026711184685,0.8036323889408769,32.243393010100945,2.3982561225490193,1.6477627857142796
2025-08-30 16:00:00,38.73,71.63,5.18,32.78,37.72,19.72,4.74,0.54,24.3,0.57,1.64,,,0.52,0.59,25.12,64.35,1.84,245.68,0.0,0.0,,,,2025-08-30 16:00:00,16,8,5,38.73,73.98,5.21,32.75,37.59,19.45,4.78,0.6,24.42,0.57,1.63,43.23642571138035,79.67136894803167,6.992798160754453,17.013626424969186,16.728812914114204,12.60680500743679,7.77614146436551,0.7269922760023421,32.68669366233762,1.8237226377104947,1.742828831723365
2025-08-31 00:00:00,38.73,73.98,5.21,32.75,37.59,19.45,4.78,0.6,24.42,0.57,1.63,,,0.52,0.58,22.66,82.09,1.66,243.26,0.0,0.0,,,,2025-08-31 00:00:00,0,8,6,33.0,71.08,4.44,29.25,33.06,18.4,4.9,0.62,24.27,0.57,1.64,51.7314099028881,60.25902332261476,6.4347488092579885,15.621511992902347,12.945847371658296,10.511905275910317,7.140073738839619,0.7536523225594267,28.993702992063458,1.5748519523809534,1.6549166666666566
2025-08-31 08:00:00,33.0,71.08,4.44,29.25,33.06,18.4,4.9,0.62,24.27,0.57,1.64,,,0.52,0.59,26.03,61.29,2.29,255.96,0.0,0.0,,,,2025-08-31 08:00:00,8,8,6,38.73,76.4,2.55,19.98,22.47,15.7,4.72,0.59,24.31,0.57,1.64,43.94375458464774,88.21078610093026,6.577685658730168,14.634496284493334,15.03668596476186,12.311861146719972,7.656657769841262,0.8100620193342849,33.576038388888826,0.8786797686741358,1.3883858095238057
2025-08-31 16:00:00,38.73,76.4,2.55,19.98,22.47,15.7,4.72,0.59,24.31,0.57,1.64,,,0.52,0.59,23.53,84.3,2.85,265.89,0.0,0.0,,,,2025-08-31 16:00:00,16,8,6,38.73,72.21,2.56,19.74,22.42,15.84,4.72,0.7,24.39,0.57,1.63,52.093464714285716,65.8471079576781,6.5832535324675305,15.69600866314243,14.763523936507925,10.561251362490422,7.281410952380947,0.8243556953072471,29.782626690476203,1.8186887142857164,1.6334454841269783
2025-09-01 00:00:00,38.73,72.21,2.56,19.74,22.42,15.84,4.72,0.7,24.39,0.57,1.63,,,0.51,0.59,22.7,84.72,2.34,254.25,0.0,0.0,,,,2025-09-01 00:00:00,0,9,0,38.73,70.66,2.55,19.72,22.44,15.73,4.91,0.68,24.28,0.57,1.64,31.973248209731864,63.15606874733184,5.4874321825396795,12.400743093434173,14.674589480158744,9.917324491341976,6.968266269841278,0.8107192083292094,30.916630663059138,1.7770349761904776,1.9312162698412683
2025-09-01 08:00:00,38.73,70.66,2.55,19.72,22.44,15.73,4.91,0.68,24.28,0.57,1.64,,,0.52,0.59,25.67,62.02,2.9,271.06,0.0,0.0,,,,2025-09-01 08:00:00,8,9,0,38.73,80.81,2.55,19.98,22.27,15.69,4.87,0.62,24.32,0.57,1.64,43.90212364162078,84.53092009284894,6.321287155249978,12.124197976190501,15.332341179029298,11.653570613701973,6.31219135714286,0.8118975668683968,35.672687376623365,0.959293476190476,1.4125436666666686
2025-09-01 16:00:00,38.73,80.81,2.55,19.98,22.27,15.69,4.87,0.62,24.32,0.57,1.64,,,0.52,0.59,22.72,86.7,1.71,237.99,0.0,0.0,,,,2025-09-01 16:00:00,16,9,0,38.73,75.26,2.55,19.93,22.49,15.9,4.65,0.75,24.31,0.57,1.63,35.61865593673368,65.59841455047537,5.742817436507935,10.880515942857164,11.329574341269838,8.339783238095228,6.415912374149668,0.7156991746183369,29.2637867972583,2.7979954841269823,4.298153563492067
2025-09-02 00:00:00,38.73,75.26,2.55,19.93,22.49,15.9,4.65,0.75,24.31,0.57,1.63,,,0.52,0.59,21.65,92.42,1.79,237.08,0.0,0.0,,,,2025-09-02 00:00:00,0,9,1,38.73,70.37,2.55,19.69,22.47,15.75,4.55,0.53,24.33,0.57,1.63,24.748914809913146,65.44854345368103,5.076390785714287,10.61809651428575,11.294455928571432,8.929015738095215,6.829512601953598,0.7507243823730982,35.80608515873011,2.9049584761904694,3.6493467857142914
2025-09-02 08:00:00,38.73,70.37,2.55,19.69,22.47,15.75,4.55,0.53,24.33,0.57,1.63,,,0.52,0.59,24.97,69.85,2.09,260.92,0.0,0.0,,,,2025-09-02 08:00:00,8,9,1,33.0,72.47,4.17,24.08,28.16,18.15,4.59,0.54,21.79,0.57,1.64,39.813537757772885,76.40101013553138,6.8724900205453885,16.981834582855004,17.02311234877084,12.34401510945168,8.256122441176506,0.8669368821707173,38.181605019634745,3.273981080044893,3.3254163554270892
2025-09-02 16:00:00,33.0,72.47,4.17,24.08,28.16,18.15,4.59,0.54,21.79,0.57,1.64,,,0.52,0.59,23.63,79.12,1.58,222.66,0.0,0.0,,,,2025-09-02 16:00:00,16,9,1,33.0,76.13,4.57,24.81,29.41,18.8,4.85,0.67,21.32,0.57,1.63,34.6860429102738,59.68814175551245,5.411051341269836,9.203845534693876,9.214797516057574,7.609559931457425,6.327787302721087,0.7252683606638797,30.857389355091843,4.220240785714284,6.008335765567761
2025-09-03 00:00:00,33.0,76.13,4.57,24.81,29.41,18.8,4.85,0.67,21.32,0.57,1.63,,,0.51,0.58,22.33,87.97,1.83,241.33,0.0,0.0,,,,2025-09-03 00:00:00,0,9,2,33.0,71.33,4.54,24.79,29.58,18.93,4.65,0.74,21.19,0.57,1.64,27.70311738885605,63.66440232251053,4.9819718095238175,11.465985585968983,10.93570910714285,9.87186941991337,6.66060598731987,0.7649848385621422,36.73609769408367,2.8035499761904705,3.5441123333333393
2025-09-03 08:00:00,33.0,71.33,4.54,24.79,29.58,18.93,4.65,0.74,21.19,0.57,1.64,,,0.52,0.59,24.92,70.42,2.27,259.71,0.0,0.0,,,,2025-09-03 08:00:00,8,9,2,33.0,81.65,4.53,25.02,29.88,18.79,4.5,0.59,21.16,0.57,1.64,40.49356339269777,81.03235339580363,6.7872634584859535,16.750256489877597,17.195054765226736,12.133196582021725,7.33708246947502,0.9821839244298137,36.284201592650625,1.029682196826565,2.9657085018489764
2025-09-03 16:00:00,33.0,81.65,4.53,25.02,29.88,18.79,4.5,0.59,21.16,0.57,1.64,,,0.53,0.59,22.19,93.19,1.1,157.22,0.0,0.0,,,,2025-09-03 16:00:00,16,9,2,38.73,75.44,4.54,24.82,29.41,18.98,4.47,0.7,21.18,0.56,1.63,28.13132482091014,58.20507707516266,5.865395453096718,12.071408181929208,14.771958061688304,10.01147967893215,6.136928261904765,0.6819122246759827,34.12610838095237,1.0959194047619039,1.0676886904761898
2025-09-04 00:00:00,38.73,75.44,4.54,24.82,29.41,18.98,4.47,0.7,21.18,0.56,1.63,,,0.51,0.59,21.87,93.18,1.73,229.55,0.0,0.0,,,,2025-09-04 00:00:00,0,9,3,38.73,70.09,4.61,25.03,29.48,18.8,4.21,0.73,21.51,0.58,1.65,24.935727366780505,66.41378273746551,5.0164746349206295,10.805140378754613,12.059995047619045,8.722784571428544,6.704892181818175,0.7507834366564248,35.83669911904759,3.0076739047618997,3.563846738095244
2025-09-04 08:00:00,38.73,70.09,4.61,25.03,29.48,18.8,4.21,0.73,21.51,0.58,1.65,,,0.52,0.59,25.59,70.22,1.86,258.75,0.0,0.0,,,,2025-09-04 08:00:00,8,9,3,38.73,71.46,4.54,25.01,29.26,18.87,4.44,0.55,21.19,0.57,1.64,38.899359546064495,75.03232130918023,5.496557345004678,13.397105376325825,15.080524727972909,11.936595889761847,7.140925735119515,0.7997461760311642,35.42963642169735,2.4656800166405723,2.229897523809525
2025-09-04 16:00:00,38.73,71.46,4.54,25.01,29.26,18.87,4.44,0.55,21.19,0.57,1.64,,,0.52,0.59,24.41,71.53,1.48,242.22,0.0,0.0,,,,2025-09-04 16:00:00,16,9,3,38.73,74.44,4.57,24.91,29.36,18.92,4.7,0.75,21.31,0.57,1.63,33.94482106705307,67.53872142580664,5.394768396825394,11.916881614809476,14.005739080891326,9.755849283831454,6.214263358276651,0.6993782986425179,36.01197004323338,1.8605224615751246,3.6247559798534814
2025-09-05 00:00:00,38.73,74.44,4.57,24.91,29.36,18.92,4.7,0.75,21.31,0.57,1.63,,,0.51,0.59,22.35,87.82,1.36,217.32,0.0,0.0,,,,2025-09-05 00:00:00,0,9,4,38.73,70.59,4.57,24.77,29.43,18.78,4.74,0.48,21.35,0.57,1.64,30.45081677112983,68.81852922726583,5.344478063492064,11.46852576190479,12.624660702380943,9.365960419913389,6.404277619784229,0.7680864398215305,36.52972289738038,2.2401735952380957,3.2967752380952438
2025-09-05 08:00:00,38.73,70.59,4.57,24.77,29.43,18.78,4.74,0.48,21.35,0.57,1.64,,,0.52,0.59,25.64,63.94,2.16,262.32,0.0,0.0,,,,2025-09-05 08:00:00,8,9,4,38.73,73.83,4.56,24.8,29.48,18.88,4.89,0.7,21.27,0.57,1.64,42.20828046271933,85.94813851143522,5.549231722405053,13.354019066191071,14.382881678206884,12.204327169404134,6.519060442583736,0.7878066506159791,38.34723588505355,1.374820861111111,1.6386913015873041
2025-09-05 16:00:00,38.73,73.83,4.56,24.8,29.48,18.88,4.89,0.7,21.27,0.57,1.64,,,0.52,0.59,24.97,66.74,1.7,231.0,0.0,0.0,,,,2025-09-05 16:00:00,16,9,4,38.73,77.61,4.56,24.9,29.52,18.79,4.7,0.6,21.28,0.57,1.63,40.74877380575974,68.46846614582654,7.025212907602773,16.733246194652054,17.263491892007043,12.221007267304277,5.976176539336941,0.7827096728916667,37.674254314675444,1.693745433892624,2.0254446562050554
2025-09-06 00:00:00,38.73,77.61,4.56,24.9,29.52,18.79,4.7,0.6,21.28,0.57,1.63,,,0.52,0.58,22.43,85.17,1.69,232.38,0.0,0.0,,,,2025-09-06 00:00:00,0,9,5,38.73,71.43,4.54,24.9,29.45,18.93,4.88,0.61,21.19,0.57,1.64,28.520953046098825,65.79429999983316,5.18734194444444,10.995818752380975,11.76378303571427,9.087627854553915,6.399521524546131,0.7484223296889932,36.33495806404704,2.494763357142857,3.535539857142864
2025-09-06 08:00:00,38.73,71.43,4.54,24.9,29.45,18.93,4.88,0.61,21.19,0.57,1.64,,,0.52,0.59,25.94,63.87,2.0,245.01,0.0,0.0,,,,2025-09-06 08:00:00,8,9,5,38.73,92.76,4.52,24.93,29.64,18.78,4.79,0.61,21.1,0.57,1.64,40.49096564177239,87.13442286789363,5.4554984280327545,12.841722342847829,14.557804971643035,11.953129326351227,6.340332744023577,0.766958600443538,35.4637358850535,2.245170078898225,3.1320872936507915
2025-09-06 16:00:00,38.73,92.76,4.52,24.93,29.64,18.78,4.79,0.61,21.1,0.57,1.64,,,0.52,0.59,22.65,93.0,1.76,213.04,0.0,0.0,,,,2025-09-06 16:00:00,16,9,5,38.73,84.27,4.59,24.83,29.26,18.74,4.61,0.81,21.41,0.57,1.63,34.31671826831426,70.3188423827964,4.893811182539678,11.227364323809558,12.292687952380941,8.798629205627687,6.666783427849923,0.7663617673301871,36.360622976190484,2.9816150238095167,3.7261861904761986
2025-09-07 00:00:00,38.73,84.27,4.59,24.83,29.26,18.74,4.61,0.81,21.41,0.57,1.63,,,0.51,0.58,22.4,93.2,2.23,236.93,0.0,0.0,,,,2025-09-07 00:00:00,0,9,6,38.73,86.82,5.19,13.51,13.165,12.24,5.53,0.77,30.66,0.84,1.15,30.93808480059414,73.54855446440466,5.22057914862915,12.602583422862804,14.014782093961594,11.01364309523804,6.88186468681319,0.8955754417297901,35.67324102380949,1.7893631904761897,1.4865782619047603
2025-09-07 08:00:00,38.73,86.82,5.19,13.51,13.165,12.24,5.53,0.77,30.66,0.84,1.15,,,,,24.92,73.16,1.07,,0.0,0.0,,,,2025-09-07 08:00:00,8,9,6,38.73,86.82,5.19,13.51,13.165,12.24,5.53,0.77,30.66,0.84,1.15,41.071030723786826,86.51208068692623,5.190465454537012,13.508912905794114,13.156001078227552,12.236998863464814,5.608082175088632,0.7719202086753805,30.61284972289914,0.8240231432212639,1.1345006759203191
2025-09-07 16:00:00,38.73,86.82,5.19,13.51,13.165,12.24,5.53,0.77,30.66,0.84,1.15,,,,,24.92,73.16,1.07,,0.0,0.0,,,,2025-09-07 16:00:00,16,9,6,38.73,86.82,5.19,13.51,13.165,12.24,5.53,0.77,30.66,0.84,1.15,39.417375734450346,86.441984268563,5.189304191565261,13.506439064524272,13.166359387751363,12.234258863464815,5.553248693505649,0.7673991643894864,30.56845505623248,0.8335240891314781,1.1389898829709544
2025-09-08 00:00:00,38.73,86.82,5.19,13.51,13.165,12.24,5.53,0.77,30.66,0.84,1.15,,,,,24.92,73.16,1.07,,0.0,0.0,,,,2025-09-08 00:00:00,0,9,0,38.73,72.77,4.53,25.08,29.33,18.98,4.12,0.56,21.26,0.57,1.65,41.99659075791106,85.99683483009483,5.1587566180454205,12.810134436915394,13.43372296004761,12.412996848469158,6.025393840972436,0.7232960033417917,29.29754503153606,0.2994722940351929,0.5175364117313169
2025-09-08 08:00:00,38.73,72.77,4.53,25.08,29.33,18.98,4.12,0.56,21.26,0.57,1.65,,,0.52,0.59,27.37,50.94,2.19,257.73,0.0,0.0,,,,2025-09-08 08:00:00,8,9,0,38.73,76.86,4.57,24.98,29.8,18.77,4.74,0.71,21.44,0.58,1.64,48.176353571428564,118.74577182341267,5.508944883172395,11.770384619047672,12.544801138583631,11.858355555669416,6.761071158730161,0.794198282232559,32.47311095598847,1.19697369047619,1.051404769841269
2025-09-08 16:00:00,38.73,76.86,4.57,24.98,29.8,18.77,4.74,0.71,21.44,0.58,1.64,,,0.53,0.59,25.0,66.93,1.88,210.19,0.0,0.0,,,,2025-09-08 16:00:00,16,9,0,38.73,81.1,4.55,24.82,29.6,18.98,4.66,0.78,21.26,0.57,1.63,43.02923525131646,75.5070566866366,6.868627213158333,16.926032086878575,17.072185796449407,12.385574382980716,6.062552548170798,0.8016369628030804,38.32803506665959,1.8095646405940677,2.3415777580169674
2025-09-09 00:00:00,38.73,81.1,4.55,24.82,29.6,18.98,4.66,0.78,21.26,0.57,1.63,,,0.52,0.59,22.79,81.04,2.59,264.45,0.0,0.0,,,,2025-09-09 00:00:00,0,9,1,38.73,72.81,4.57,24.84,29.32,18.78,5.1,0.72,21.31,0.57,1.64,33.51116852720524,60.399856042806626,5.309688230158725,11.051777081701935,13.358977460317467,9.338254433919001,6.6557221507936575,0.8065546721360516,34.87286461904758,2.1114481507936507,2.4492502380952366
2025-09-09 08:00:00,38.73,72.81,4.57,24.84,29.32,18.78,5.1,0.72,21.31,0.57,1.64,,,0.52,0.59,27.19,53.43,1.83,246.69,0.0,0.0,,,,2025-09-09 08:00:00,8,9,1,38.73,80.19,4.53,24.85,29.41,18.86,5.04,1.19,21.16,0.57,1.64,48.09570226190473,127.39196986309518,5.393510479925315,11.34563300000005,12.141259812324916,11.775331522660748,6.444933444444449,0.7934208034122411,27.81618184126983,1.620704472222222,1.24914253030303
2025-09-09 16:00:00,38.73,80.19,4.53,24.85,29.41,18.86,5.04,1.19,21.16,0.57,1.64,,,0.52,0.59,25.69,70.23,1.22,167.18,0.0,0.0,,,,2025-09-09 16:00:00,16,9,1,38.73,81.88,4.55,24.87,29.48,18.97,4.94,0.75,21.22,0.57,1.63,39.1202327023709,65.5429926885085,5.972151851840259,12.983092291512763,14.231284757840747,12.54816217148475,6.243635877831444,0.7664557318918334,32.008332335163864,1.715941465198201,1.830909690476193
2025-09-10 00:00:00,38.73,81.88,4.55,24.87,29.48,18.97,4.94,0.75,21.22,0.57,1.63,,,0.51,0.59,23.62,84.67,1.66,201.15,0.0,0.0,,,,2025-09-10 00:00:00,0,9,2,33.03,73.97,3.99,26.36,30.29,19.68,5.09,0.62,21.19,0.57,1.64,29.63468436959802,55.358882070933724,5.377427904761902,11.076897935642148,11.806716772295864,8.47183733399115,6.440139277777783,0.7223324303349009,30.922865285786635,3.4426700238095203,4.531180456043962
2025-09-10 08:00:00,33.03,73.97,3.99,26.36,30.29,19.68,5.09,0.62,21.19,0.57,1.64,,,0.52,0.59,27.3,58.26,2.27,261.92,0.0,0.0,,,,2025-09-10 08:00:00,8,9,2,33.0,75.34,2.7,29.61,31.99,21.83,4.58,0.46,21.42,0.57,1.64,48.75020446031744,128.4050953515664,5.308059605466442,11.92847926190481,12.425466069956174,12.189317757618491,6.9382883571428575,0.7646690777489493,33.99190690836941,1.5290515595238106,2.4735850793650784
2025-09-10 16:00:00,33.0,75.34,2.7,29.61,31.99,21.83,4.58,0.46,21.42,0.57,1.64,,,0.52,0.59,24.72,73.73,1.61,209.76,0.0,0.0,,,,2025-09-10 16:00:00,16,9,2,33.0,84.45,2.66,29.63,32.35,21.77,4.59,0.65,21.09,0.56,1.64,39.588513088209936,63.55651903326507,5.494728603174596,13.254759987471129,17.34611092948128,9.719114863968809,6.177005088435383,0.7629253986382322,32.68519593799051,1.240932012851961,2.639825960317465
2025-09-11 00:00:00,33.0,84.45,2.66,29.63,32.35,21.77,4.59,0.65,21.09,0.56,1.64,,,0.52,0.59,22.23,93.02,2.03,236.85,0.0,0.0,,,,2025-09-11 00:00:00,0,9,3,33.0,75.12,2.66,29.32,31.91,21.74,4.69,0.67,21.12,0.57,1.64,25.62120362716635,69.38229617586067,5.1889374533303085,12.800246897276654,12.750332003052492,11.81556054761894,6.862284872294364,0.7670401309962731,38.72876556349208,1.9985393253968222,2.4853747301587306
2025-09-11 08:00:00,33.0,75.12,2.66,29.32,31.91,21.74,4.69,0.67,21.12,0.57,1.64,,,0.52,0.59,24.79,68.96,2.88,274.08,0.0,0.0,,,,2025-09-11 08:00:00,8,9,3,33.0,76.75,2.69,29.59,32.24,21.67,4.72,0.54,21.34,0.57,1.64,44.01618619463445,77.05490228898384,5.884630937229441,14.266435327170896,16.181025193722935,11.5863948496984,8.650975412698449,0.7544308282612786,35.76012325757572,0.8349152203421936,1.8087862380952422
2025-09-11 16:00:00,33.0,76.75,2.69,29.59,32.24,21.67,4.72,0.54,21.34,0.57,1.64,,,0.52,0.59,24.6,71.3,1.66,267.58,0.0,0.0,,,,2025-09-11 16:00:00,16,9,3,33.0,75.91,2.68,29.46,32.48,21.77,4.69,0.64,21.23,0.56,1.63,40.26421285893334,73.37162882032989,5.375072253968249,11.909146322123668,13.846605407754776,10.22084220500816,6.063154282592269,0.7158679448598748,36.36167048767783,2.036214896951894,3.6603329322344336
2025-09-12 00:00:00,33.0,75.91,2.68,29.46,32.48,21.77,4.69,0.64,21.23,0.56,1.63,,,0.52,0.59,22.88,79.05,2.48,269.64,0.0,0.0,,,,2025-09-12 00:00:00,0,9,4,33.0,72.22,2.67,29.55,32.48,21.57,4.67,0.57,21.17,0.57,1.64,40.66196730477649,70.67217026065329,5.225310163059164,11.488956593245952,14.2345042579365,9.372553046897526,6.836112880952387,0.860131249566365,34.36572076190473,2.0933464047619057,2.505540595238094
2025-09-12 08:00:00,33.0,72.22,2.67,29.55,32.48,21.57,4.67,0.57,21.17,0.57,1.64,,,0.53,0.58,25.95,60.21,2.56,274.04,0.0,0.0,,,,2025-09-12 08:00:00,8,9,4,38.73,84.36,2.69,29.67,32.02,21.72,4.92,0.72,21.32,0.57,1.64,36.13141275274975,92.72593784602583,5.341780098972935,11.633285264069299,13.616498382451699,11.66831227356223,6.563772269841273,0.7766867565131662,38.547591976190446,0.7744705165096339,1.29525496825397
2025-09-12 16:00:00,38.73,84.36,2.69,29.67,32.02,21.72,4.92,0.72,21.32,0.57,1.64,,,0.52,0.59,24.48,74.97,1.3,166.82,0.0,0.0,,,,2025-09-12 16:00:00,16,9,4,38.73,82.92,2.68,29.63,32.15,21.7,4.76,0.88,21.2,0.56,1.63,36.91488549573719,60.36434218227532,5.370010111111108,11.320147357086144,13.654648059139776,9.972897485211364,6.415675436789868,0.735125112411789,32.78767462222088,2.255655558886708,3.3770086147741187
2025-09-13 00:00:00,38.73,82.92,2.68,29.63,32.15,21.7,4.76,0.88,21.2,0.56,1.63,,,0.52,0.59,23.04,86.74,2.13,236.6,0.0,0.0,,,,2025-09-13 00:00:00,0,9,5,38.73,72.39,2.7,29.52,31.98,21.71,4.89,0.75,21.41,0.57,1.64,31.598704763602466,64.87000587821008,5.143570531252379,12.73935865685687,14.529042210971454,10.95947640476187,6.698715005135393,0.846886932709791,29.873848429430623,1.8320001190476192,2.2308058809523796
2025-09-13 08:00:00,38.73,72.39,2.7,29.52,31.98,21.71,4.89,0.75,21.41,0.57,1.64,,,0.52,0.59,25.54,64.91,1.97,262.76,0.0,0.0,,,,2025-09-13 08:00:00,8,9,5,38.73,76.19,2.68,29.58,32.03,21.7,4.85,0.75,21.26,0.57,1.64,40.84295642240133,85.56118040441334,5.493152293833619,13.196531563464141,14.534920222270935,12.105881115115366,6.351634717265244,0.7877605041460565,36.71390213546177,2.3288216701680655,3.4687964365079353
2025-09-13 16:00:00,38.73,76.19,2.68,29.58,32.03,21.7,4.85,0.75,21.26,0.57,1.64,,,0.52,0.59,24.43,70.51,1.26,174.71,0.0,0.0,,,,2025-09-13 16:00:00,16,9,5,38.73,77.33,2.67,29.44,32.11,21.89,4.74,0.5,21.15,0.56,1.63,35.13307541430682,70.29603216517957,5.392370108309991,11.580074919615786,14.632434072150067,10.901935410815577,6.183222237243387,0.688863855494419,34.59893021185879,1.737465262082283,3.300991630647132
2025-09-14 00:00:00,38.73,77.33,2.67,29.44,32.11,21.89,4.74,0.5,21.15,0.56,1.63,,,0.51,0.59,22.52,83.33,1.6,215.19,0.0,0.0,,,,2025-09-14 00:00:00,0,9,6,38.73,73.07,2.68,29.35,32.14,21.69,4.83,0.76,21.26,0.57,1.64,28.122546011735754,63.367762033810486,5.268814301587296,11.12884670476193,11.880075619047606,9.161245854553918,6.407774711822667,0.7556806232219129,35.11948315769785,2.328452880952381,3.734558809523816
2025-09-14 08:00:00,38.73,73.07,2.68,29.35,32.14,21.69,4.83,0.76,21.26,0.57,1.64,,,0.52,0.59,25.65,60.31,2.34,265.8,0.0,0.0,,,,2025-09-14 08:00:00,8,9,6,38.73,77.77,2.68,29.41,32.08,21.81,4.77,0.78,21.24,0.57,1.64,40.30306292340053,87.9649397085082,5.374785837068174,12.000417602108453,14.434650546056723,11.820457853392409,6.6420309682539695,0.7939309357378541,36.36869702380951,0.7501459450810636,1.2062151111111128
2025-09-14 16:00:00,38.73,77.77,2.68,29.41,32.08,21.81,4.77,0.78,21.24,0.57,1.64,,,0.52,0.59,25.14,66.29,1.25,195.65,0.0,0.0,,,,2025-09-14 16:00:00,16,9,6,38.73,75.39,2.68,29.23,32.51,21.55,4.74,0.75,21.2,0.56,1.63,34.07781062244875,65.34163677170316,5.835810614167407,13.474217668299694,15.315896777684125,12.464921459903152,5.923301942580964,0.7373485499118696,31.20794318273553,1.8390021650014114,2.347557122100125
2025-09-15 00:00:00,38.73,75.39,2.68,29.23,32.51,21.55,4.74,0.75,21.2,0.56,1.63,,,0.52,0.58,22.46,83.06,1.73,244.98,0.0,0.0,,,,2025-09-15 00:00:00,0,9,0,38.73,71.78,2.69,29.52,32.04,21.9,4.76,0.63,21.29,0.57,1.64,28.218581871633514,64.46528061673978,5.728132730158726,10.461738395238116,10.485614972222214,8.420659436507918,6.401063285714294,0.7384358771782105,36.67028542265507,3.118260595238092,4.5812847301587345
2025-09-15 08:00:00,38.73,71.78,2.69,29.52,32.04,21.9,4.76,0.63,21.29,0.57,1.64,,,0.52,0.59,26.06,59.42,2.43,270.27,0.0,0.0,,,,2025-09-15 08:00:00,8,9,0,38.73,71.51,2.7,29.38,31.95,21.6,4.94,0.57,21.41,0.57,1.64,38.960033892140075,96.66069588202689,5.504199986418821,12.018256555555576,14.154969714743581,11.668381004654071,6.744199531746039,0.77245194988556,37.472745817460286,0.9959963708513709,1.463166817460319
2025-09-15 16:00:00,38.73,71.51,2.7,29.38,31.95,21.6,4.94,0.57,21.41,0.57,1.64,,,0.52,0.59,26.62,55.37,1.19,173.98,0.0,0.0,,,,2025-09-15 16:00:00,16,9,0,38.73,73.9,2.72,28.12,30.01,21.9,5.53,0.67,21.52,0.57,1.61,41.363374459651446,124.86633005128212,5.4035505143168505,11.530706952381001,12.198819979076475,12.343775328908329,5.898252717843461,0.7500371117951212,25.295701555555578,0.7524733409214089,1.1790140917236909
2025-09-16 00:00:00,38.73,73.9,2.72,28.12,30.01,21.9,5.53,0.67,21.52,0.57,1.61,,,0.48,0.58,22.98,82.24,1.94,220.85,0.0,0.0,,,,2025-09-16 00:00:00,0,9,1,38.73,71.29,2.66,29.53,32.53,21.7,5.23,0.53,21.04,0.57,1.64,27.663576703060446,55.589200969790504,5.172092298207641,11.789697170009742,12.094196064213564,10.799451014005546,6.514040761904763,0.7137819909590711,26.576549927760055,5.0391561190476235,7.130135119047621
2025-09-16 08:00:00,38.73,71.29,2.66,29.53,32.53,21.7,5.23,0.53,21.04,0.57,1.64,,,0.53,0.59,25.91,62.47,2.61,272.26,0.0,0.0,,,,2025-09-16 08:00:00,8,9,1,38.73,86.82,5.19,13.51,13.165,12.24,5.53,0.77,30.66,0.84,1.15,44.37177682741281,84.38035257550709,5.566003696375529,11.420357468253998,14.449364798076916,11.70351198958306,6.430855444444446,0.7796946634384939,38.786844761904746,0.9577527619047613,1.254054150793652
2025-09-16 16:00:00,38.73,86.82,5.19,13.51,13.165,12.24,5.53,0.77,30.66,0.84,1.15,,,,,24.92,73.16,1.07,,0.0,0.0,,,,2025-09-16 16:00:00,16,9,1,38.73,86.82,5.19,13.51,13.165,12.24,5.53,0.77,30.66,0.84,1.15,41.232693253296155,87.58564878569341,5.195605466796291,13.231606200322167,13.721334587558552,12.475327931244108,5.691551595313091,0.7526929625034647,29.70656775917802,0.6932890898082156,1.0459805024292117
2025-09-17 00:00:00,38.73,86.82,5.19,13.51,13.165,12.24,5.53,0.77,30.66,0.84,1.15,,,,,24.92,73.16,1.07,,0.0,0.0,,,,2025-09-17 00:00:00,0,9,2,38.73,86.82,5.19,13.51,13.165,12.24,5.53,0.77,30.66,0.84,1.15,41.46429447382607,89.38955295977921,5.244148528864309,13.035757123557756,14.181949940441804,12.12325770658974,6.0351120640321305,0.746918856880462,27.80875367709151,0.5720006614518355,1.252615113699134
2025-09-17 08:00:00,38.73,86.82,5.19,13.51,13.165,12.24,5.53,0.77,30.66,0.84,1.15,,,,,24.92,73.16,1.07,,0.0,0.0,,,,2025-09-17 08:00:00,8,9,2,38.73,86.82,5.19,13.51,13.165,12.24,5.53,0.77,30.66,0.84,1.15,40.68393234964182,87.10040578725416,5.219284334876779,13.299828123686245,13.90183517392928,12.284023640142893,5.745506709665574,0.7612545014978555,29.83162242123981,0.7079650912847782,1.2219557555632419
2025-09-17 16:00:00,38.73,86.82,5.19,13.51,13.165,12.24,5.53,0.77,30.66,0.84,1.15,,,,,24.92,73.16,1.07,,0.0,0.0,,,,2025-09-17 16:00:00,16,9,2,38.73,86.82,5.19,13.51,13.165,12.24,5.53,0.77,30.66,0.84,1.15,40.9063852372291,86.69605067594641,5.220234126392211,13.309386861781487,13.775895407840004,12.285243640142891,5.708919400228607,0.7529295346606106,29.893877540287434,0.7195627987079929,1.1871567685631914
2025-09-18 00:00:00,38.73,86.82,5.19,13.51,13.165,12.24,5.53,0.77,30.66,0.84,1.15,,,,,24.92,73.16,1.07,,0.0,0.0,,,,2025-09-18 00:00:00,0,9,3,38.73,86.82,5.19,13.51,13.165,12.24,5.53,0.77,30.66,0.84,1.15,43.79883859451335,98.05359462603684,5.186392208854791,13.078786980115247,13.7594608536092,12.264101562985692,5.919263642846923,0.7361808584913229,30.018780801002023,0.5538439957451117,1.0064225853604205
2025-09-18 08:00:00,38.73,86.82,5.19,13.51,13.165,12.24,5.53,0.77,30.66,0.84,1.15,,,,,24.92,73.16,1.07,,0.0,0.0,,,,2025-09-18 08:00:00,8,9,3,38.73,86.82,5.19,13.51,13.165,12.24,5.53,0.77,30.66,0.84,1.15,41.57892676055498,88.38999461182527,5.1971099841398,13.387590269163004,13.495622474894054,12.28037875001096,5.774318310005619,0.7531963111190971,30.427717177005423,0.6878909236034207,1.0865150091881406
2025-09-18 16:00:00,38.73,86.82,5.19,13.51,13.165,12.24,5.53,0.77,30.66,0.84,1.15,,,,,24.92,73.16,1.07,,0.0,0.0,,,,2025-09-18 16:00:00,16,9,3,38.73,78.04,2.64,29.97,31.5,21.92,5.53,0.84,21.01,0.56,1.65,41.928709502851255,87.73624686365437,5.200441567321897,13.389409769163006,13.375874708804778,12.27727875001096,5.76932569654341,0.7443161911744518,30.44146801033876,0.6871121719228541,1.0638467174261854
2025-09-19 00:00:00,38.73,78.04,2.64,29.97,31.5,21.92,5.53,0.84,21.01,0.56,1.65,,,0.5,0.61,22.1,93.2,2.07,239.73,0.0,0.0,,,,2025-09-19 00:00:00,0,9,4,38.73,73.32,2.67,29.61,32.5,21.66,4.58,0.68,21.19,0.57,1.64,25.19295011652057,70.0944031576511,5.128713189982538,12.215572800276403,12.73974553443779,11.088336476190406,6.759671642135642,0.7869357127326061,36.03654619841265,2.39858968253968,2.9403905238095227
2025-09-19 08:00:00,38.73,73.32,2.67,29.61,32.5,21.66,4.58,0.68,21.19,0.57,1.64,,,0.53,0.59,24.73,74.84,2.31,271.17,0.0,0.0,,,,2025-09-19 08:00:00,8,9,4,38.73,86.76,2.7,29.58,32.23,21.68,4.65,0.54,21.37,0.57,1.64,42.2838750469221,74.45566400189304,5.267479607843142,13.609828930056503,18.006748372911932,10.408621146432356,6.914289300366313,0.8591217628289561,29.73288416692903,0.8047114960369203,1.162593825396825
2025-09-19 16:00:00,38.73,86.76,2.7,29.58,32.23,21.68,4.65,0.54,21.37,0.57,1.64,,,0.52,0.59,22.87,89.06,1.57,202.89,0.0,0.0,,,,2025-09-19 16:00:00,16,9,4,33.0,84.05,2.69,29.33,32.24,21.75,4.64,0.59,21.34,0.57,1.63,31.39248325588966,62.74527262043393,5.258903706349202,11.427502395238115,12.76705440476189,9.057634665945148,6.502671900631522,0.7266513305355646,27.02308661292304,2.523982261904762,3.7183738571428626
2025-09-20 00:00:00,33.0,84.05,2.69,29.33,32.24,21.75,4.64,0.59,21.34,0.57,1.63,,,0.52,0.58,22.39,91.43,2.42,269.49,0.0,0.0,,,,2025-09-20 00:00:00,0,9,5,38.73,74.46,2.68,29.13,32.27,22.04,4.81,0.74,21.29,0.57,1.63,33.011613408479455,76.17276085186754,5.316524853535357,12.631763896936436,13.91910395238095,10.026213277056243,7.260114428571434,0.8914134779624401,32.969280285714255,1.3634586666666662,1.1921695476190468
2025-09-20 08:00:00,38.73,74.46,2.68,29.13,32.27,22.04,4.81,0.74,21.29,0.57,1.63,,,0.52,0.59,23.08,84.41,2.03,260.34,0.0,0.0,,,,2025-09-20 08:00:00,8,9,5,38.73,83.25,2.66,29.27,32.22,21.72,4.68,0.44,21.12,0.57,1.63,32.90977014210356,60.49559040836195,5.132053858092207,12.391919983718887,13.368603960971448,11.217670085434106,6.627920290043293,0.7385770832154327,31.052325806029447,2.1875110873015857,2.679869587301588
2025-09-20 16:00:00,38.73,83.25,2.66,29.27,32.22,21.72,4.68,0.44,21.12,0.57,1.63,,,0.52,0.59,23.91,78.26,1.42,202.68,0.0,0.0,,,,2025-09-20 16:00:00,16,9,5,33.0,81.24,2.68,29.34,32.53,21.81,4.71,0.78,21.26,0.56,1.63,32.50506099110609,60.41079976768258,5.281145706349206,10.807726855254634,11.752104880952366,8.695348808802294,6.423133501133788,0.7286734555700751,32.20120502570244,3.3303493809523794,4.956695003663005
2025-09-21 00:00:00,33.0,81.24,2.68,29.34,32.53,21.81,4.71,0.78,21.26,0.56,1.63,,,0.52,0.59,22.79,83.67,2.63,269.95,0.0,0.0,,,,2025-09-21 00:00:00,0,9,6,38.73,76.8,2.69,29.3,32.59,21.74,4.12,0.72,21.37,0.57,1.64,35.10840469460978,64.15778869349354,5.63948578210678,12.64704341503528,15.124867281746031,9.823644743442802,6.726650079365085,0.8908150047732228,35.12084069047616,1.306912285714285,1.147255547619047
2025-09-21 08:00:00,38.73,76.8,2.69,29.3,32.59,21.74,4.12,0.72,21.37,0.57,1.64,,,0.52,0.59,24.8,67.27,2.69,261.34,0.0,0.0,,,,2025-09-21 08:00:00,8,9,6,38.73,81.92,2.69,29.26,31.96,21.68,4.36,0.68,21.34,0.57,1.64,50.65131688381195,78.93216905872771,5.990775690476194,14.311573801529878,15.992085293321413,11.8017733244059,5.897356650793671,0.7710165902915185,37.26346521428569,0.7628752116841855,1.4603640000000029
2025-09-21 16:00:00,38.73,81.92,2.69,29.26,31.96,21.68,4.36,0.68,21.34,0.57,1.64,,,0.52,0.59,24.54,73.61,1.61,207.29,0.0,0.0,,,,2025-09-21 16:00:00,16,9,6,38.73,82.82,2.69,29.35,32.38,21.82,4.61,0.77,21.35,0.57,1.63,39.67714773124777,63.48235719787022,5.317670825396824,11.258351896761614,16.197237756429466,9.486766062174423,6.270883731292521,0.7747922634097894,33.981723674737246,2.2018703111903872,3.414269662393166
2025-09-22 00:00:00,38.73,82.82,2.69,29.35,32.38,21.82,4.61,0.77,21.35,0.57,1.63,,,0.52,0.59,22.26,91.46,2.15,233.81,0.0,0.0,,,,2025-09-22 00:00:00,0,9,0,38.73,73.51,2.68,29.38,32.01,21.71,4.48,0.65,21.24,0.57,1.64,26.195597350636536,58.58622292912019,5.4092113270676725,12.548920691848727,13.195959455433462,11.218967309523773,7.141328317460322,0.8009112150242523,37.7638708001443,2.2303601190476168,3.3652845396825377
2025-09-22 08:00:00,38.73,73.51,2.68,29.38,32.01,21.71,4.48,0.65,21.24,0.57,1.64,,,0.52,0.59,26.07,60.06,2.68,272.22,0.0,0.0,,,,2025-09-22 08:00:00,8,9,0,38.73,81.71,2.69,29.43,32.12,21.65,4.63,0.78,21.3,0.57,1.64,52.34470051365894,92.92959877100816,6.099770337068164,12.173375190476214,14.787599905219771,11.553972209745735,6.347038333333337,0.7558772565657219,36.32843080952379,1.0068247518037512,1.482828817460319
2025-09-22 16:00:00,38.73,81.71,2.69,29.43,32.12,21.65,4.63,0.78,21.3,0.57,1.64,,,0.52,0.59,24.16,75.34,2.42,269.1,0.0,0.0,,,,2025-09-22 16:00:00,16,9,0,38.73,78.7,2.68,29.47,31.74,21.68,4.76,0.66,21.2,0.56,1.63,33.495982146322476,69.59981579363179,5.510473500000001,12.128455478813919,15.139384746031748,9.671709238816733,7.074246666666677,0.7658178454693655,31.473989614523585,1.8365770767438494,1.8807057142857138
2025-09-23 00:00:00,38.73,78.7,2.68,29.47,31.74,21.68,4.76,0.66,21.2,0.56,1.63,,,0.51,0.58,22.62,84.57,1.71,254.26,0.0,0.0,,,,2025-09-23 00:00:00,0,9,1,33.0,75.28,2.67,29.41,32.16,21.77,4.67,0.59,21.18,0.57,1.64,27.482018731406523,58.85970167888226,5.274342373015864,10.761288061904784,11.173929281746023,8.428179021220593,6.3817702356321915,0.7478232902027453,36.26208018455984,2.6705261666666638,4.302474523809528
2025-09-23 08:00:00,33.0,75.28,2.67,29.41,32.16,21.77,4.67,0.59,21.18,0.57,1.64,,,0.52,0.59,24.87,70.18,2.42,266.2,0.0,0.0,,,,2025-09-23 08:00:00,8,9,1,38.73,79.95,2.68,29.41,32.33,21.83,4.59,0.66,21.22,0.57,1.64,40.59765575338882,80.85238604239672,5.768928379120881,15.132301259320878,16.48882505642772,12.073898769049968,7.8979818015873455,0.8421637156224521,35.07167988095235,0.8868919858365889,1.8749886904761939
2025-09-23 16:00:00,38.73,79.95,2.68,29.41,32.33,21.83,4.59,0.66,21.22,0.57,1.64,,,0.52,0.59,23.79,76.46,2.69,275.88,0.0,0.0,,,,2025-09-23 16:00:00,16,9,1,38.73,76.14,2.68,29.52,32.23,21.7,4.82,0.67,21.27,0.57,1.63,45.9611054415449,68.78106325536906,5.5962328333333335,11.785542606734879,14.13016265079365,9.006436588023078,6.601860436507946,0.7585768059678639,34.98094890476187,2.172586801587302,2.135505746031745
2025-09-24 00:00:00,38.73,76.14,2.68,29.52,32.23,21.7,4.82,0.67,21.27,0.57,1.63,,,0.52,0.59,21.99,85.9,2.3,266.16,0.0,0.0,,,,2025-09-24 00:00:00,0,9,2,38.73,70.59,2.68,29.37,32.09,21.73,4.86,0.56,21.16,0.57,1.64,33.14266382179722,77.96334464092199,5.189790753968256,11.483142879309124,12.83691152380953,9.676762681818154,6.873668005135396,0.8131542971214003,33.630824976190446,1.335434238095238,1.35638284126984
2025-09-24 08:00:00,38.73,70.59,2.68,29.37,32.09,21.73,4.86,0.56,21.16,0.57,1.64,,,0.52,0.59,25.02,65.03,2.56,272.19,0.0,0.0,,,,2025-09-24 08:00:00,8,9,2,38.73,73.22,2.67,29.41,32.24,21.69,4.72,0.66,21.22,0.57,1.64,32.933679022174346,91.9387293903725,5.944379269841275,14.778892279467405,15.683775883897695,11.95435080160304,6.294733753550556,0.8365420595361691,38.11417799999999,1.4906437753347308,1.8205816746031784
2025-09-24 16:00:00,38.73,73.22,2.67,29.41,32.24,21.69,4.72,0.66,21.22,0.57,1.64,,,0.52,0.59,24.13,72.28,2.58,266.24,0.0,0.0,,,,2025-09-24 16:00:00,16,9,2,38.73,76.19,2.68,29.07,32.17,21.81,4.78,0.64,21.29,0.56,1.63,27.849894088038532,73.58842868885112,5.298812190476194,12.349108917693425,14.127438428571423,9.958048257732587,6.103115500000013,0.732709652945077,34.72174728571426,1.2343041164263875,1.9786125555555563
2025-09-25 00:00:00,38.73,76.19,2.68,29.07,32.17,21.81,4.78,0.64,21.29,0.56,1.63,,,0.51,0.59,22.51,83.32,1.68,233.93,0.0,0.0,,,,2025-09-25 00:00:00,0,9,3,38.73,74.41,2.69,29.31,32.27,21.72,4.84,0.75,21.23,0.57,1.64,28.98735822393923,66.53572307941438,5.157289611111108,10.92009584761908,11.456265726190463,8.81007768788725,6.357086497536955,0.7458602612530614,36.69096084023749,2.305227404761904,3.677189619047624
2025-09-25 08:00:00,38.73,74.41,2.69,29.31,32.27,21.72,4.84,0.75,21.23,0.57,1.64,,,0.52,0.59,25.58,64.43,3.2,280.48,0.0,0.0,,,,2025-09-25 08:00:00,8,9,3,38.73,86.82,5.19,13.51,13.165,12.24,5.53,0.77,30.66,0.84,1.15,47.61291942011645,88.0188896025966,6.011972440964268,13.2836518535342,15.326953349278,11.505648831834991,6.1564024970454,0.8009546744026985,37.92497463852815,1.0954636428571431,1.4078382936507956
2025-09-25 16:00:00,38.73,86.82,5.19,13.51,13.165,12.24,5.53,0.77,30.66,0.84,1.15,,,,,24.92,73.16,1.07,,0.0,0.0,,,,2025-09-25 16:00:00,16,9,3,38.73,86.82,5.19,13.51,13.165,12.24,5.53,0.77,30.66,0.84,1.15,41.928709502851255,87.73624686365437,5.200441567321897,13.389409769163006,13.375874708804778,12.27727875001096,5.76932569654341,0.7443161911744518,30.44146801033876,0.6871121719228541,1.0638467174261854
2025-09-26 00:00:00,38.73,86.82,5.19,13.51,13.165,12.24,5.53,0.77,30.66,0.84,1.15,,,,,24.92,73.16,1.07,,0.0,0.0,,,,2025-09-26 00:00:00,0,9,4,38.73,70.82,2.7,30.05,32.21,22.09,4.67,0.65,21.51,0.56,1.65,43.93216629533789,88.10428759237088,5.189896987472925,13.18349449995653,13.401895463319756,12.219625937351491,5.7335140213572995,0.7620977630365356,30.429164691722406,0.6712704691368508,0.954249463662444
2025-09-26 08:00:00,38.73,70.82,2.7,30.05,32.21,22.09,4.67,0.65,21.51,0.56,1.65,,,0.54,0.6,26.06,54.73,3.34,280.82,0.0,0.0,,,,2025-09-26 08:00:00,8,9,4,38.73,73.96,2.72,29.32,32.14,21.81,4.46,0.57,21.53,0.57,1.64,50.07537015007214,94.67185410153712,5.713635806043633,11.630444595238144,13.217701534313736,10.917607292350006,6.325601246031748,0.8226409623222386,38.46769106709956,1.4898961327561324,1.3828641414141398
2025-09-26 16:00:00,38.73,73.96,2.72,29.32,32.14,21.81,4.46,0.57,21.53,0.57,1.64,,,0.52,0.59,24.1,66.17,2.65,263.56,0.0,0.0,,,,2025-09-26 16:00:00,16,9,4,33.0,79.07,2.68,29.47,32.24,21.57,4.69,0.67,21.2,0.57,1.63,60.57336562197689,79.70881074303482,5.612502166666673,12.78808904406705,14.1952948095238,10.003302614875446,6.00279120634922,0.7104296213973935,37.140391357142825,1.136313602887638,1.6657192222222248
2025-09-27 00:00:00,33.0,79.07,2.68,29.47,32.24,21.57,4.69,0.67,21.2,0.57,1.63,,,0.52,0.58,22.15,83.05,1.69,250.84,0.0,0.0,,,,2025-09-27 00:00:00,0,9,5,38.73,74.57,2.66,29.4,32.05,21.6,4.73,0.64,21.1,0.57,1.64,28.524520272576854,76.94474364005667,5.173221515873011,10.90537620476193,11.809534499999991,9.068875515872989,6.378417759441717,0.745986974520747,34.49166240531687,2.575960357142857,3.958987595238101
2025-09-27 08:00:00,38.73,74.57,2.66,29.4,32.05,21.6,4.73,0.64,21.1,0.57,1.64,,,0.52,0.59,24.92,65.17,2.25,262.82,0.0,0.0,,,,2025-09-27 08:00:00,8,9,5,38.73,74.23,2.69,29.73,32.11,21.77,4.57,0.72,21.31,0.57,1.65,40.02349649225198,86.35163376521055,6.846009148962136,16.62205895389148,17.192278039611697,12.230261489707864,6.08903319047622,0.8744688323818203,38.61028128571428,0.9037929255014382,2.2606715494680274
2025-09-27 16:00:00,38.73,74.23,2.69,29.73,32.11,21.77,4.57,0.72,21.31,0.57,1.65,,,0.52,0.59,23.93,68.74,1.8,255.74,0.0,0.0,,,,2025-09-27 16:00:00,16,9,5,33.0,82.51,2.67,29.68,32.36,21.82,4.66,0.6,21.17,0.56,1.64,37.70916562127907,76.4284999182338,5.0349631904761925,11.813114803478067,13.54440802399409,9.521096448208787,7.044544634920645,0.6900176862067822,36.37569201148738,2.1973322259886965,3.6850450115995157
2025-09-28 00:00:00,33.0,82.51,2.67,29.68,32.36,21.82,4.66,0.6,21.17,0.56,1.64,,,0.52,0.59,22.23,85.28,1.11,219.02,0.0,0.0,,,,2025-09-28 00:00:00,0,9,6,38.73,74.84,2.69,29.27,32.21,21.63,4.71,0.57,21.3,0.57,1.63,27.76748218118584,71.1177129563326,5.058857499012279,12.266330873570915,14.627552845238085,10.459975357142822,6.053200629078859,0.7148450674601539,33.395930921663755,1.0197483809523793,0.9453196190476179
2025-09-28 08:00:00,38.73,74.84,2.69,29.27,32.21,21.63,4.71,0.57,21.3,0.57,1.63,,,0.52,0.58,25.67,60.43,2.06,266.13,0.0,0.0,,,,2025-09-28 08:00:00,8,9,6,38.73,76.26,2.68,29.43,31.94,21.87,4.75,0.75,21.25,0.57,1.64,38.515661900197394,91.62788062268572,5.464582356604183,11.563560632405553,13.878686672383571,12.166402734774858,6.572386749639257,0.7781348103617566,35.15625471212118,1.1906609365079357,1.7590011904761906
2025-09-28 16:00:00,38.73,76.26,2.68,29.43,31.94,21.87,4.75,0.75,21.25,0.57,1.64,,,0.52,0.59,24.04,73.46,1.15,198.73,0.0,0.0,,,,2025-09-28 16:00:00,16,9,6,33.0,79.5,2.66,29.4,32.34,21.57,4.65,0.82,21.05,0.56,1.63,30.097112718198442,61.21365287603354,5.334655647098369,11.661788633666015,15.877060800375919,10.398628559319894,5.934538285996228,0.6885212257042598,32.048815625485574,1.0955994884590574,0.9969517882500453
2025-09-29 00:00:00,33.0,79.5,2.66,29.4,32.34,21.57,4.65,0.82,21.05,0.56,1.63,,,0.52,0.58,22.06,86.22,1.5,229.83,0.0,0.0,,,,2025-09-29 00:00:00,0,9,0,38.73,72.42,2.67,29.47,31.85,21.84,4.88,0.58,21.18,0.57,1.64,34.42072892239595,78.75541276041523,6.009573515873012,10.455591561904779,11.012884523809525,8.861196079365065,6.481216426635706,0.7356923041942642,34.48128858297257,2.329557928571428,3.7164885396825444
2025-09-29 08:00:00,38.73,72.42,2.67,29.47,31.85,21.84,4.88,0.58,21.18,0.57,1.64,,,0.51,0.59,26.01,55.83,2.47,267.11,0.0,0.0,,,,2025-09-29 08:00:00,8,9,0,38.73,77.05,2.68,29.61,32.25,21.74,4.67,0.93,21.21,0.57,1.64,38.07767967126034,98.08437634012556,5.586757541974376,12.223369119047671,13.387389238095237,11.466498214039163,6.636506158730162,0.8827914063400367,37.17207440476189,0.7501177279942284,1.1343123953823944
2025-09-29 16:00:00,38.73,77.05,2.68,29.61,32.25,21.74,4.67,0.93,21.21,0.57,1.64,,,0.52,0.59,24.12,65.91,2.45,270.74,0.0,0.0,,,,2025-09-29 16:00:00,16,9,0,33.0,81.23,2.66,29.53,32.1,21.86,4.72,0.72,21.08,0.56,1.63,38.388345773969625,81.32388998859167,5.567406809523815,13.048846456765459,14.016700333333334,10.122307884716715,6.077336103174617,0.7093260095542568,35.159740261904744,1.2395036293183948,1.6600545000000022
2025-09-30 00:00:00,33.0,81.23,2.66,29.53,32.1,21.86,4.72,0.72,21.08,0.56,1.63,,,0.51,0.59,21.6,83.61,3.01,274.89,0.0,0.0,,,,2025-09-30 00:00:00,0,9,1,33.0,74.67,2.7,29.49,31.95,21.77,4.65,0.61,21.42,0.57,1.64,29.872494232669112,98.82149006265995,5.684830476911978,11.59372254462207,13.327722809523811,9.46888751515149,6.7281292936508015,0.7907767117143345,35.15735666233763,1.3879225714285701,1.6942179761904759
2025-09-30 08:00:00,33.0,74.67,2.7,29.49,31.95,21.77,4.65,0.61,21.42,0.57,1.64,,,0.52,0.59,26.23,53.82,2.56,270.85,0.0,0.0,,,,2025-09-30 08:00:00,8,9,1,38.73,78.08,2.68,29.5,32.17,21.82,4.81,0.53,21.25,0.57,1.64,27.71426559625508,95.97211269987379,5.194521684831521,11.419161309523863,12.35099009890109,11.364027385116835,6.482219952380955,0.8140413858898987,38.90014842857141,1.5294896327561314,1.3783344191919173
2025-09-30 16:00:00,38.73,78.08,2.68,29.5,32.17,21.82,4.81,0.53,21.25,0.57,1.64,,,0.52,0.59,24.89,59.38,2.81,279.19,0.0,0.0,,,,2025-09-30 16:00:00,16,9,1,33.0,88.18,2.66,29.52,32.46,21.74,4.77,0.56,21.1,0.56,1.63,49.55091060929779,85.94239382151927,6.004379508658011,12.934457631368634,15.632091380770841,11.829782727060925,6.1140853650793865,0.7285438769818593,37.737417852813856,0.8242997172656497,1.495526907647908
2025-10-01 00:00:00,33.0,88.18,2.66,29.52,32.46,21.74,4.77,0.56,21.1,0.56,1.63,,,0.52,0.59,22.3,79.03,2.73,272.15,0.0,0.0,,,,2025-10-01 00:00:00,0,10,2,38.73,76.46,2.66,29.63,32.23,21.74,5.1,0.62,21.05,0.57,1.64,31.734249325636338,74.66239031950434,5.894860429292928,15.854847984127,22.962881289682525,9.062428031024517,6.6696669126984185,0.769035484668109,34.955419709956686,0.5006925740740741,0.6064459999999996
2025-10-01 08:00:00,38.73,76.46,2.66,29.63,32.23,21.74,5.1,0.62,21.05,0.57,1.64,,,0.52,0.59,26.3,55.5,2.55,271.86,0.0,0.0,,,,2025-10-01 08:00:00,8,10,2,38.73,73.82,2.69,29.63,32.48,21.8,4.99,0.66,21.33,0.57,1.64,26.217050531638424,99.15075929511238,5.483909282106791,12.497368357142884,16.098723749999994,10.608226416182012,6.567690166666664,0.8892687272347533,39.0834808095238,0.8273547912349095,0.9110193001442981
2025-10-01 16:00:00,38.73,73.82,2.69,29.63,32.48,21.8,4.99,0.66,21.33,0.57,1.64,,,0.53,0.59,25.12,64.29,2.0,261.97,0.0,0.0,,,,2025-10-01 16:00:00,16,10,2,38.73,78.0,2.68,29.46,32.3,21.71,4.9,0.71,21.25,0.57,1.63,37.28628670801598,79.70162919385824,5.97617957867495,17.38625766206984,20.585631535648698,11.590777866733115,6.330716978854491,0.8704096182227123,35.65087845071009,1.6111974497984056,0.5420987936507944
2025-10-02 00:00:00,38.73,78.0,2.68,29.46,32.3,21.71,4.9,0.71,21.25,0.57,1.63,,,0.52,0.59,22.41,81.5,1.76,232.92,0.0,0.0,,,,2025-10-02 00:00:00,0,10,3,38.73,74.16,2.68,29.51,32.3,21.64,4.92,0.76,21.26,0.57,1.64,28.1919233443189,66.51887024777776,4.902493055555553,15.810241149206385,21.253163357142878,8.068989349206344,6.396223869831319,0.8600603265512256,36.46808250690417,0.7667953571428572,0.6104014285714287
2025-10-02 08:00:00,38.73,74.16,2.68,29.51,32.3,21.64,4.92,0.76,21.26,0.57,1.64,,,0.52,0.59,26.18,58.65,2.38,264.9,0.0,0.0,,,,2025-10-02 08:00:00,8,10,3,38.73,86.75,2.67,29.6,32.24,21.59,4.67,0.64,21.35,0.57,1.64,31.368093598819144,90.83942440033012,5.339978365079378,13.21313835714287,16.421557149267382,10.58007713711611,6.634108825396823,0.8516404011952963,35.94990226984123,1.0385876245682428,0.7754174603174583
2025-10-02 16:00:00,38.73,86.75,2.67,29.6,32.24,21.59,4.67,0.64,21.35,0.57,1.64,,,0.52,0.59,23.08,84.71,1.51,217.75,0.0,0.0,,,,2025-10-02 16:00:00,16,10,3,33.0,84.64,2.68,29.45,31.85,21.64,4.82,0.71,21.18,0.56,1.63,35.40977851835453,66.50837201364119,5.183125658730156,15.687340831746052,21.74248338095237,8.322868380952373,6.578500747165529,0.8946243795093781,29.67599279700191,0.5474720714285711,0.6976738095238093
2025-10-03 00:00:00,33.0,84.64,2.68,29.45,31.85,21.64,4.82,0.71,21.18,0.56,1.63,,,0.51,0.59,21.88,93.22,1.45,183.63,0.0,0.0,,,,2025-10-03 00:00:00,0,10,4,38.73,74.27,2.7,29.52,32.05,21.69,4.96,0.6,21.24,0.57,1.64,29.667657587324992,67.77496626483641,5.270368373015871,15.19856772002445,21.144114523809552,8.869013111111098,6.7765855,0.9119460318045317,34.83323889682539,0.7316169206349215,0.7442604285714297
2025-10-03 08:00:00,38.73,74.27,2.7,29.52,32.05,21.69,4.96,0.6,21.24,0.57,1.64,,,0.52,0.59,27.12,57.79,2.45,268.72,0.0,0.0,,,,2025-10-03 08:00:00,8,10,4,38.73,77.89,2.68,29.56,32.23,21.77,4.73,0.68,21.22,0.57,1.64,54.18975931746026,113.20034550992048,5.540279619047636,13.052502785714315,16.263352534188016,10.91954887561237,6.6218192142857175,0.869057663100058,39.91121186507936,1.136361850122099,0.7332436984126971
2025-10-03 16:00:00,38.73,77.89,2.68,29.56,32.23,21.77,4.73,0.68,21.22,0.57,1.64,,,0.52,0.59,24.3,80.07,1.52,207.2,0.0,0.0,,,,2025-10-03 16:00:00,16,10,4,33.0,81.15,2.68,29.34,31.99,21.73,4.79,0.65,21.06,0.56,1.63,34.06931429279766,60.36234492727277,5.1870223015873,15.730884906047887,21.36508653533027,8.561492746451226,6.699249493197274,0.8637348432402824,32.015858285390124,0.6906007287924845,0.7016768556998536
2025-10-04 00:00:00,33.0,81.15,2.68,29.34,31.99,21.73,4.79,0.65,21.06,0.56,1.63,,,0.51,0.59,22.64,92.56,1.13,147.57,0.0,0.0,,,,2025-10-04 00:00:00,0,10,5,33.0,76.25,2.66,29.86,31.92,21.82,4.75,0.62,21.18,0.56,1.65,32.41661293547079,65.1930950789743,5.620809833333345,14.10002946825401,17.32027254761905,9.65713996825395,6.302437904761908,0.8823920667631405,35.258963738095254,0.5284596111111113,0.880507301587301
2025-10-04 08:00:00,33.0,76.25,2.66,29.86,31.92,21.82,4.75,0.62,21.18,0.56,1.65,,,0.52,0.59,24.81,74.87,2.42,251.89,0.0,0.0,,,,2025-10-04 08:00:00,8,10,5,38.73,80.09,2.68,29.62,32.35,21.7,4.93,0.86,21.26,0.57,1.64,41.43074757628374,70.22903606248119,5.647979761904762,15.16692913520484,18.311585692640683,11.016162551368147,6.704451031746043,0.79904265048742,31.343874858829995,0.5473349109090877,0.4795406428571435
2025-10-04 16:00:00,38.73,80.09,2.68,29.62,32.35,21.7,4.93,0.86,21.26,0.57,1.64,,,0.52,0.59,23.82,85.0,1.11,158.77,0.0,0.0,,,,2025-10-04 16:00:00,16,10,5,33.0,81.07,2.67,29.38,31.87,21.58,5.0,1.03,21.2,0.56,1.63,39.01696160348082,64.75544957855996,5.013028740253028,14.162896990596995,15.884933869047607,9.344834317460304,5.990299049121983,0.9087816474574716,30.639048517200266,0.3216890932539683,0.5475058987460627
2025-10-05 00:00:00,33.0,81.07,2.67,29.38,31.87,21.58,5.0,1.03,21.2,0.56,1.63,,,0.51,0.58,22.84,93.22,1.47,197.41,0.0,0.0,,,,2025-10-05 00:00:00,0,10,6,33.0,72.58,2.67,29.54,32.25,21.66,5.05,0.84,21.18,0.57,1.64,33.6423957200057,63.6386607960783,5.281784277777774,14.237704632722876,18.425806906926432,8.887645492063482,6.792372606060605,0.9251780240483993,27.787985132506424,0.60921034920635,0.7109016190476188
2025-10-05 08:00:00,33.0,72.58,2.67,29.54,32.25,21.66,5.05,0.84,21.18,0.57,1.64,,,0.52,0.59,26.98,56.53,2.35,264.98,0.0,0.0,,,,2025-10-05 08:00:00,8,10,6,38.73,71.28,2.69,29.63,32.4,21.59,4.85,0.78,21.36,0.57,1.64,58.50577005555553,113.58653641666655,5.430072500000012,12.331853285714313,14.267772327561326,10.7014223041838,6.481418706349206,0.860098876775271,36.59879572222222,0.9146723501221008,0.7939576493506485
2025-10-05 16:00:00,38.73,71.28,2.69,29.63,32.4,21.59,4.85,0.78,21.36,0.57,1.64,,,0.52,0.58,24.32,71.56,1.45,202.88,0.0,0.0,,,,2025-10-05 16:00:00,16,10,6,38.73,100.85,2.7,29.45,32.21,21.78,4.67,0.58,21.4,0.57,1.63,31.75913577820074,61.67265501029822,5.3096547063492086,14.343397086457525,17.979528490259764,9.781017921054383,6.08650814399093,0.8351688809292936,35.170657370009536,0.47965396662562493,0.8668880634920625
2025-10-06 00:00:00,38.73,100.85,2.7,29.45,32.21,21.78,4.67,0.58,21.4,0.57,1.63,,,0.52,0.59,22.1,93.21,2.22,230.23,0.0,0.0,,,,2025-10-06 00:00:00,0,10,0,38.73,79.53,2.68,29.55,32.08,21.92,4.84,0.54,21.24,0.57,1.64,34.00546407955865,67.08596381010592,6.206013222222218,16.091076142246667,25.492884944444413,10.51283464285712,7.147389873015875,0.7771374702965951,35.48628028571423,0.6291454444444444,0.48695930952380906
2025-10-06 08:00:00,38.73,79.53,2.68,29.55,32.08,21.92,4.84,0.54,21.24,0.57,1.64,,,0.52,0.6,25.6,61.98,2.78,272.38,0.0,0.0,,,,2025-10-06 08:00:00,8,10,0,38.73,83.31,2.7,29.53,32.21,21.61,4.89,0.77,21.38,0.57,1.64,49.60863526561619,81.13530052605358,7.169659611832604,14.300172007936535,21.644750627802754,11.026786850961807,6.286924690476192,0.8291689386344644,35.62701542424241,0.7666894652014662,0.6232535952380952
2025-10-06 16:00:00,38.73,83.31,2.7,29.53,32.21,21.61,4.89,0.77,21.38,0.57,1.64,,,0.52,0.59,24.11,75.65,1.38,168.6,0.0,0.0,,,,2025-10-06 16:00:00,16,10,0,38.73,85.2,2.71,29.32,32.33,21.84,4.85,0.79,21.48,0.57,1.63,29.265707389031864,55.51256216004741,6.303663269841264,15.198732196401979,22.316654106758815,8.290390936507933,6.348529332502,0.8441615107577939,32.7972745309574,0.5722446161616157,0.7219917460317454
2025-10-07 00:00:00,38.73,85.2,2.71,29.32,32.33,21.84,4.85,0.79,21.48,0.57,1.63,,,0.52,0.59,21.99,85.01,2.15,231.16,0.0,0.0,,,,2025-10-07 00:00:00,0,10,1,33.0,72.71,2.68,29.35,32.11,21.76,5.03,0.82,21.23,0.57,1.64,30.022193840583043,80.68511488981238,5.2418296269841305,16.01900402958155,23.069658587301586,9.994110674603158,6.674914619047625,0.7940527027417026,35.914341833333296,0.4918836904761904,0.510152976190476
2025-10-07 08:00:00,33.0,72.71,2.68,29.35,32.11,21.76,5.03,0.82,21.23,0.57,1.64,,,0.52,0.59,27.18,51.05,2.17,265.33,0.0,0.0,,,,2025-10-07 08:00:00,8,10,1,38.73,75.85,2.67,29.5,32.36,21.74,5.24,0.78,21.12,0.57,1.64,51.33693202813849,113.35805249007937,5.327973948773461,12.187742166666698,15.058186833333316,10.748911913533801,6.6691138174603175,1.031566234528628,32.55023886075038,0.9626620039682544,0.8928990620490606
2025-10-07 16:00:00,38.73,75.85,2.67,29.5,32.36,21.74,5.24,0.78,21.12,0.57,1.64,,,0.52,0.59,24.95,68.1,1.29,159.32,0.0,0.0,,,,2025-10-07 16:00:00,16,10,1,33.0,82.18,2.67,29.47,32.35,21.9,4.99,0.89,21.15,0.56,1.63,37.124819275862436,74.07973203681274,7.183158866473616,16.262349110731314,18.277894214385537,12.006153317115073,5.592718902629316,0.897258692150102,35.861587699198544,0.9482972468712814,0.8942475903540912
2025-10-08 00:00:00,33.0,82.18,2.67,29.47,32.35,21.9,4.99,0.89,21.15,0.56,1.63,,,0.52,0.59,23.41,81.97,1.11,151.9,0.0,0.0,,,,2025-10-08 00:00:00,0,10,2,38.73,74.57,2.68,29.64,32.02,21.79,5.03,0.68,21.26,0.57,1.64,26.47187849575654,45.602129168774745,4.9570182328797365,14.382833144841287,17.428229404761915,9.186072976190463,6.187185437059673,0.8864655998200518,29.0048917240038,0.43646530534670047,0.8168844496614489
2025-10-08 08:00:00,38.73,74.57,2.68,29.64,32.02,21.79,5.03,0.68,21.26,0.57,1.64,,,0.52,0.59,26.02,64.59,1.42,204.07,0.0,0.0,,,,2025-10-08 08:00:00,8,10,2,38.73,72.77,2.67,29.27,32.36,21.85,4.9,0.69,21.17,0.57,1.64,38.63637555565605,86.99815675188985,6.127238603174609,14.863050881834436,18.471470620768137,11.401802944712271,6.104686895746641,0.9247515745039898,32.217192928132214,0.8022684366270655,0.9780107063492064
2025-10-08 16:00:00,38.73,72.77,2.67,29.27,32.36,21.85,4.9,0.69,21.17,0.57,1.64,,,0.52,0.59,24.02,81.34,1.13,170.21,0.0,0.0,,,,2025-10-08 16:00:00,16,10,2,38.73,79.65,2.7,29.67,32.31,21.76,4.91,0.77,21.41,0.57,1.64,32.268366440984195,55.89546179329924,5.149024347734886,13.920274898330593,16.96892842857143,8.916256238095224,6.0302596102797805,0.859973888085441,30.139181391967902,0.34514277579365094,0.5683011519928165
2025-10-09 00:00:00,38.73,79.65,2.7,29.67,32.31,21.76,4.91,0.77,21.41,0.57,1.64,,,0.52,0.59,22.28,90.85,1.71,204.89,0.0,0.0,,,,2025-10-09 00:00:00,0,10,3,38.73,71.96,2.67,29.42,32.17,21.8,5.06,0.54,21.18,0.57,1.64,31.97763648143818,62.2876773568985,5.005876539682536,16.212629315873055,21.56495011904765,8.47242966666665,6.683970271792101,0.8797370439412923,37.295846282661756,0.6354461666666671,0.5993662380952383
2025-10-09 08:00:00,38.73,71.96,2.67,29.42,32.17,21.8,5.06,0.54,21.18,0.57,1.64,,,0.52,0.59,26.75,59.55,1.9,257.92,0.0,0.0,,,,2025-10-09 08:00:00,8,10,3,38.73,69.97,2.69,29.65,32.16,21.56,4.99,0.94,21.31,0.57,1.64,53.39888871062268,114.23713838373011,5.27196464285715,14.165199298417887,16.70141940964592,10.414183297861156,6.507006888888889,0.9675465968329916,28.760672904761897,1.195202639316238,0.8599221428571421
2025-10-09 16:00:00,38.73,69.97,2.69,29.65,32.16,21.56,4.99,0.94,21.31,0.57,1.64,,,0.52,0.58,25.01,72.64,1.6,188.26,0.0,0.0,,,,2025-10-09 16:00:00,16,10,3,33.0,95.43,2.69,29.67,32.28,21.84,4.84,0.78,21.3,0.57,1.64,36.840091451706755,68.4378240714327,6.56703884130121,17.062097393061048,20.4122096601574,11.909876873257396,5.969424208518036,0.8267772092657362,34.09617499038561,1.604701382633468,0.8254885634920617
2025-10-10 00:00:00,33.0,95.43,2.69,29.67,32.28,21.84,4.84,0.78,21.3,0.57,1.64,,,0.52,0.59,21.78,93.14,1.3,183.57,0.0,0.0,,,,2025-10-10 00:00:00,0,10,4,33.03,80.68,2.71,29.31,32.17,21.53,4.84,0.57,21.27,0.57,1.64,29.829581661093197,69.04905150002745,5.278989563492062,15.212683681929214,20.307286206349247,9.533371682539666,6.314052952380956,0.9146891984711982,35.03202732539681,0.7097416666666676,0.7812951587301596
2025-10-10 08:00:00,33.03,80.68,2.71,29.31,32.17,21.53,4.84,0.57,21.27,0.57,1.64,,,0.52,0.58,26.86,59.69,1.76,252.57,0.0,0.0,,,,2025-10-10 08:00:00,8,10,4,33.0,61.01,4.84,24.2,29.24,18.62,4.59,0.64,16.5,0.49,1.64,55.33883815079359,110.62271808701804,5.4848148174603235,14.024766441275023,16.954687796092795,10.656262307886223,6.510811090909089,0.9716579258373207,28.409333214285734,0.7611335158335125,0.9198621666666652
2025-10-10 16:00:00,33.0,61.01,4.84,24.2,29.24,18.62,4.59,0.64,16.5,0.49,1.64,,,0.52,0.59,24.81,73.58,1.15,172.35,0.0,0.0,,,,2025-10-10 16:00:00,16,10,4,38.73,69.82,4.85,24.21,28.97,18.81,4.66,0.68,16.53,0.49,1.63,37.86200652965029,69.57250234439813,5.422679549665232,14.88796207981747,15.545453127302382,11.46311510487251,5.79987147786621,0.8052111268499614,31.298384901675842,0.7094294371052923,0.9856691427165563
2025-10-11 00:00:00,38.73,69.82,4.85,24.21,28.97,18.81,4.66,0.68,16.53,0.49,1.63,,,0.51,0.59,22.26,93.18,1.62,197.98,0.0,0.0,,,,2025-10-11 00:00:00,0,10,5,38.73,64.18,4.88,24.08,29.13,18.71,4.75,0.59,16.69,0.49,1.64,32.40733683547862,62.97466545364744,5.221383611111108,14.314183632722884,18.58806395454548,8.895770349206334,6.677987115384617,0.9040762181700668,35.11090562698415,0.799287492063493,0.7435133571428578
2025-10-11 08:00:00,38.73,64.18,4.88,24.08,29.13,18.71,4.75,0.59,16.69,0.49,1.64,,,0.52,0.59,26.64,61.18,1.93,266.95,0.0,0.0,,,,2025-10-11 08:00:00,8,10,5,38.73,69.38,4.86,24.22,29.0,18.82,4.86,0.88,16.61,0.49,1.64,43.66378689228222,94.64820362856587,5.249130023809525,12.833853600005202,15.638712566572316,10.394366868117938,6.486608344155846,0.9601594533098485,28.820384212121223,1.375939890109889,0.6908739285714283
2025-10-11 16:00:00,38.73,69.38,4.86,24.22,29.0,18.82,4.86,0.88,16.61,0.49,1.64,,,0.52,0.59,24.49,68.7,1.15,195.88,0.0,0.0,,,,2025-10-11 16:00:00,16,10,5,38.73,78.91,4.84,24.15,28.97,18.67,4.84,0.76,16.69,0.49,1.63,37.33863154283569,78.10337110572101,5.255891292214809,13.860274008313457,14.981926924185474,10.561969581170963,5.794993984496144,0.8259802480582913,33.9980279816858,0.37826124678565365,0.4173018863636365
2025-10-12 00:00:00,38.73,78.91,4.84,24.15,28.97,18.67,4.84,0.76,16.69,0.49,1.63,,,0.51,0.59,22.86,81.78,1.19,173.44,0.0,0.0,,,,2025-10-12 00:00:00,0,10,6,38.73,68.12,4.81,24.18,29.11,18.72,4.91,0.68,16.52,0.49,1.64,23.78739344468704,50.460399322296446,5.180716755003453,13.819423920634954,16.050323059523812,9.275962396825378,6.17098471037966,0.8401012439393928,27.806584477954573,0.455570928571429,0.6389658888888888
2025-10-12 08:00:00,38.73,68.12,4.81,24.18,29.11,18.72,4.91,0.68,16.52,0.49,1.64,,,0.52,0.59,28.36,42.67,1.01,223.71,0.0,0.0,,,,2025-10-12 08:00:00,8,10,6,38.73,61.54,4.89,24.07,29.06,18.84,4.87,0.71,16.67,0.48,1.65,27.15680687301588,69.04729169047619,4.685516563492075,11.638711477633473,10.055846119047613,9.672729368131883,6.685458317460318,1.2054590317460319,21.3588925238097,1.5293041239671181,2.0813235786435773
2025-10-12 16:00:00,38.73,61.54,4.89,24.07,29.06,18.84,4.87,0.71,16.67,0.48,1.65,,,0.52,0.59,24.63,59.61,1.11,147.91,0.0,0.0,,,,2025-10-12 16:00:00,16,10,6,38.73,72.55,4.85,24.23,29.06,18.73,4.89,0.91,16.55,0.48,1.62,36.85110345920199,79.11390988204803,5.3447584466602045,12.828399121867175,13.304691963868002,9.969518929899234,5.956375309892957,0.8929329200227173,32.503865142857144,0.6124408959203151,0.5580618214285713
2025-10-13 00:00:00,38.73,72.55,4.85,24.23,29.06,18.73,4.89,0.91,16.55,0.48,1.62,,,0.52,0.59,22.07,87.52,1.16,129.61,0.0,0.0,,,,2025-10-13 00:00:00,0,10,0,33.02,61.95,5.48,22.96,28.15,17.22,4.53,0.82,17.97,0.49,1.64,31.264506484805654,82.66192925633248,6.691398846597854,14.694462444444468,20.12839636111115,9.653535896825382,6.126001548569328,0.8613013304473298,33.666655202020166,0.5117128518148522,0.8281732222222222
2025-10-13 08:00:00,33.02,61.95,5.48,22.96,28.15,17.22,4.53,0.82,17.97,0.49,1.64,,,0.52,0.58,27.63,42.98,2.42,279.27,0.0,0.0,,,,2025-10-13 08:00:00,8,10,0,33.0,199.24,6.2,21.33,27.6,15.51,4.37,0.82,19.32,0.48,1.64,44.90564526190478,99.56415846482687,6.444061988455994,11.839300873015896,17.002379575396816,10.842822158008635,6.65509962698413,0.9903003707403715,36.281743222222225,0.910256071428572,1.0916708809523799
2025-10-13 16:00:00,33.0,199.24,6.2,21.33,27.6,15.51,4.37,0.82,19.32,0.48,1.64,,,0.52,0.59,25.64,59.89,1.5,223.88,0.0,0.0,,,,2025-10-13 16:00:00,16,10,0,38.73,86.82,6.13,20.74,26.77,15.06,4.59,0.66,19.71,0.49,1.63,38.3661645003753,99.08082307689325,6.749288253968248,13.285470577416671,18.66757489859907,11.5097862202888,6.311931904761908,0.9240280251536159,32.97573994105895,0.6331828552909264,1.1109507380952384
2025-10-14 00:00:00,38.73,86.82,6.13,20.74,26.77,15.06,4.59,0.66,19.71,0.49,1.63,,,0.51,0.59,23.57,77.16,1.35,156.54,0.0,0.0,,,,2025-10-14 00:00:00,0,10,1,38.73,86.82,6.25,21.28,27.45,15.42,4.42,0.62,19.65,0.49,1.64,41.9813936413216,58.8537571481259,5.6443603492063446,15.447750357311884,21.234775619047607,8.47598383730158,6.333107724216966,0.8967166281754317,31.81396157735891,0.5227228939393938,0.7477943080808077
2025-10-14 08:00:00,38.73,86.82,6.25,21.28,27.45,15.42,4.42,0.62,19.65,0.49,1.64,,,0.52,0.59,27.53,51.39,0.69,173.96,0.0,0.0,,,,2025-10-14 08:00:00,8,10,1,38.73,86.82,6.25,21.23,27.39,15.43,4.63,0.57,19.64,0.49,1.64,52.018947484127004,110.86836647852463,4.961961190683907,12.40296639826839,12.03965311940837,11.978448515873,6.158412809523814,1.1561371984126987,21.70048910317466,1.7862827680097686,3.380648370384518
2025-10-14 16:00:00,38.73,86.82,6.25,21.23,27.39,15.43,4.63,0.57,19.64,0.49,1.64,,,0.52,0.59,24.75,72.22,1.03,123.63,0.0,0.0,,,,2025-10-14 16:00:00,16,10,1,38.73,86.82,6.11,20.92,26.9,15.17,4.72,0.55,19.62,0.49,1.63,35.95325740057285,80.51645156877204,5.13904065147869,13.080129842263162,13.541259925351316,11.36956512203087,5.353208799707755,0.8342043534747753,29.535231539672527,0.6431118720871427,0.6185734505684011
2025-10-15 00:00:00,38.73,86.82,6.11,20.92,26.9,15.17,4.72,0.55,19.62,0.49,1.63,,,0.51,0.59,23.13,84.09,1.13,136.83,0.0,0.0,,,,2025-10-15 00:00:00,0,10,2,38.73,86.82,6.23,21.24,27.32,15.45,4.68,0.52,19.57,0.49,1.64,24.494618795028625,53.627596327803005,5.133225983961986,14.29221181746034,17.403824500000002,9.310570476190463,6.129014248917749,0.8878846172058926,29.377767826643304,0.466954347117795,0.7701744179154174
2025-10-15 08:00:00,38.73,86.82,6.23,21.24,27.32,15.45,4.68,0.52,19.57,0.49,1.64,,,0.52,0.59,26.51,60.58,0.86,196.95,0.0,0.0,,,,2025-10-15 08:00:00,8,10,2,38.73,86.82,6.23,21.27,27.67,15.43,4.7,0.55,19.59,0.49,1.64,42.247410184685535,91.38654612449245,4.814449580397151,11.365837999999986,10.127534515484532,11.985539861977994,6.248714427693082,0.9494560823335888,21.46642756725162,0.683341157751406,1.6141175457740544
2025-10-15 16:00:00,38.73,86.82,6.23,21.27,27.67,15.43,4.7,0.55,19.59,0.49,1.64,,,0.52,0.59,23.06,92.47,1.45,150.36,0.0,0.0,,,,2025-10-15 16:00:00,16,10,2,38.73,86.82,6.08,20.87,27.0,14.94,4.6,0.65,19.46,0.48,1.63,38.524856547263894,63.56959960322594,5.368573642857141,15.690906704761925,21.995321690476178,8.375247984126974,6.671952261904758,0.9249697095823097,28.95883745676439,0.5004210158730152,0.6654392857142853
2025-10-16 00:00:00,38.73,86.82,6.08,20.87,27.0,14.94,4.6,0.65,19.46,0.48,1.63,,,0.52,0.58,22.78,86.28,1.23,147.05,0.0,0.0,,,,2025-10-16 00:00:00,0,10,3,38.73,86.82,6.27,21.35,27.68,15.41,4.8,0.73,19.74,0.49,1.64,29.494561626466936,62.36903846257377,5.2167624709831255,15.833209539682572,18.50526405158731,9.556597555555545,6.111996237388845,0.8756187024531018,28.01046054817407,0.4962595952380951,0.778530444444445
2025-10-16 08:00:00,38.73,86.82,6.27,21.35,27.68,15.41,4.8,0.73,19.74,0.49,1.64,,,0.52,0.59,25.99,64.96,0.73,172.03,0.0,0.0,,,,2025-10-16 08:00:00,8,10,3,38.73,86.82,6.22,21.22,27.61,15.31,4.67,0.79,19.55,0.49,1.64,38.442158882371956,82.95406008852764,4.987214321522685,12.361246309523816,11.922931895900918,14.082178308469882,5.415123658314018,0.9315616212121205,21.918094412698448,0.517834648908164,1.348056267987307
2025-10-16 16:00:00,38.73,86.82,6.22,21.22,27.61,15.31,4.67,0.79,19.55,0.49,1.64,,,0.52,0.59,24.97,72.34,0.85,151.17,0.0,0.0,,,,2025-10-16 16:00:00,16,10,3,38.73,86.82,6.13,20.69,27.1,14.99,4.64,0.6,19.68,0.49,1.63,36.33408665664208,71.77882609778925,5.121298584977022,13.138220577922088,12.258924764124968,12.239365056505324,5.654425200093037,0.8532001220606046,26.06255335714295,0.6233394551895314,0.917239761237993
2025-10-17 00:00:00,38.73,86.82,6.13,20.69,27.1,14.99,4.64,0.6,19.68,0.49,1.63,,,0.52,0.58,23.59,82.59,1.21,143.41,0.0,0.0,,,,2025-10-17 00:00:00,0,10,4,38.73,86.82,6.24,21.4,27.32,15.35,4.58,0.53,19.62,0.49,1.65,27.151099488730445,50.29672061689729,5.207847215320918,16.125500936507965,18.63012852380952,9.247942440476164,6.176870720779234,0.8967576291199868,30.28810262924604,0.5302055297937358,0.7614570252838944
2025-10-17 08:00:00,38.73,86.82,6.24,21.4,27.32,15.35,4.58,0.53,19.62,0.49,1.65,,,0.52,0.59,27.21,59.05,0.79,205.94,0.0,0.0,,,,2025-10-17 08:00:00,8,10,4,33.02,83.41,6.24,21.25,27.57,15.42,4.65,0.54,19.64,0.49,1.64,50.55565852661067,86.46167353152406,4.834417585913964,11.470965523809499,10.300259192612963,12.557656603774607,6.500044432022088,0.9355805317460317,21.348596329156337,0.5361113385148596,1.470116664209711
2025-10-17 16:00:00,33.02,83.41,6.24,21.25,27.57,15.42,4.65,0.54,19.64,0.49,1.64,,,0.52,0.59,24.58,73.18,0.98,159.4,0.0,0.0,,,,2025-10-17 16:00:00,16,10,4,33.0,81.32,6.04,20.81,26.83,15.04,4.5,0.59,19.34,0.48,1.63,38.00313609886099,87.41871312759382,5.3170232129220025,14.298951694794148,14.87670329509378,11.710755695199582,5.408741231661669,0.8667118446036517,27.122768458095866,0.5603763816625706,0.7273289837633865
2025-10-18 00:00:00,33.0,81.32,6.04,20.81,26.83,15.04,4.5,0.59,19.34,0.48,1.63,,,0.51,0.59,23.77,76.98,1.13,131.26,0.0,0.0,,,,2025-10-18 00:00:00,0,10,5,33.0,71.22,6.21,21.3,27.5,15.37,4.55,0.7,19.5,0.49,1.64,36.25756117252505,61.582783918304095,5.228255731277217,13.81951550160241,16.18277870238095,9.291528226190454,6.115837611111131,0.8357545884301211,31.76502120424215,0.4718812712867201,0.8521282487271168
2025-10-18 08:00:00,33.0,71.22,6.21,21.3,27.5,15.37,4.55,0.7,19.5,0.49,1.64,,,0.52,0.59,26.68,61.36,0.75,187.42,0.0,0.0,,,,2025-10-18 08:00:00,8,10,5,33.0,208.11,6.23,21.15,27.25,15.4,4.46,0.8,19.58,0.49,1.64,38.04174554846494,79.78784481241695,4.8786445876912525,11.912347992063482,11.266918127741551,12.88323375709755,5.861190420977582,0.9480251486291488,21.322775186299165,0.4855594799119533,1.416581082615585
2025-10-18 16:00:00,33.0,208.11,6.23,21.15,27.25,15.4,4.46,0.8,19.58,0.49,1.64,,,0.51,0.59,23.14,92.1,1.38,148.82,0.0,0.0,,,,2025-10-18 16:00:00,16,10,5,38.73,86.82,2.18,7.42,9.19,5.2,5.53,0.82,30.66,0.41,1.32,40.710703610432624,70.82036634293742,5.190994587301589,14.418819077777817,18.474599692640698,8.643744730158733,6.527374690476194,0.9322442095705239,32.15118489275564,0.4104259891774886,0.6605670634920636
2025-10-19 00:00:00,38.73,86.82,2.18,7.42,9.19,5.2,5.53,0.82,30.66,0.41,1.32,,,0.39,0.42,22.41,93.2,1.24,161.74,0.0,0.0,,,,2025-10-19 00:00:00,0,10,6,38.73,86.82,5.19,13.51,13.165,12.24,5.53,0.77,30.66,0.84,1.15,31.67319914287205,66.93763136774082,5.410752658730161,13.912272459707003,17.021023920634928,9.578154920634903,6.200434563492067,0.9194265260325264,34.9036127063492,0.7152145396825402,0.8100349444444445
2025-10-19 08:00:00,38.73,86.82,5.19,13.51,13.165,12.24,5.53,0.77,30.66,0.84,1.15,,,,,24.92,73.16,1.07,,0.0,0.0,,,,2025-10-19 08:00:00,8,10,6,38.73,86.82,5.19,13.51,13.165,12.24,5.53,0.77,30.66,0.84,1.15,45.135610324298106,86.49718981952327,5.190134771585816,13.522625411750903,13.180573901914777,12.233233928912615,6.057129899253338,0.8079171068441873,30.64051483142024,0.702064260455797,0.9342756682976938
2025-10-19 16:00:00,38.73,86.82,5.19,13.51,13.165,12.24,5.53,0.77,30.66,0.84,1.15,,,,,24.92,73.16,1.07,,0.0,0.0,,,,2025-10-19 16:00:00,16,10,6,38.73,86.82,6.22,21.21,27.15,15.08,4.43,0.69,19.53,0.49,1.64,41.052335760160396,86.30825579308348,5.189135971817529,13.501601427623916,13.157241568581442,12.23466059557928,5.761024453557183,0.7853191745994081,30.55666516475358,0.7806706372072835,1.1010123507942906
2025-10-20 00:00:00,38.73,86.82,6.22,21.21,27.15,15.08,4.43,0.69,19.53,0.49,1.64,,,0.51,0.59,22.64,92.86,1.2,121.58,0.0,0.0,,,,2025-10-20 00:00:00,0,10,0,28.15,70.09,5.09,20.61,24.01,15.32,4.57,0.74,19.53,0.49,1.64,29.950635464520325,59.28493905808105,6.333775229437228,15.681293325396846,20.764360242063493,9.66004633333332,6.181444634920642,0.8952503307944302,35.98582419047616,0.5130874444444445,0.8348617857142862
2025-10-20 08:00:00,28.15,70.09,5.09,20.61,24.01,15.32,4.57,0.74,19.53,0.49,1.64,,,0.52,0.59,26.81,60.34,0.48,153.9,0.0,0.0,,,,2025-10-20 08:00:00,8,10,0,35.45,120.52,2.89,19.35,17.25,15.27,4.76,0.59,19.77,0.5,1.64,80.67562846031743,111.82606907907636,4.9127180294081665,11.420757539682544,10.66746626190476,12.199021082972553,5.722688517094019,0.9776754597069595,22.864508095238136,0.6333940826301196,1.1712665921325032
2025-10-20 16:00:00,35.45,120.52,2.89,19.35,17.25,15.27,4.76,0.59,19.77,0.5,1.64,,,0.52,0.59,24.49,73.66,0.97,127.76,0.0,0.0,,,,2025-10-20 16:00:00,16,10,0,39.0,126.92,2.81,18.74,16.91,14.98,4.33,0.57,19.73,0.49,1.64,36.04868276145414,75.49729746226755,5.123028259517654,14.05798972482112,13.949795854256845,11.185913906261208,5.657630247534679,0.8647010995065233,26.758828925697745,0.383736564631275,0.568903750768202
2025-10-21 00:00:00,39.0,126.92,2.81,18.74,16.91,14.98,4.33,0.57,19.73,0.49,1.64,,,0.52,0.59,23.02,81.34,1.41,148.36,0.0,0.0,,,,2025-10-21 00:00:00,0,10,1,33.2,72.0,3.26,19.15,18.49,14.54,4.61,0.61,19.6,0.49,1.65,28.17296303734214,55.233012606252714,5.659672182539677,15.284543807936515,21.978386357142842,8.497971809523806,6.416460065486802,0.8851168965340204,28.146538434975064,0.6366290714285718,0.7734199761904766
2025-10-21 08:00:00,33.2,72.0,3.26,19.15,18.49,14.54,4.61,0.61,19.6,0.49,1.65,,,0.51,0.59,25.18,71.2,0.77,179.29,0.0,0.0,,,,2025-10-21 08:00:00,8,10,1,51.98,122.25,5.33,26.67,29.99,18.65,4.67,0.65,22.99,0.49,1.64,37.613173810752386,74.36034750391975,4.976081340184523,12.648560246031746,12.68548457160895,13.521235680989042,5.231191012966977,0.9445465944786191,23.23659637301592,0.664341205872989,1.7706042296070352
2025-10-21 16:00:00,51.98,122.25,5.33,26.67,29.99,18.65,4.67,0.65,22.99,0.49,1.64,,,0.52,0.59,23.75,77.95,1.09,163.91,0.0,0.0,,,,2025-10-21 16:00:00,16,10,1,28.34,61.19,2.84,18.94,21.84,12.95,4.61,0.49,16.32,0.49,1.64,35.5464587048404,60.47629061401438,4.956030218599498,13.596797174466703,16.386111999999997,8.601725126984118,6.00027432456549,0.8481841109260408,30.158088654060695,0.4168567852286603,0.5443964416694427
2025-10-22 00:00:00,28.34,61.19,2.84,18.94,21.84,12.95,4.61,0.49,16.32,0.49,1.64,,,0.52,0.59,22.91,86.5,1.16,175.07,0.0,0.0,,,,2025-10-22 00:00:00,0,10,2,28.0,47.36,2.88,19.29,22.15,13.25,4.63,0.59,16.09,0.49,1.64,28.535337598165064,62.68325495912136,5.297722885477132,15.319754984127007,17.986317857142875,9.645255007936495,6.126444426193258,0.8782824357864354,27.394992399822414,0.5253082142857145,0.8178210927960925
2025-10-22 08:00:00,28.0,47.36,2.88,19.29,22.15,13.25,4.63,0.59,16.09,0.49,1.64,,,0.52,0.59,25.03,77.11,0.88,191.33,0.0,0.0,,,,2025-10-22 08:00:00,8,10,2,33.57,158.54,4.05,22.29,25.96,16.1,4.72,0.65,27.3,0.49,1.64,38.77941596346663,72.02521792842832,5.088211325462253,15.104007380952396,16.15484729668753,12.534151174621368,5.7806162092346085,0.862406298730773,23.953924009171164,0.791667329777986,1.3320875253481734
2025-10-22 16:00:00,33.57,158.54,4.05,22.29,25.96,16.1,4.72,0.65,27.3,0.49,1.64,,,0.51,0.59,23.65,85.41,0.96,131.41,0.0,0.0,,,,2025-10-22 16:00:00,16,10,2,36.0,68.33,4.46,23.16,27.42,17.19,4.66,0.59,32.33,0.49,1.64,33.9230574744712,64.37311707937772,4.768364382041078,12.510688658730194,12.116780871184366,10.082595452380923,5.847264023869456,0.9416157180838028,25.677361977777828,0.35335682539682567,0.43652909895659914
2025-10-23 00:00:00,36.0,68.33,4.46,23.16,27.42,17.19,4.66,0.59,32.33,0.49,1.64,,,0.51,0.59,22.3,92.49,1.34,162.61,0.0,0.0,,,,2025-10-23 00:00:00,0,10,3,27.38,53.93,5.36,24.65,30.07,16.59,4.72,0.59,25.6,0.49,1.64,31.15862270498349,61.483841746586684,5.287383563492065,15.596169365079403,20.4980848571429,8.93735625396823,6.4981274047619095,0.9045845607025342,37.42539826190474,0.6038477777777786,0.7354736349206357
2025-10-23 08:00:00,27.38,53.93,5.36,24.65,30.07,16.59,4.72,0.59,25.6,0.49,1.64,,,0.52,0.59,25.27,68.37,1.15,212.43,0.0,0.0,,,,2025-10-23 08:00:00,8,10,3,18.29,91.97,6.04,25.29,31.59,14.51,4.28,0.49,18.58,0.49,1.65,34.91787025042035,78.2797990720967,5.046258723069529,14.380260864290111,14.343126780278105,11.61326860071906,5.826879667179355,0.9243594133419849,29.386470857507135,1.0576169986588608,1.2224387425083831
2025-10-23 16:00:00,18.29,91.97,6.04,25.29,31.59,14.51,4.28,0.49,18.58,0.49,1.65,,,0.52,0.6,23.68,79.91,0.96,150.31,0.0,0.0,,,,2025-10-23 16:00:00,16,10,3,38.73,86.82,6.18,25.69,31.63,14.66,4.27,0.61,18.75,0.49,1.64,27.843935068766587,60.81723656516273,4.743583722927791,12.57568831457435,12.082835855699845,9.624775286435758,5.8854497302186655,0.8526616823546144,25.850847082840634,0.3184710721500722,0.41093769852369905
2025-10-24 00:00:00,38.73,86.82,6.18,25.69,31.63,14.66,4.27,0.61,18.75,0.49,1.64,,,0.51,0.59,22.3,77.87,2.08,262.25,0.0,0.0,,,,2025-10-24 00:00:00,0,10,4,38.73,86.82,6.21,25.97,31.49,14.81,3.34,1.12,18.87,0.49,1.65,42.2066506276785,73.71084709895311,4.897587142857149,16.465621336940867,21.23187431349208,9.927468944444408,6.5041469992784995,0.7995317487734486,36.37539174153619,0.5136386666666668,0.4917811190476194
2025-10-24 08:00:00,38.73,86.82,6.21,25.97,31.49,14.81,3.34,1.12,18.87,0.49,1.65,,,0.51,0.59,25.3,63.06,2.25,282.27,0.0,0.0,,,,2025-10-24 08:00:00,8,10,4,38.73,86.82,6.22,25.82,31.96,14.8,4.36,0.58,18.9,0.49,1.64,37.96324268392251,82.32052106747192,5.675021690476195,16.537443381644955,20.404228839210283,11.490901527900794,6.361038282106792,0.8679515382804331,35.58279749039266,1.4984675712354967,0.5981499523809518
2025-10-24 16:00:00,38.73,86.82,6.22,25.82,31.96,14.8,4.36,0.58,18.9,0.49,1.64,,,0.52,0.59,23.47,72.42,1.21,149.33,0.0,0.0,,,,2025-10-24 16:00:00,16,10,4,16.0,86.82,6.0,25.16,31.17,14.4,4.46,0.59,18.55,0.48,1.64,33.829903570776,60.97561263147971,5.107859048715479,15.281685832679251,17.34781516666665,9.914445561660544,5.716496596741035,0.8507053537893711,33.365454279357216,0.439885213221205,0.7164046544011534
2025-10-25 00:00:00,16.0,86.82,6.0,25.16,31.17,14.4,4.46,0.59,18.55,0.48,1.64,,,0.51,0.59,21.71,85.27,1.28,154.39,0.0,0.0,,,,2025-10-25 00:00:00,0,10,5,38.73,86.82,6.14,25.64,31.72,14.96,4.69,0.74,18.57,0.49,1.64,30.98630654593326,95.35198413576566,5.279538920634921,13.987476325396866,17.568816525974036,9.264157626984119,6.19087372151583,0.8782902263736256,34.79473185769783,0.5834244841269844,0.8248230396825408
2025-10-25 08:00:00,38.73,86.82,6.14,25.64,31.72,14.96,4.69,0.74,18.57,0.49,1.64,,,0.52,0.59,26.16,54.08,2.04,273.9,0.0,0.0,,,,2025-10-25 08:00:00,8,10,5,16.0,86.82,6.22,25.58,31.8,14.79,4.77,0.59,18.93,0.49,1.64,31.711202484851928,91.88046608445697,5.196935984126988,12.08891290476193,14.078557585497832,10.633370777122586,6.434566611111116,1.0102971752212702,30.89436310101014,1.1221191794871788,0.9680218715728693
2025-10-25 16:00:00,16.0,86.82,6.22,25.58,31.8,14.79,4.77,0.59,18.93,0.49,1.64,,,0.52,0.59,24.63,63.47,0.99,159.05,0.0,0.0,,,,2025-10-25 16:00:00,16,10,5,16.0,86.82,6.06,25.18,31.3,14.4,4.6,0.7,18.76,0.49,1.64,35.942472875676884,87.97969449700824,5.233143425698053,11.563708515873016,10.890710333333338,11.100615322088444,5.678798967180119,0.8233404220429195,29.19673419047626,0.5426564402457767,0.4670595753968254
2025-10-26 00:00:00,16.0,86.82,6.06,25.18,31.3,14.4,4.6,0.7,18.76,0.49,1.64,,,0.52,0.59,22.35,83.7,1.54,185.66,0.0,0.0,,,,2025-10-26 00:00:00,0,10,6,38.73,86.82,6.23,25.66,32.01,14.67,4.69,0.6,18.97,0.49,1.64,27.0809476618858,64.16911098113256,5.200891634920632,13.770220101587347,17.62356031168833,8.773521452380944,7.2890638099467635,0.867199233769008,35.225721167221664,0.6400502142857143,0.8062895000000008
2025-10-26 08:00:00,38.73,86.82,6.23,25.66,32.01,14.67,4.69,0.6,18.97,0.49,1.64,,,0.52,0.59,26.61,52.41,2.15,274.62,0.0,0.0,,,,2025-10-26 08:00:00,8,10,6,38.73,86.82,6.2,25.69,31.86,14.84,4.68,0.66,18.84,0.49,1.64,47.99889831560998,101.76370307028132,5.19136786507937,11.972802738095265,13.422428692640699,10.11195130105565,6.493939825396825,1.0681430593149535,32.91886590620494,1.1157791239316244,1.0358699191919174
2025-10-26 16:00:00,38.73,86.82,6.2,25.69,31.86,14.84,4.68,0.66,18.84,0.49,1.64,,,0.52,0.59,24.64,68.26,1.41,186.76,0.0,0.0,,,,2025-10-26 16:00:00,16,10,6,38.73,86.82,6.1,25.06,31.35,14.67,4.72,0.55,18.95,0.49,1.63,37.90198783682473,67.8987348110222,5.386921944444444,14.366531944821393,17.123455832887707,9.965893477788494,6.32328630158731,0.9621632512782426,34.21821193350163,0.8412925951768309,0.8531660158730155
2025-10-27 00:00:00,38.73,86.82,6.1,25.06,31.35,14.67,4.72,0.55,18.95,0.49,1.63,,,0.52,0.6,22.86,83.97,1.66,210.4,0.0,0.0,,,,2025-10-27 00:00:00,0,10,0,38.73,86.82,6.16,25.81,31.82,15.08,4.64,0.62,18.66,0.49,1.64,26.16795000663532,59.15316596939785,6.290699087301578,15.687236474603186,24.993517785714275,8.657272126984124,6.382650480519486,0.8962014439033182,28.226567056965273,0.5541370238095238,0.7557866904761906
2025-10-27 08:00:00,38.73,86.82,6.16,25.81,31.82,15.08,4.64,0.62,18.66,0.49,1.64,,,0.52,0.59,24.38,71.33,2.17,264.22,0.0,0.0,,,,2025-10-27 08:00:00,8,10,0,38.73,86.82,6.18,25.68,32.15,15.24,4.69,0.65,18.71,0.49,1.64,34.35275402561757,73.54237496745374,6.075837206349201,16.959638913236688,23.662390705627676,10.896193946733767,6.039505555555564,0.809417173402663,37.00214420172306,0.531565649584998,0.48559507142857206
2025-10-27 16:00:00,38.73,86.82,6.18,25.68,32.15,15.24,4.69,0.65,18.71,0.49,1.64,,,0.52,0.6,23.09,82.47,3.16,277.23,0.0,0.0,,,,2025-10-27 16:00:00,16,10,0,38.73,86.82,6.08,25.12,31.26,14.37,4.45,0.59,18.93,0.49,1.64,54.31882726251519,67.27155177597606,7.00777776262626,16.415251158730182,26.362314547618993,9.451687756132749,6.658313388888897,0.7737744812409798,33.2316496147186,0.4288194867724863,0.4852053809523802
2025-10-28 00:00:00,38.73,86.82,6.08,25.12,31.26,14.37,4.45,0.59,18.93,0.49,1.64,,,0.52,0.59,22.03,90.44,2.76,267.09,0.0,0.0,,,,2025-10-28 00:00:00,0,10,1,16.0,87.99,5.52,24.42,29.67,14.65,4.44,0.54,19.62,0.49,1.64,31.494459650876223,64.2096412410149,6.208748286435787,15.977712484126998,24.022035325396786,9.544070308802295,6.941557862278254,0.7733377900432893,34.94617404329002,0.3753857010582013,0.5559538809523804
2025-10-28 08:00:00,16.0,87.99,5.52,24.42,29.67,14.65,4.44,0.54,19.62,0.49,1.64,,,0.52,0.59,23.79,76.36,2.65,265.88,0.0,0.0,,,,2025-10-28 08:00:00,8,10,1,16.0,86.86,2.44,18.17,20.63,14.64,4.51,0.61,23.43,0.49,1.64,43.744278392149866,67.64095964112867,6.061912452380952,16.725581984126986,24.044902476190437,9.151835552308794,6.738228753968263,0.799551248359869,35.218843619047576,0.42716412698412715,0.46283983333333345
2025-10-28 16:00:00,16.0,86.86,2.44,18.17,20.63,14.64,4.51,0.61,23.43,0.49,1.64,,,0.52,0.59,23.67,67.11,3.04,280.99,0.0,0.0,,,,2025-10-28 16:00:00,16,10,1,16.0,115.88,2.39,17.94,20.12,14.37,4.59,0.6,23.41,0.49,1.64,41.65490922052291,83.01041459139846,6.16517798484849,16.37978815873017,21.28783547619044,9.373532792929279,5.830794968253979,0.8242236428571412,36.98189723376621,0.541622372608873,0.5132129047619045
2025-10-29 00:00:00,16.0,115.88,2.39,17.94,20.12,14.37,4.59,0.6,23.41,0.49,1.64,,,0.51,0.59,21.88,85.2,1.19,197.33,0.0,0.0,,,,2025-10-29 00:00:00,0,10,2,16.0,102.39,2.44,18.22,20.49,14.91,4.52,0.62,23.35,0.49,1.64,28.695547724172602,90.5959576656619,5.19432946503497,14.863105730158752,17.865482234126993,9.093010460317446,6.179765033925637,0.8842709304473302,34.27870989297019,0.5045597510822514,0.7279129206349202
2025-10-29 08:00:00,16.0,102.39,2.44,18.22,20.49,14.91,4.52,0.62,23.35,0.49,1.64,,,0.51,0.59,25.35,60.77,2.03,277.28,0.0,0.0,,,,2025-10-29 08:00:00,8,10,2,38.73,86.82,2.44,18.29,20.63,14.79,4.55,0.54,23.44,0.49,1.64,38.29981117487783,88.59618416715787,5.571924837662342,14.639879331384925,18.702609408851536,11.052466323549648,6.665376487734496,0.929072047477668,33.830253865079364,0.7524488000063208,0.7421521507936495
2025-10-29 16:00:00,38.73,86.82,2.44,18.29,20.63,14.79,4.55,0.54,23.44,0.49,1.64,,,0.52,0.59,23.53,67.73,1.03,222.59,0.0,0.0,,,,2025-10-29 16:00:00,16,10,2,38.73,86.82,2.4,17.75,20.14,14.6,4.62,0.48,23.54,0.49,1.64,39.033745228140816,91.40228926164794,4.912346602055318,11.835049946428578,12.230786428153703,9.693897007936481,5.532232585336474,0.8763502557470071,29.307375189362737,0.32259156926406923,0.4056782705627713
2025-10-30 00:00:00,38.73,86.82,2.4,17.75,20.14,14.6,4.62,0.48,23.54,0.49,1.64,,,0.51,0.6,21.3,87.68,1.25,187.86,0.0,0.0,,,,2025-10-30 00:00:00,0,10,3,38.73,86.82,2.45,18.11,20.72,14.66,4.56,0.57,23.59,0.49,1.63,37.02816859280756,102.79169975461461,5.649700535353545,15.286055507936537,19.552613559523845,9.583584746031727,6.186941665960278,0.9039223748917743,35.17801777472525,0.5657597698412701,0.8543425634920646
2025-10-30 08:00:00,38.73,86.82,2.45,18.11,20.72,14.66,4.56,0.57,23.59,0.49,1.63,,,0.52,0.59,26.18,51.99,2.01,273.85,0.0,0.0,,,,2025-10-30 08:00:00,8,10,3,38.73,86.82,2.45,18.31,20.71,14.66,4.59,0.56,23.5,0.49,1.64,32.195707793802775,97.05826199592897,5.205836222222231,12.269033523809545,15.372766166666654,10.839883221567023,6.475162198412696,1.0805682011952948,30.87399550577202,1.2852611318681302,0.963144347763346
2025-10-30 16:00:00,38.73,86.82,2.45,18.31,20.71,14.66,4.59,0.56,23.5,0.49,1.64,,,0.52,0.59,24.08,62.4,1.28,189.3,0.0,0.0,,,,2025-10-30 16:00:00,16,10,3,38.73,86.82,2.39,18.08,20.33,14.63,4.69,0.62,23.4,0.48,1.65,35.78689287046485,96.48181316970094,5.225730158730158,13.654251309523817,17.277432444444447,9.270229896825391,6.01927521321186,0.9494345035313224,33.476514501400565,0.647818657513024,0.953547944444445
2025-10-31 00:00:00,38.73,86.82,2.39,18.08,20.33,14.63,4.69,0.62,23.4,0.48,1.65,,,0.52,0.6,20.93,83.75,1.19,114.52,0.0,0.0,,,,2025-10-31 00:00:00,0,10,4,38.73,86.82,2.44,18.3,20.6,14.98,5.53,0.71,23.45,0.49,1.64,30.86072424528149,103.43172104196097,5.137946539682543,14.979940722222251,17.56303082539684,9.355867293650775,6.136100972284432,0.8923606428571419,34.88631861646892,0.5321728095238095,0.6436892857142852
2025-10-31 08:00:00,38.73,86.82,2.44,18.3,20.6,14.98,5.53,0.71,23.45,0.49,1.64,,,0.52,0.59,26.22,48.14,2.01,266.97,0.0,0.0,,,,2025-10-31 08:00:00,8,10,4,38.73,86.82,2.45,18.16,20.7,14.81,5.53,0.69,23.49,0.49,1.64,33.334145318849295,96.14405205127437,5.204950412698418,12.258470571428585,15.203257595238085,10.824780882116947,6.4130812380952396,1.0523050202429138,30.617687601010136,1.41624017155067,0.9821947049062029
2025-10-31 16:00:00,38.73,86.82,2.45,18.16,20.7,14.81,5.53,0.69,23.49,0.49,1.64,,,0.52,0.59,23.86,62.06,0.9,124.19,0.0,0.0,,,,2025-10-31 16:00:00,16,10,4,38.73,86.82,2.39,17.89,20.22,14.65,5.53,0.67,23.42,0.49,1.64,33.749117408896694,91.4699178423233,4.972380939993426,11.62673908730158,10.771535869408376,10.855025365079358,6.017759206349213,0.8559831530865091,28.645184706349326,0.5180793932111918,0.5377359704184708
2025-11-01 00:00:00,38.73,86.82,2.39,17.89,20.22,14.65,5.53,0.67,23.42,0.49,1.64,,,0.52,0.6,21.08,82.93,1.11,129.62,0.0,0.0,,,,2025-11-01 00:00:00,0,11,5,38.73,86.82,2.46,18.13,20.78,14.78,5.53,0.63,23.69,0.49,1.64,31.325461313254806,104.51666395586189,8.738456416647686,23.087317571428585,30.94536755555555,16.42758920548657,6.841569317460312,1.0681899675324669,37.779611381426214,0.5384716808191808,0.5946699999999999
2025-11-01 08:00:00,38.73,86.82,2.46,18.13,20.78,14.78,5.53,0.63,23.69,0.49,1.64,,,0.52,0.59,26.58,48.47,1.44,243.99,0.0,0.0,,,,2025-11-01 08:00:00,8,11,5,38.73,86.82,2.44,18.27,20.6,14.61,5.53,0.81,23.41,0.49,1.64,53.43151605816922,132.41203993520807,10.498898507215007,25.88720504761905,35.69489589499388,18.99455695238097,5.65856846825397,1.2440293888888883,40.398711810966795,0.9222475670473326,1.0411656428571423
2025-11-01 16:00:00,38.73,86.82,2.44,18.27,20.6,14.61,5.53,0.81,23.41,0.49,1.64,,,0.52,0.59,23.65,66.38,0.86,104.1,0.0,0.0,,,,2025-11-01 16:00:00,16,11,5,16.0,86.82,2.4,17.87,20.05,14.6,5.53,0.88,23.65,0.49,1.64,43.331879712238894,78.42522022809669,9.52006289356043,26.2931395952381,35.83616257892305,18.304305202380938,6.646553000000002,0.9857937532467537,38.21338947619055,0.4883374812964808,0.40853849350649396
2025-11-02 00:00:00,16.0,86.82,2.4,17.87,20.05,14.6,5.53,0.88,23.65,0.49,1.64,,,0.51,0.6,21.2,83.2,1.83,179.39,0.0,0.0,,,,2025-11-02 00:00:00,0,11,6,38.73,86.82,2.46,18.21,20.79,14.86,5.53,0.73,23.8,0.49,1.64,31.83999983015589,107.27159677314745,9.657513804093572,23.08187695238095,31.48946183333331,18.18017651587304,7.152615309523799,1.0734676659451663,35.51131783333329,0.7921278095238099,0.8546472936507942
2025-11-02 08:00:00,38.73,86.82,2.46,18.21,20.79,14.86,5.53,0.73,23.8,0.49,1.64,,,0.52,0.59,25.46,61.59,2.34,266.85,0.0,0.0,,,,2025-11-02 08:00:00,8,11,6,38.73,86.82,2.45,18.22,20.86,14.72,5.53,0.65,23.52,0.49,1.64,46.449506993517865,94.82811712343235,4.827181587301586,12.063740404761884,16.3310772380952,12.352767634920637,6.909928547619045,0.8419729047619038,31.092910174603148,0.8581642829873934,0.9602794920634904
2025-11-02 16:00:00,38.73,86.82,2.45,18.22,20.86,14.72,5.53,0.65,23.52,0.49,1.64,,,0.52,0.59,24.57,68.22,1.3,149.08,0.0,0.0,,,,2025-11-02 16:00:00,16,11,6,38.73,86.82,2.4,17.9,20.3,14.54,5.53,0.62,23.55,0.49,1.64,40.42245007722046,76.1158814458952,8.446073213726862,25.69972187484741,32.18120225396826,16.548538129148646,5.899236730158727,1.0063350952380958,38.26472192798783,1.0394183685908898,0.6974326111111113
2025-11-03 00:00:00,38.73,86.82,2.4,17.9,20.3,14.54,5.53,0.62,23.55,0.49,1.64,,,0.52,0.6,21.65,91.07,1.71,168.2,0.0,0.0,,,,2025-11-03 00:00:00,0,11,0,38.73,86.82,2.44,18.19,20.8,14.6,5.53,0.79,23.45,0.49,1.64,30.334115891416026,76.0652187183544,11.364240380952394,27.1714305238095,38.55764642857142,20.26271442857142,8.583523730158726,1.0256182806637804,36.979106817460334,0.746011761904763,0.8604933333333342
2025-11-03 08:00:00,38.73,86.82,2.44,18.19,20.8,14.6,5.53,0.79,23.45,0.49,1.64,,,0.52,0.59,25.47,61.19,2.53,272.82,0.0,0.0,,,,2025-11-03 08:00:00,8,11,0,38.73,86.82,2.45,18.25,20.87,14.75,5.53,0.57,23.48,0.49,1.64,31.89274248817116,90.22984567190882,5.488837015873019,18.0720977972583,23.09967653968254,16.486662535353524,7.4720163650793685,0.8536098225108217,33.609006571428566,0.7082770460095479,0.9573725238095228
2025-11-03 16:00:00,38.73,86.82,2.45,18.25,20.87,14.75,5.53,0.57,23.48,0.49,1.64,,,0.52,0.59,23.64,74.85,1.36,146.24,0.0,0.0,,,,2025-11-03 16:00:00,16,11,0,38.73,86.82,2.4,17.79,20.25,14.49,5.53,0.56,23.52,0.49,1.64,35.3899708845024,54.08010993754107,9.90252556867874,27.864509555555568,37.758352547619026,19.378559325396832,7.224998349206346,0.9886872936507936,36.99839013776781,0.6435466111111113,0.6586154920634921
2025-11-04 00:00:00,38.73,86.82,2.4,17.79,20.25,14.49,5.53,0.56,23.52,0.49,1.64,,,0.52,0.6,21.55,90.63,1.94,191.85,0.0,0.0,,,,2025-11-04 00:00:00,0,11,1,38.73,86.82,2.44,18.15,20.86,14.89,5.53,0.56,23.43,0.49,1.64,29.84479515515891,72.33718116157789,7.069758970760236,17.711873611111105,23.939373833333303,15.653127825396814,8.44659739682539,0.9733331457431459,33.59017897619045,0.7876247142857149,0.8205335476190484
2025-11-04 08:00:00,38.73,86.82,2.44,18.15,20.86,14.89,5.53,0.56,23.43,0.49,1.64,,,0.52,0.59,25.2,60.98,2.71,275.46,0.0,0.0,,,,2025-11-04 08:00:00,8,11,1,38.73,86.82,2.44,18.3,20.91,14.73,5.53,0.68,23.38,0.49,1.64,58.92931725417933,94.92673398127572,4.927924206349207,12.374155452380965,16.64122604761901,12.313141735930714,7.695482936507944,0.917335266233766,35.01632451948053,0.9241640864952062,0.9795910000000009
2025-11-04 16:00:00,38.73,86.82,2.44,18.3,20.91,14.73,5.53,0.68,23.38,0.49,1.64,,,0.53,0.59,24.31,70.95,1.71,213.48,0.0,0.0,,,,2025-11-04 16:00:00,16,11,1,38.73,86.82,2.4,17.9,20.33,14.32,5.53,0.78,23.65,0.49,1.64,32.150140565171675,64.73479951863553,10.94024767460319,28.24439587301587,39.04430659523805,20.511817055555543,6.857838087301581,1.0277936825396825,39.22664280298783,0.6528512266335116,0.9983158571428568
2025-11-05 00:00:00,38.73,86.82,2.4,17.9,20.33,14.32,5.53,0.78,23.65,0.49,1.64,,,0.52,0.59,22.94,85.67,2.42,247.69,0.0,0.0,,,,2025-11-05 00:00:00,0,11,2,16.05,74.25,2.44,18.29,20.74,13.93,4.53,0.55,23.5,0.49,1.64,32.93454327553548,64.28266803716235,4.814732190476192,11.365184960317471,13.881784535714276,12.124164507936491,7.931752023809525,0.8082858095238097,28.122807150793644,0.5627888597883592,0.8446392936507913
2025-11-05 08:00:00,16.05,74.25,2.44,18.29,20.74,13.93,4.53,0.55,23.5,0.49,1.64,,,0.52,0.59,26.52,55.69,2.96,277.1,0.0,0.0,,,,2025-11-05 08:00:00,8,11,2,17.0,109.21,4.25,23.25,19.0,13.0,4.31,0.72,17.34,0.49,1.64,46.44598011949743,111.3851530279304,4.83583884126984,11.612505976190471,16.142688690476188,12.187867095238134,6.798193507936508,0.8876503174603184,35.90187532900431,1.0618389896476086,1.1986752207792202
2025-11-05 16:00:00,17.0,109.21,4.25,23.25,19.0,13.0,4.31,0.72,17.34,0.49,1.64,,,0.52,0.59,24.92,63.47,1.86,243.47,0.0,0.0,,,,2025-11-05 16:00:00,16,11,2,16.37,98.89,4.64,23.6,18.96,12.98,4.6,0.56,17.34,0.49,1.63,45.76458462284885,91.60164558580311,9.005449027986646,22.550407104395607,29.864868855311304,18.42407785714289,6.81804520634921,1.089553912698413,36.37858967833796,0.7921713402048156,0.9817131111111104
2025-11-06 00:00:00,16.37,98.89,4.64,23.6,18.96,12.98,4.6,0.56,17.34,0.49,1.63,,,0.52,0.59,22.56,75.73,2.45,260.61,0.0,0.0,,,,2025-11-06 00:00:00,0,11,3,17.45,80.03,4.6,23.56,18.97,12.98,4.54,0.58,17.34,0.49,1.64,45.28413604667284,74.94159358013584,4.951518214285709,12.682780595238105,12.282957964285702,10.491126928571394,6.9527115396825305,0.8016390000000012,29.728345285714248,0.6012301216931214,0.8957664985994369
2025-11-06 08:00:00,17.45,80.03,4.6,23.56,18.97,12.98,4.54,0.58,17.34,0.49,1.64,,,0.52,0.59,26.39,51.82,2.46,278.62,0.0,0.0,,,,2025-11-06 08:00:00,8,11,3,20.52,117.56,4.6,23.6,19.0,12.98,4.69,0.73,17.34,0.49,1.64,40.42070664450544,112.21119667078756,4.824057365079366,12.73847076190474,15.055683698412675,11.932606857142833,6.3083599285714325,0.9791220396825396,36.11120816666666,0.956906185980688,1.089514704906203
2025-11-06 16:00:00,20.52,117.56,4.6,23.6,19.0,12.98,4.69,0.73,17.34,0.49,1.64,,,0.52,0.59,24.69,68.54,1.37,144.01,0.0,0.0,,,,2025-11-06 16:00:00,16,11,3,16.55,90.96,4.54,23.52,18.97,12.98,4.59,0.63,17.34,0.49,1.63,41.50596231566197,69.40985427816344,8.903937803272562,25.180001946275972,32.85808788705737,18.163247791847056,5.145833714285716,0.9975676825396834,38.11368724941644,0.9068273785765311,0.7685757887667889
2025-11-07 00:00:00,16.55,90.96,4.54,23.52,18.97,12.98,4.59,0.63,17.34,0.49,1.63,,,0.52,0.59,22.83,77.34,1.56,171.66,0.0,0.0,,,,2025-11-07 00:00:00,0,11,4,17.4,92.86,4.55,23.54,18.99,12.98,4.57,0.74,17.34,0.49,1.64,41.566107521459614,63.950788943617184,10.59906917243869,27.243678047619053,35.96521478388276,19.748064444444445,7.275910031746019,1.0325410158730162,35.26392855921855,0.619293880952381,0.8294300952380957
2025-11-07 08:00:00,17.4,92.86,4.55,23.54,18.99,12.98,4.57,0.74,17.34,0.49,1.64,,,0.52,0.58,27.3,47.33,1.02,217.04,0.0,0.0,,,,2025-11-07 08:00:00,8,11,4,17.28,131.42,4.62,23.62,19.01,12.98,4.69,0.71,17.34,0.49,1.65,50.079150698798315,102.36280728968264,8.413305968253969,23.12298946248196,28.545764492063494,16.21763912238931,6.283068023809525,1.2032862698412696,36.09780809090912,1.0673387956810256,1.6252854264069263
2025-11-07 16:00:00,17.28,131.42,4.62,23.62,19.01,12.98,4.69,0.71,17.34,0.49,1.65,,,0.52,0.59,24.79,57.44,1.18,156.87,0.0,0.0,,,,2025-11-07 16:00:00,16,11,4,17.03,133.7,4.53,23.51,18.98,12.99,4.61,0.73,17.34,0.49,1.64,40.14890161125716,94.52179198169965,7.516681224876732,22.285576526362547,27.67556655054946,16.26408087173939,6.10562675396825,0.984048730158731,38.69657290242765,0.6275770788631968,0.5717501785714282
2025-11-08 00:00:00,17.03,133.7,4.53,23.51,18.98,12.99,4.61,0.73,17.34,0.49,1.64,,,0.52,0.6,22.25,80.56,1.3,157.16,0.0,0.0,,,,2025-11-08 00:00:00,0,11,5,16.36,72.38,4.52,23.51,19.0,12.98,4.63,0.78,17.34,0.49,1.64,28.07877380973113,61.68768582734445,9.176608985699561,26.185753904761896,33.71835713236763,16.90179694358177,6.848663571428568,0.99567811111111,38.07088761111111,0.7673987380952386,0.6727211587301596
2025-11-08 08:00:00,16.36,72.38,4.52,23.51,19.0,12.98,4.63,0.78,17.34,0.49,1.64,,,0.52,0.59,26.92,45.64,1.41,256.23,0.0,0.0,,,,2025-11-08 08:00:00,8,11,5,17.03,132.69,4.39,23.4,19.01,12.99,4.8,0.74,17.34,0.49,1.64,58.2425897198067,130.92922798611113,9.769073992063488,24.993031095238088,35.19745049023198,18.523636714285715,5.510290642857142,1.1939062063492059,40.202367741702744,0.8006258487933626,0.9956742142857135
2025-11-08 16:00:00,17.03,132.69,4.39,23.4,19.01,12.99,4.8,0.74,17.34,0.49,1.64,,,0.52,0.6,24.04,50.59,1.52,216.69,0.0,0.0,,,,2025-11-08 16:00:00,16,11,5,16.95,145.57,4.69,23.72,19.03,12.97,4.65,0.78,17.34,0.49,1.64,47.34463890340423,114.94639173565129,12.218730476760086,29.35577618253969,40.91320186324783,19.827742142857147,6.161107603174597,1.2590986825396813,40.05919770004671,0.7605799886931947,0.9075746984126986
2025-11-09 00:00:00,16.95,145.57,4.69,23.72,19.03,12.97,4.65,0.78,17.34,0.49,1.64,,,0.52,0.6,20.26,80.69,1.1,127.78,0.0,0.0,,,,2025-11-09 00:00:00,0,11,6,16.57,118.91,4.68,23.72,19.04,12.97,4.65,0.86,17.34,0.49,1.64,32.366859051790655,89.07420679713172,8.752586335839602,24.918951666666636,32.917131753968235,16.453907099206372,6.625787436507932,1.0234705317460313,39.08778587348972,0.4694521230158729,0.46970506349206365
2025-11-09 08:00:00,16.57,118.91,4.68,23.72,19.04,12.97,4.65,0.86,17.34,0.49,1.64,,,0.52,0.59,26.94,26.9,1.88,276.58,0.0,0.0,,,,2025-11-09 08:00:00,8,11,6,16.87,119.54,4.52,23.55,19.03,12.99,4.57,0.78,17.34,0.49,1.64,60.34218040115433,119.23522690476182,8.970237738095236,21.61757604761906,30.644300055555508,17.676992119047632,5.749670428571434,1.1656424682539677,37.542484265512286,0.6887851190476189,0.6294656984126982
2025-11-09 16:00:00,16.87,119.54,4.52,23.55,19.03,12.99,4.57,0.78,17.34,0.49,1.64,,,0.52,0.59,23.43,46.13,1.56,165.62,0.0,0.0,,,,2025-11-09 16:00:00,16,11,6,17.07,157.56,4.65,23.69,19.05,12.97,4.69,0.59,17.34,0.49,1.63,55.892801228351765,116.755804828012,12.149362093073583,29.03744075396826,41.15994305555552,19.72734466666668,6.483907809523808,1.2373374126984116,38.38222123015875,0.7404525793650794,0.9348600714285706
2025-11-10 00:00:00,17.07,157.56,4.65,23.69,19.05,12.97,4.69,0.59,17.34,0.49,1.63,,,0.52,0.59,20.87,81.19,1.54,172.31,0.0,0.0,,,,2025-11-10 00:00:00,0,11,0,16.31,95.36,4.68,23.74,19.06,12.96,4.68,0.8,17.34,0.49,1.64,32.26525067962196,99.36698674461387,12.056524253968258,28.685103857142842,40.875542738095206,20.179641880952385,7.158633253968253,1.1280293600288607,39.2547845634921,0.7790323333333335,0.8630859761904776
2025-11-10 08:00:00,16.31,95.36,4.68,23.74,19.06,12.96,4.68,0.8,17.34,0.49,1.64,,,0.51,0.59,26.75,38.84,1.7,242.05,0.0,0.0,,,,2025-11-10 08:00:00,8,11,0,17.35,178.78,4.56,23.6,19.04,12.98,4.64,0.94,17.34,0.49,1.65,55.51358409479285,115.93541087896826,12.022743119047627,27.537012708513682,40.482531920634955,19.853519333333345,6.644805055555559,1.3036106587301588,39.7114403888889,0.9705715476190483,1.2965835937950936
2025-11-10 16:00:00,17.35,178.78,4.56,23.6,19.04,12.98,4.64,0.94,17.34,0.49,1.65,,,0.52,0.59,24.22,57.12,1.08,133.44,0.0,0.0,,,,2025-11-10 16:00:00,16,11,0,17.01,131.14,4.65,23.67,19.02,12.97,4.73,0.89,17.34,0.49,1.64,45.414273755596675,139.74731043529076,8.916521587123125,25.74931420000004,35.05937217685881,15.739494333880684,6.347790285714285,1.0786574365079356,40.18079865079367,0.6468115266178269,0.4408270674603179
2025-11-11 00:00:00,17.01,131.14,4.65,23.67,19.02,12.97,4.73,0.89,17.34,0.49,1.64,,,0.52,0.59,22.58,74.05,1.32,137.02,0.0,0.0,,,,2025-11-11 00:00:00,0,11,1,16.52,94.27,4.53,23.56,19.02,12.99,4.71,0.8,17.34,0.49,1.64,39.70839532956298,68.32362972070334,10.584326771413831,27.53354729365079,38.22495454761908,17.195181007936505,7.485580015873008,1.0922747330447333,39.036390147130646,0.657792833333333,0.7553013730158741
2025-11-11 08:00:00,16.52,94.27,4.53,23.56,19.02,12.99,4.71,0.8,17.34,0.49,1.64,,,0.52,0.59,27.05,46.17,1.15,219.6,0.0,0.0,,,,2025-11-11 08:00:00,8,11,1,17.32,190.3,4.52,23.53,19.01,12.99,4.66,0.7,17.34,0.49,1.64,46.41824782298133,121.69574204588955,8.639419717921228,24.481480629148653,32.44618246248193,16.518531679653666,6.690373912698416,1.1285574126984126,38.794933888167364,0.8840258535598389,1.4704648549783559
2025-11-11 16:00:00,17.32,190.3,4.52,23.53,19.01,12.99,4.66,0.7,17.34,0.49,1.64,,,0.52,0.59,25.14,57.29,0.89,145.42,0.0,0.0,,,,2025-11-11 16:00:00,16,11,1,17.32,140.69,4.45,23.44,18.35,12.99,4.7,0.67,17.34,0.49,1.64,43.62976905269754,122.69881827194769,9.14607572612566,19.718023455884715,30.12547373346558,13.3058386592775,6.7390310952380945,1.1202804841269844,30.936951595238092,0.9378521435902092,0.599349259337068
2025-11-12 00:00:00,17.32,140.69,4.45,23.44,18.35,12.99,4.7,0.67,17.34,0.49,1.64,,,0.52,0.59,22.34,79.93,1.36,134.81,0.0,0.0,,,,2025-11-12 00:00:00,0,11,2,16.63,102.71,5.19,13.51,0.0,12.24,4.42,0.68,30.66,0.49,1.64,26.111086855658396,71.79308780640419,9.586232057128125,26.861672309523822,35.870795108558085,19.19436800000002,7.4216061630591605,1.0155218174603171,38.88792067887668,0.7395566190476195,0.717395968253969
2025-11-12 08:00:00,16.63,102.71,5.19,13.51,0.0,12.24,4.42,0.68,30.66,0.49,1.64,,,0.52,0.59,27.11,44.29,0.74,187.5,0.0,0.0,,,,2025-11-12 08:00:00,8,11,2,16.94,146.59,5.19,13.51,0.0,12.24,4.69,0.8,30.66,0.49,1.63,46.6780271007592,107.13547496897546,6.5288730238095285,18.595757071428572,22.557739619047616,14.852160785714265,9.245221849206358,1.1944394523809523,23.657776499999997,1.4821251897546919,3.099845636618282
2025-11-12 16:00:00,16.94,146.59,5.19,13.51,0.0,12.24,4.69,0.8,30.66,0.49,1.63,,,0.52,0.59,24.95,58.5,0.93,145.42,0.0,0.0,,,,2025-11-12 16:00:00,16,11,2,17.01,131.05,4.63,23.63,18.99,12.98,4.43,0.75,30.66,0.49,1.64,43.78794847414432,102.71956199023376,8.066629067395501,19.429885560890813,26.721353016366,13.532040071975919,6.6159325129870075,1.0600830735930746,33.60046068253967,0.6044409223901499,0.5082564498132587
2025-11-13 00:00:00,17.01,131.05,4.63,23.63,18.99,12.98,4.43,0.75,30.66,0.49,1.64,,,0.52,0.59,23.14,75.09,1.21,139.03,0.0,0.0,,,,2025-11-13 00:00:00,0,11,3,16.66,96.4,4.64,23.64,19.0,12.98,4.58,0.75,30.66,0.49,1.64,41.28241862829547,61.96228751229872,7.163356417766418,23.81941748290599,28.77255071861467,16.716638433841513,6.80563884920634,1.0065572539682544,36.640680410592815,0.6281653333333338,0.7403579466089472
2025-11-13 08:00:00,16.66,96.4,4.64,23.64,19.0,12.98,4.58,0.75,30.66,0.49,1.64,,,0.52,0.59,26.9,50.95,0.76,171.47,0.0,0.0,,,,2025-11-13 08:00:00,8,11,3,17.01,152.93,4.66,23.67,19.01,12.98,4.62,0.85,30.66,0.49,1.65,49.23504750928048,112.9817576219335,6.719884884256272,18.940682031746043,22.90073057142858,15.324125119047599,9.400695515873025,1.1667901904761897,28.86363703968257,1.3023881285120125,2.9325710889992367
2025-11-13 16:00:00,17.01,152.93,4.66,23.67,19.01,12.98,4.62,0.85,30.66,0.49,1.65,,,0.52,0.59,24.93,57.11,1.09,162.83,0.0,0.0,,,,2025-11-13 16:00:00,16,11,3,17.17,133.93,4.55,23.53,18.98,12.99,4.56,0.69,30.66,0.48,1.64,40.36847518469999,98.14953112603872,6.725223779710778,20.799033982906003,24.738279056048572,15.767745971853834,5.61595829365079,0.9932358730158729,35.94537911782664,0.7367832477682755,0.6708775847338921
2025-11-14 00:00:00,17.17,133.93,4.55,23.53,18.98,12.99,4.56,0.69,30.66,0.48,1.64,,,0.52,0.59,22.64,77.28,1.33,142.79,0.0,0.0,,,,2025-11-14 00:00:00,0,11,4,16.7,101.78,4.54,23.53,19.0,12.98,4.5,0.9,30.66,0.49,1.64,42.02999318563124,65.07321119385985,9.102408946017013,26.447898571428574,34.08449192673992,18.746905741200827,7.1688489126984,0.984649698412698,38.4156145201465,0.6045698333333338,0.699212587301588
2025-11-14 08:00:00,16.7,101.78,4.54,23.53,19.0,12.98,4.5,0.9,30.66,0.49,1.64,,,0.52,0.59,26.51,47.61,0.9,214.42,0.0,0.0,,,,2025-11-14 08:00:00,8,11,4,17.2,149.32,5.19,13.51,0.0,12.24,4.43,0.75,30.66,0.49,1.64,49.8965968595062,107.3282600790044,9.330322537093622,22.23934969191921,28.76735793650791,16.428952320802015,6.4549485,1.1712224603174604,35.181471452380954,1.0893232004074356,1.698264037051183
2025-11-14 16:00:00,17.2,149.32,5.19,13.51,0.0,12.24,4.43,0.75,30.66,0.49,1.64,,,0.52,0.59,24.09,58.34,1.2,151.41,0.0,0.0,,,,2025-11-14 16:00:00,16,11,4,17.12,137.71,4.55,23.53,18.98,12.98,4.62,0.63,30.66,0.49,1.64,43.25897268804695,103.27057480707215,8.248979571399406,25.240775036881427,32.80494139181929,17.041704974701275,6.399959269841263,1.0411941529581532,40.10425150560222,0.765876128815629,0.8268653174603171
2025-11-15 00:00:00,17.12,137.71,4.55,23.53,18.98,12.98,4.62,0.63,30.66,0.49,1.64,,,0.52,0.6,21.39,77.17,1.51,139.76,0.0,0.0,,,,2025-11-15 00:00:00,0,11,5,16.54,87.96,4.53,23.53,19.0,12.98,4.61,0.9,30.66,0.49,1.64,38.888223624956275,100.23774007264163,10.77377067710945,27.516107571428556,36.694068299034264,19.721453960317465,7.3750085519480475,1.0334323095238092,38.563598266233726,0.7042310238095238,0.792951452380954
2025-11-15 08:00:00,16.54,87.96,4.53,23.53,19.0,12.98,4.61,0.9,30.66,0.49,1.64,,,0.52,0.59,26.14,37.71,0.91,199.68,0.0,0.0,,,,2025-11-15 08:00:00,8,11,5,17.22,134.22,4.52,23.5,18.98,12.99,4.43,0.69,30.66,0.49,1.65,37.071751879671865,94.1663532279646,8.828811577497671,22.288697027972027,29.042433198412677,16.388790320802006,6.085947404761908,1.1066558953823955,34.91461800000001,1.5002992404295044,1.9503544834054818
2025-11-15 16:00:00,17.22,134.22,4.52,23.5,18.98,12.99,4.43,0.69,30.66,0.49,1.65,,,0.52,0.59,23.84,55.29,0.98,135.18,0.0,0.0,,,,2025-11-15 16:00:00,16,11,5,17.26,157.26,4.55,23.54,18.99,12.98,4.56,0.57,30.66,0.49,1.63,44.99008333457911,95.88055805308377,9.089277046608565,26.178030467532476,34.21653063829701,16.95906796001144,5.850429015873012,1.070203515873015,40.84622085714292,0.6773397936507937,0.5489117142857145
2025-11-16 00:00:00,17.26,157.26,4.55,23.54,18.99,12.98,4.56,0.57,30.66,0.49,1.63,,,0.52,0.6,21.21,79.55,1.42,145.57,0.0,0.0,,,,2025-11-16 00:00:00,0,11,6,16.86,94.0,4.55,23.55,19.0,12.99,4.57,0.75,30.66,0.49,1.64,32.16783560501442,115.62945368904927,10.570960946950715,27.475126738095245,36.98262435714282,19.12475374603176,6.900650285714274,1.0912052301587305,38.349880095238056,0.7554715238095241,0.8024204047619061
2025-11-16 08:00:00,16.86,94.0,4.55,23.55,19.0,12.99,4.57,0.75,30.66,0.49,1.64,,,0.52,0.59,26.16,48.8,1.05,237.64,0.0,0.0,,,,2025-11-16 08:00:00,8,11,6,17.17,145.46,4.53,23.52,18.99,12.98,4.56,0.81,30.66,0.49,1.64,39.540818094731,91.70397175653594,8.08448244563796,21.00976214285717,25.680606615872993,16.639297205096078,6.025003476190482,1.132778480519481,36.70322814285714,0.9683027930235514,1.1382423903318903
2025-11-16 16:00:00,17.17,145.46,4.53,23.52,18.99,12.98,4.56,0.81,30.66,0.49,1.64,,,0.52,0.59,23.84,63.59,1.19,168.18,0.0,0.0,,,,2025-11-16 16:00:00,16,11,6,16.76,126.74,4.6,23.58,18.98,12.98,4.44,0.64,30.66,0.49,1.64,38.68024284759317,85.30859518596498,7.93948555877305,24.43950923595851,31.06736765194803,17.047324189708483,6.5367702936507905,0.9382271053391049,38.5828083649696,0.47237588206238196,0.3534686666666671
2025-11-17 00:00:00,16.76,126.74,4.6,23.58,18.98,12.98,4.44,0.64,30.66,0.49,1.64,,,0.52,0.59,21.33,68.1,1.49,148.62,0.0,0.0,,,,2025-11-17 00:00:00,0,11,0,17.49,138.33,4.6,23.6,19.01,12.98,4.63,0.89,16.31,0.49,1.64,48.84602395450398,116.87327423132795,12.916641222222225,29.832601619047615,42.82836561904762,20.31844043650793,7.7821403730158645,1.3314382330447343,39.6878438296703,0.8469138095238097,0.9843372619047632
2025-11-17 08:00:00,17.49,138.33,4.6,23.6,19.01,12.98,4.63,0.89,16.31,0.49,1.64,,,0.52,0.59,25.84,46.63,1.34,219.85,0.0,0.0,,,,2025-11-17 08:00:00,8,11,0,16.82,162.45,4.61,23.59,18.98,12.98,4.7,0.77,16.31,0.49,1.63,56.516826313056974,134.48464817364984,11.288846262656895,27.00964439105339,39.156478150793696,18.145616654401156,6.682521603174605,1.3474965555555551,38.459556553391096,0.8897023418248422,1.1094654206349206
2025-11-17 16:00:00,16.82,162.45,4.61,23.59,18.98,12.98,4.7,0.77,16.31,0.49,1.63,,,0.52,0.59,23.76,61.64,1.08,171.1,0.0,0.0,,,,2025-11-17 16:00:00,16,11,0,16.6,114.86,4.5,23.49,18.99,12.99,4.64,0.82,16.31,0.49,1.64,42.23017271279473,128.91375732881943,7.981843677748455,24.899607539567327,32.78933340668451,15.88889194596526,7.010200714285708,1.0657462510822506,39.06685196452611,0.5732088192918194,0.6491110555555553
2025-11-18 00:00:00,16.6,114.86,4.5,23.49,18.99,12.99,4.64,0.82,16.31,0.49,1.64,,,0.51,0.6,22.0,66.1,1.28,161.15,0.0,0.0,,,,2025-11-18 00:00:00,0,11,1,40.35,117.24,4.51,23.5,18.99,12.99,4.51,0.78,16.31,0.49,1.64,47.435139761087385,116.76002566069738,10.33856254279341,27.582329893772933,37.40045633333333,16.343770852813854,7.861122261904752,1.3280670822510838,39.452751274114746,0.8063475952380951,0.8822207301587317
2025-11-18 08:00:00,40.35,117.24,4.51,23.5,18.99,12.99,4.51,0.78,16.31,0.49,1.64,,,0.52,0.59,25.53,57.02,0.85,184.8,0.0,0.0,,,,2025-11-18 08:00:00,8,11,1,63.15,154.12,4.52,23.49,18.98,12.99,4.53,0.86,16.31,0.49,1.64,49.04784234271552,117.18712557673949,8.31673820448178,17.047285899641583,24.726059753306878,12.909684753968254,7.173000928571432,1.121346349206349,29.820742230158714,1.2893424541691219,1.758596901377775
2025-11-18 16:00:00,63.15,154.12,4.52,23.49,18.98,12.99,4.53,0.86,16.31,0.49,1.64,,,0.52,0.59,23.49,69.54,1.17,153.37,0.0,0.0,,,,2025-11-18 16:00:00,16,11,1,34.7,64.17,4.56,23.52,18.96,12.99,4.65,0.65,16.31,0.49,1.64,39.95610600230379,76.84866863678285,7.866336301023502,24.161589645966814,30.876396485958455,16.66529904573606,7.230039000000001,0.9421149155844161,38.45757823630656,0.35384067032967037,0.3251208737373741
2025-11-19 00:00:00,34.7,64.17,4.56,23.52,18.96,12.99,4.65,0.65,16.31,0.49,1.64,,,0.52,0.59,22.24,79.18,1.3,136.43,0.0,0.0,,,,2025-11-19 00:00:00,0,11,2,23.52,43.42,4.55,23.52,18.97,12.99,4.64,0.71,16.31,0.49,1.64,31.632074505386207,77.4118379179764,9.594612009509076,26.565687619047633,35.50127610855809,16.657700690476194,7.448501710678206,1.007316253968254,38.521366282051275,0.715799833333334,0.7082864920634929
2025-11-19 08:00:00,23.52,43.42,4.55,23.52,18.97,12.99,4.64,0.71,16.31,0.49,1.64,,,0.52,0.58,25.84,53.16,0.7,174.31,0.0,0.0,,,,2025-11-19 08:00:00,8,11,2,31.44,157.12,4.56,23.54,18.98,12.98,4.58,0.79,16.31,0.49,1.63,44.006565861231934,99.15316525235345,6.105785158730158,15.454787690476227,18.815062687830686,13.475101531746,9.45985145238096,1.159108698412699,26.251072333333358,1.8561263261770942,3.430023493506495
2025-11-19 16:00:00,31.44,157.12,4.56,23.54,18.98,12.98,4.58,0.79,16.31,0.49,1.63,,,0.52,0.59,23.94,64.73,1.24,134.59,0.0,0.0,,,,2025-11-19 16:00:00,16,11,2,29.78,99.94,4.49,23.46,18.98,12.99,4.54,0.82,16.31,0.49,1.64,40.48217830559388,115.93119968972012,8.004987734898046,24.75778859152125,31.865609891819265,16.650654202475895,7.3378574206349185,1.0654993463203468,39.246288621227244,0.768055365079366,0.74847553968254
2025-11-20 00:00:00,29.78,99.94,4.49,23.46,18.98,12.99,4.54,0.82,16.31,0.49,1.64,,,0.52,0.59,22.28,78.51,1.42,147.84,0.0,0.0,,,,2025-11-20 00:00:00,0,11,3,34.92,90.36,4.45,23.43,18.98,12.99,4.61,0.8,16.31,0.49,1.64,44.36470236315393,78.40201329741798,10.238275629490408,27.272135809523814,36.70943046570094,19.312796238095245,7.017343115440104,1.0143243253968257,38.7171013931624,0.7107800000000004,0.8066409761904774
2025-11-20 08:00:00,34.92,90.36,4.45,23.43,18.98,12.99,4.61,0.8,16.31,0.49,1.64,,,0.52,0.59,27.15,46.76,0.97,223.12,0.0,0.0,,,,2025-11-20 08:00:00,8,11,3,30.87,125.56,5.19,13.51,13.165,12.24,4.66,0.7,16.31,0.49,1.63,52.889998993977045,111.90111201226553,9.01405081099743,23.656526510101017,30.17658537518036,16.07202124603174,6.2579835793650815,1.212429468253968,35.03632342424245,1.13185583204995,1.7570595995670995
2025-11-20 16:00:00,30.87,125.56,5.19,13.51,13.165,12.24,4.66,0.7,16.31,0.49,1.63,,,0.52,0.59,24.84,56.62,0.92,145.92,0.0,0.0,,,,2025-11-20 16:00:00,16,11,3,29.63,91.31,5.19,13.51,13.165,12.24,4.66,0.64,16.31,0.49,1.64,47.82605412124191,98.39099650239639,8.221107625561473,19.825916695360192,27.252439424735442,15.369043706896571,5.942239811688304,1.0666243434343439,38.451511444444506,0.7352216448206598,0.5936139736227822
2025-11-21 00:00:00,29.63,91.31,5.19,13.51,13.165,12.24,4.66,0.64,16.31,0.49,1.64,,,0.51,0.59,22.21,74.51,1.37,147.08,0.0,0.0,,,,2025-11-21 00:00:00,0,11,4,32.83,96.97,2.44,18.17,20.59,17.86,4.61,0.67,16.31,0.49,1.64,40.051014572793676,76.91570393579435,9.883930517445586,26.789611087301587,35.15397605011653,18.80500943961352,7.177543904761891,1.0354156904761895,38.33133271855923,0.6966125000000001,0.7633277063492073
2025-11-21 08:00:00,32.83,96.97,2.44,18.17,20.59,17.86,4.61,0.67,16.31,0.49,1.64,,,0.52,0.59,26.21,58.59,0.94,192.96,0.0,0.0,,,,2025-11-21 08:00:00,8,11,4,30.34,92.76,2.44,18.21,20.61,17.57,4.48,0.89,16.31,0.49,1.64,33.2789478079027,84.07649335859404,6.981730019150224,17.828623268418934,22.590230217424192,16.146518260917453,6.549580904761907,0.9788955040497144,32.23745945238095,0.8541266489736188,1.4421435474180082
2025-11-21 16:00:00,30.34,92.76,2.44,18.21,20.61,17.57,4.48,0.89,16.31,0.49,1.64,,,0.52,0.59,23.92,76.53,1.1,150.06,0.0,0.0,,,,2025-11-21 16:00:00,16,11,4,29.22,48.09,2.39,17.93,20.24,17.33,4.61,0.71,16.31,0.49,1.64,28.71491782055201,64.61540080926856,6.785728621630571,23.716056475464768,28.144227111832603,17.116766161366225,6.591806023809524,0.8554019285714277,36.67260155242179,0.28392069047619045,0.4512822313578955
2025-11-22 00:00:00,29.22,48.09,2.39,17.93,20.24,17.33,4.61,0.71,16.31,0.49,1.64,,,0.52,0.59,22.77,82.08,1.25,149.16,0.0,0.0,,,,2025-11-22 00:00:00,0,11,5,31.69,60.95,2.44,18.26,20.81,17.68,4.51,0.68,16.59,0.49,1.64,24.79413821602336,47.74888213396388,7.239643799186281,23.414302238095242,27.32104356959704,16.916493943581777,6.764654246031737,0.9742726666666659,35.09648456396587,0.6247395000000002,0.6672541825396829
2025-11-22 08:00:00,31.69,60.95,2.44,18.26,20.81,17.68,4.51,0.68,16.59,0.49,1.64,,,0.53,0.59,26.23,57.98,0.73,167.13,0.0,0.0,,,,2025-11-22 08:00:00,8,11,5,30.53,113.88,2.47,18.07,20.58,17.74,4.42,0.63,30.66,0.5,1.63,40.32260537428247,85.36241117949271,6.033066838468733,17.374773849206363,21.25746207539683,14.755722690476196,9.003378555555562,0.9922158092445182,26.578415661616148,0.9398743337002584,1.4146619517626242
2025-11-22 16:00:00,30.53,113.88,2.47,18.07,20.58,17.74,4.42,0.63,30.66,0.5,1.63,,,0.52,0.59,24.34,67.32,0.97,135.95,0.0,0.0,,,,2025-11-22 16:00:00,16,11,5,29.24,52.67,2.41,17.69,20.37,17.18,4.48,0.48,30.66,0.49,1.63,34.39952975257399,87.52912872316875,7.863756112003542,24.9534925263844,32.35764393183713,17.09219001916176,6.630394452380949,0.89290602020202,39.13783635064941,0.34729611194361143,0.3094414736652236
2025-11-23 00:00:00,29.24,52.67,2.41,17.69,20.37,17.18,4.48,0.48,30.66,0.49,1.63,,,0.52,0.59,22.62,77.77,1.21,145.4,0.0,0.0,,,,2025-11-23 00:00:00,0,11,6,31.65,67.35,2.46,18.25,20.66,17.72,4.63,0.67,30.66,0.49,1.64,40.28369579212188,64.76452692865435,7.385288214355147,23.5457992051282,28.355290287545785,16.89225017987327,7.325709841269832,0.927469785714285,37.78808311158489,0.6061364523809525,0.7030533412698415
2025-11-23 08:00:00,31.65,67.35,2.46,18.25,20.66,17.72,4.63,0.67,30.66,0.49,1.64,,,0.52,0.59,25.58,59.74,0.87,162.31,0.0,0.0,,,,2025-11-23 08:00:00,8,11,6,29.93,77.79,2.44,18.21,20.71,17.69,4.6,0.6,30.66,0.49,1.64,48.70988515058512,87.27999762125621,10.467108962627156,21.12424296896839,30.496811185846557,16.415254128882815,6.640484756132764,1.0561731190476187,32.41667357142855,0.7745988347525911,1.0989858210633554
2025-11-23 16:00:00,29.93,77.79,2.44,18.21,20.71,17.69,4.6,0.6,30.66,0.49,1.64,,,0.52,0.59,23.91,68.94,1.0,142.4,0.0,0.0,,,,2025-11-23 16:00:00,16,11,6,29.32,52.27,2.41,17.91,20.3,17.39,4.43,0.64,30.66,0.49,1.64,34.99689021449028,86.11744987064009,8.271401596213309,25.244101613686,31.970233719948666,17.136094236971918,6.7920188333333344,0.8972783015873027,38.668429414141485,0.3171195649350647,0.3217280793650795
2025-11-24 00:00:00,29.32,52.27,2.41,17.91,20.3,17.39,4.43,0.64,30.66,0.49,1.64,,,0.52,0.59,22.56,80.12,1.25,135.56,0.0,0.0,,,,2025-11-24 00:00:00,0,11,0,31.09,67.22,2.45,18.21,20.82,17.68,4.43,0.58,30.66,0.49,1.64,25.848571260600366,63.69665287522147,7.8802111060762385,24.199624500000034,31.081408857142808,16.931661015873022,7.286937039682545,0.9917008520923518,38.55288506030286,0.7454165952380962,0.7359569206349219
2025-11-24 08:00:00,31.09,67.22,2.45,18.21,20.82,17.68,4.43,0.58,30.66,0.49,1.64,,,0.53,0.59,26.12,54.95,0.67,152.94,0.0,0.0,,,,2025-11-24 08:00:00,8,11,0,30.37,93.9,2.45,18.11,20.55,17.69,4.18,0.77,30.66,0.49,1.64,50.98122045727884,107.31145939364582,5.5094366507936465,11.416083881673888,11.557584654761902,11.96250973809523,9.675132166666668,1.1182278484848482,27.019891428571423,1.2572649980607602,2.8191859329004347
2025-11-24 16:00:00,30.37,93.9,2.45,18.11,20.55,17.69,4.18,0.77,30.66,0.49,1.64,,,0.51,0.59,24.02,65.17,0.96,137.33,0.0,0.0,,,,2025-11-24 16:00:00,16,11,0,30.15,90.74,2.39,17.85,20.27,17.31,4.58,0.77,30.66,0.49,1.64,38.5442868730993,107.01700715062786,8.636040908263281,25.94192089671016,34.66127183726468,16.145414177111302,7.164986880952381,1.0156936659451659,39.381780559829046,0.4317669372294372,0.33378514285714306
2025-11-25 00:00:00,30.15,90.74,2.39,17.85,20.27,17.31,4.58,0.77,30.66,0.49,1.64,,,0.52,0.59,21.89,76.43,1.34,139.62,0.0,0.0,,,,2025-11-25 00:00:00,0,11,1,31.85,95.23,2.45,18.28,20.62,17.63,4.6,0.77,30.66,0.49,1.64,43.02557677227169,95.91615952001402,10.056422438080507,27.638043444444435,37.85830053896105,19.130154341269858,7.461843639249633,1.0668231796536787,38.56195005189254,0.7199199285714291,0.7524950873015888
2025-11-25 08:00:00,31.85,95.23,2.45,18.28,20.62,17.63,4.6,0.77,30.66,0.49,1.64,,,0.52,0.59,25.87,49.06,0.83,171.24,0.0,0.0,,,,2025-11-25 08:00:00,8,11,1,32.07,154.28,2.45,18.18,20.75,17.87,4.6,0.77,30.66,0.49,1.64,47.0169170491158,121.26542330160734,7.352213894957982,17.599084634920665,21.043371306878306,13.337767888888886,7.221223976190482,1.127228492063492,29.35780029365077,1.1236364115851463,2.6541695937950935
2025-11-25 16:00:00,32.07,154.28,2.45,18.18,20.75,17.87,4.6,0.77,30.66,0.49,1.64,,,0.52,0.59,23.7,63.43,1.07,134.94,0.0,0.0,,,,2025-11-25 16:00:00,16,11,1,30.53,111.54,2.41,17.99,20.32,17.39,4.55,0.77,30.66,0.49,1.64,43.691864169647374,113.97273575987433,7.658237400288203,24.516711658614938,30.956915073351173,15.874660928649241,6.877801142857145,1.0367271082251075,38.661941722767864,0.47510074569874566,0.4122544437229439
2025-11-26 00:00:00,30.53,111.54,2.41,17.99,20.32,17.39,4.55,0.77,30.66,0.49,1.64,,,0.52,0.59,21.51,74.87,1.38,141.36,0.0,0.0,,,,2025-11-26 00:00:00,0,11,2,32.31,86.9,2.45,18.19,20.64,17.91,4.54,0.77,30.66,0.49,1.64,43.27661008807016,104.62217792571568,11.442362645363412,28.04922225396827,39.34798847435894,19.900339047619067,7.6489697301587185,1.0920913412698416,39.092057937173884,0.7419070952380951,0.8439442063492076
2025-11-26 08:00:00,32.31,86.9,2.45,18.19,20.64,17.91,4.54,0.77,30.66,0.49,1.64,,,0.52,0.59,26.17,45.32,0.74,194.89,0.0,0.0,,,,2025-11-26 08:00:00,8,11,2,31.33,130.6,2.44,18.36,20.74,18.0,4.54,0.77,30.66,0.49,1.65,43.093687209680226,96.80767006024331,6.544987412698416,17.753063912698437,20.89208648412696,13.878522428571411,9.292058547619057,1.0823083174603172,23.760672476190475,1.3882498326118349,3.1333657878787866
2025-11-26 16:00:00,31.33,130.6,2.44,18.36,20.74,18.0,4.54,0.77,30.66,0.49,1.65,,,0.52,0.59,23.6,54.92,1.13,157.58,0.0,0.0,,,,2025-11-26 16:00:00,16,11,2,31.25,134.69,2.39,17.82,20.33,17.28,4.45,0.77,30.66,0.49,1.64,46.60340358876289,123.86082887192514,9.079196991896747,25.659017579365095,34.27449796724387,16.446590184530038,6.859746182539675,1.1224955981240967,40.36640596031749,0.5843421176046175,0.47529530952381005
2025-11-27 00:00:00,31.25,134.69,2.39,17.82,20.33,17.28,4.45,0.77,30.66,0.49,1.64,,,0.52,0.59,20.69,74.05,1.44,148.82,0.0,0.0,,,,2025-11-27 00:00:00,0,11,3,31.6,103.89,2.45,18.11,20.65,17.68,4.55,0.77,30.66,0.49,1.64,40.13801732147119,106.553349654294,11.761264454887222,28.274864206349214,39.36054174059271,19.34238724603176,6.780636253968247,1.185052246031746,39.99455700793655,0.7416128809523805,0.8491880714285726
2025-11-27 08:00:00,31.6,103.89,2.45,18.11,20.65,17.68,4.55,0.77,30.66,0.49,1.64,,,0.52,0.59,24.35,49.8,0.93,176.02,0.0,0.0,,,,2025-11-27 08:00:00,8,11,3,31.94,164.11,2.46,18.33,20.72,17.96,4.51,0.77,30.66,0.49,1.64,47.089174454918016,114.62986840071413,10.640425794542086,27.163019396103902,37.51148386733498,16.680806913245757,6.2786025476190455,1.1832342063492058,40.05963861111114,0.9335132827969129,1.4914879761904731
2025-11-27 16:00:00,31.94,164.11,2.46,18.33,20.72,17.96,4.51,0.77,30.66,0.49,1.64,,,0.52,0.59,22.2,62.99,1.15,185.46,0.0,0.0,,,,2025-11-27 16:00:00,16,11,3,30.71,143.88,2.39,18.01,20.28,17.41,4.58,0.77,30.66,0.49,1.65,46.1324362947978,119.20412228144099,9.027896395926136,24.88981104517706,32.863141168498125,16.72683504278106,6.155216873015871,1.093178119047619,39.934284762378574,0.49376233766233796,0.44267540476190487
2025-11-28 00:00:00,30.71,143.88,2.39,18.01,20.28,17.41,4.58,0.77,30.66,0.49,1.65,,,0.52,0.6,20.45,77.09,1.38,165.69,0.0,0.0,,,,2025-11-28 00:00:00,0,11,4,31.72,101.84,2.45,18.12,20.89,17.74,4.59,0.77,30.66,0.49,1.63,40.72960267910019,101.31366534635741,11.026338454887219,27.822641547619057,38.01343506959704,19.3852350952381,7.149138023809517,1.1140212380952383,39.20527638888892,0.7171240714285719,0.8165391825396836
2025-11-28 08:00:00,31.72,101.84,2.45,18.12,20.89,17.74,4.59,0.77,30.66,0.49,1.63,,,0.53,0.59,24.63,47.85,0.97,210.01,0.0,0.0,,,,2025-11-28 08:00:00,8,11,4,32.22,167.69,2.44,18.25,20.74,17.72,4.5,0.77,30.66,0.49,1.64,46.73558819223619,104.9041042174068,9.139725961932704,22.639741277777794,30.279414990572356,16.28199103113554,5.881954859307355,1.1327416414141416,39.04907036507941,0.9921807748604046,1.454642237373735
2025-11-28 16:00:00,32.22,167.69,2.44,18.25,20.74,17.72,4.5,0.77,30.66,0.49,1.64,,,0.52,0.59,22.79,57.48,1.01,190.15,0.0,0.0,,,,2025-11-28 16:00:00,16,11,4,31.05,159.25,2.4,17.69,20.29,17.5,4.64,0.77,30.66,0.49,1.63,45.56175559376268,97.9875872097972,8.394499487299052,25.399360435286958,32.58364144637782,16.61111930549928,6.148586841269838,0.9777765317460313,40.49557947619051,0.617005508658008,0.4789379761904758
2025-11-29 00:00:00,31.05,159.25,2.4,17.69,20.29,17.5,4.64,0.77,30.66,0.49,1.63,,,0.52,0.6,20.5,73.33,1.29,163.21,0.0,0.0,,,,2025-11-29 00:00:00,0,11,5,30.67,151.82,2.46,18.24,20.7,17.76,4.63,0.77,30.66,0.49,1.64,40.21318427148155,102.9182041216932,11.080795784819188,26.93793609523809,37.29767363741814,16.364648129148648,7.310981523809518,1.1943659761904764,39.28672882539683,0.6970478968253966,0.7236648968253979
2025-11-29 08:00:00,30.67,151.82,2.46,18.24,20.7,17.76,4.63,0.77,30.66,0.49,1.64,,,0.52,0.59,23.06,58.98,0.91,196.0,0.0,0.0,,,,2025-11-29 08:00:00,8,11,5,30.9,135.2,2.46,18.31,20.71,17.71,4.62,0.77,30.66,0.49,1.64,51.19161640738796,99.42591762456387,9.212500318098225,26.242157678266167,34.88947043955128,16.970098097402605,6.516388968253967,1.0911510952380943,40.01954066666665,0.6678670153180145,0.9330048809523821
2025-11-29 16:00:00,30.9,135.2,2.46,18.31,20.71,17.71,4.62,0.77,30.66,0.49,1.64,,,0.52,0.59,21.92,70.34,0.98,215.14,0.0,0.0,,,,2025-11-29 16:00:00,16,11,5,30.32,99.14,2.4,17.91,20.09,17.33,4.53,0.77,30.66,0.49,1.64,42.413360193897404,97.55519625646096,8.70082990872483,24.60332817948714,31.9178364908337,16.757636049131957,6.788059730158731,0.9814571406926411,39.41596027128431,0.4004597747067744,0.492853374458874
2025-11-30 00:00:00,30.32,99.14,2.4,17.91,20.09,17.33,4.53,0.77,30.66,0.49,1.64,,,0.51,0.59,21.57,78.09,1.87,263.9,0.0,0.0,,,,2025-11-30 00:00:00,0,11,6,29.76,88.6,2.45,18.21,20.73,17.92,4.63,0.77,30.66,0.49,1.64,40.45533024830346,95.04489834790022,9.255380597744363,23.691609261904766,30.950107134199122,18.12358593650796,7.446947718614714,0.9862798333333337,36.53747024242418,0.8177897142857141,0.873068436507937
2025-11-30 08:00:00,29.76,88.6,2.45,18.21,20.73,17.92,4.63,0.77,30.66,0.49,1.64,,,0.52,0.59,21.92,80.56,2.32,280.7,0.0,0.0,,,,2025-11-30 08:00:00,8,11,6,29.64,63.68,2.44,18.15,20.63,17.72,4.56,0.77,30.66,0.49,1.64,40.99882263929254,79.94142512549391,4.863605825396821,12.242757047619046,16.13148289610384,12.2258500238095,6.765022309523801,0.8250182857142869,29.439854341269797,0.6203276666666668,0.8718320793650779
2025-11-30 16:00:00,29.64,63.68,2.44,18.15,20.63,17.72,4.56,0.77,30.66,0.49,1.64,,,0.52,0.59,21.81,82.99,2.6,283.62,0.0,0.0,,,,2025-11-30 16:00:00,16,11,6,30.03,65.72,2.39,17.89,20.26,17.16,4.43,0.77,30.66,0.49,1.64,51.58180360188015,88.77612121263456,5.061571476190476,12.164939865079363,15.863393841269804,12.101617412698417,7.035605285714278,0.815042166666667,32.02407835714284,0.5628749947089945,0.8772800144300119
2025-12-01 00:00:00,30.03,65.72,2.39,17.89,20.26,17.16,4.43,0.77,30.66,0.49,1.64,,,0.52,0.59,21.3,89.03,2.05,248.77,0.0,0.0,,,,2025-12-01 00:00:00,0,12,0,29.13,64.21,2.43,18.17,20.64,17.86,4.55,0.77,30.66,0.49,1.64,33.36484287313759,77.78429498412694,6.062165706349213,16.18503977777777,20.847480785714275,14.90524029365078,4.576058746031749,0.9104474285714288,27.93549486507931,0.7003498571428565,1.0925928809523784
2025-12-01 08:00:00,29.13,64.21,2.43,18.17,20.64,17.86,4.55,0.77,30.66,0.49,1.64,,,0.52,0.59,23.29,70.75,2.42,277.97,0.0,0.0,,,,2025-12-01 08:00:00,8,12,0,30.74,126.14,2.45,18.1,20.65,17.78,4.51,0.77,30.66,0.49,1.64,42.377906063890464,66.20470605035489,5.032797531746034,16.35022520634921,20.570112587301598,15.238209722222228,4.550082611111109,0.786399822510822,20.62320438888888,0.692985855148556,1.1727876732026121
2025-12-01 16:00:00,30.74,126.14,2.45,18.1,20.65,17.78,4.51,0.77,30.66,0.49,1.64,,,0.52,0.59,21.96,82.88,1.09,171.19,0.0,0.0,,,,2025-12-01 16:00:00,16,12,0,29.81,84.72,2.4,17.65,20.25,17.39,4.58,0.77,30.66,0.49,1.63,30.239672164911596,113.88443717460324,7.26074761517569,23.500292976190483,29.521035883547,17.369548748938016,3.5722941706349065,0.925239714285714,31.471310964398686,0.5222421090225569,0.6144692950937948
2025-12-02 00:00:00,29.81,84.72,2.4,17.65,20.25,17.39,4.58,0.77,30.66,0.49,1.63,,,0.52,0.59,21.59,86.81,1.79,262.58,0.0,0.0,,,,2025-12-02 00:00:00,0,12,1,29.96,120.25,2.44,18.18,20.49,17.73,4.62,0.77,19.35,0.49,1.64,38.02000926138463,108.93054226373631,8.106748690476202,22.745776357142855,28.01300679761903,17.529737260233926,4.03366878571428,1.006087801587302,29.995609448051873,0.9478982380952383,1.0221078095238092
2025-12-02 08:00:00,29.96,120.25,2.44,18.18,20.49,17.73,4.62,0.77,19.35,0.49,1.64,,,0.51,0.59,25.97,58.33,1.15,224.02,0.0,0.0,,,,2025-12-02 08:00:00,8,12,1,30.47,86.82,2.46,18.19,20.74,17.85,4.28,0.77,16.22,0.49,1.64,45.724637629444345,135.82223397644515,7.45336172135995,23.99936151724005,29.947135681529588,16.726986088911087,3.69562819047618,1.0292451829281828,31.660746619047547,0.7975579966096961,1.3663726871345014
2025-12-02 16:00:00,30.47,86.82,2.46,18.19,20.74,17.85,4.28,0.77,16.22,0.49,1.64,,,0.52,0.59,23.4,79.87,1.21,182.07,0.0,0.0,,,,2025-12-02 16:00:00,16,12,1,29.76,86.82,2.39,17.86,20.31,17.42,4.54,0.77,30.66,0.49,1.64,30.115117505608882,98.86504381906242,7.284346882072497,24.449283096819876,30.15002792264349,17.372193371667166,3.608871015872997,0.8935774603174598,30.683603902442233,0.8903159047619048,0.6147640649350646
2025-12-03 00:00:00,29.76,86.82,2.39,17.86,20.31,17.42,4.54,0.77,30.66,0.49,1.64,,,0.52,0.6,21.85,90.71,1.24,176.92,0.0,0.0,,,,2025-12-03 00:00:00,0,12,2,29.19,86.82,2.45,18.25,20.58,17.76,4.55,0.77,30.66,0.49,1.64,30.668815538000864,117.56987946965457,7.322335882395406,23.814429214285706,27.83478717898916,17.37483431759323,3.9598409761904594,0.9574742857142856,31.44372095238085,0.6605411507936509,0.7607403333333339
2025-12-03 08:00:00,29.19,86.82,2.45,18.25,20.58,17.76,4.55,0.77,30.66,0.49,1.64,,,0.52,0.59,24.85,69.96,1.07,212.48,0.0,0.0,,,,2025-12-03 08:00:00,8,12,2,30.73,86.82,2.46,18.11,20.64,17.62,4.73,0.77,30.66,0.49,1.63,42.99920758102925,138.56451501709424,6.754315661112138,21.208043141802637,26.157065690449134,16.406421021312532,3.970524753968242,1.0494327612942604,29.973823980820068,0.828711899075749,1.3099269341084687
2025-12-03 16:00:00,30.73,86.82,2.46,18.11,20.64,17.62,4.73,0.77,30.66,0.49,1.63,,,0.52,0.59,23.71,75.42,1.05,174.65,0.0,0.0,,,,2025-12-03 16:00:00,16,12,2,29.48,86.82,2.4,17.79,20.21,17.31,4.49,0.77,30.66,0.49,1.64,36.429558687481816,114.47241594083702,7.21378801297027,24.311259191082442,30.361019598774412,17.218548311647226,3.595523515873002,0.9166158008658012,30.513487318908325,0.46072398286027727,0.4183884271284272
2025-12-04 00:00:00,29.48,86.82,2.4,17.79,20.21,17.31,4.49,0.77,30.66,0.49,1.64,,,0.52,0.59,22.6,82.44,1.22,158.37,0.0,0.0,,,,2025-12-04 00:00:00,0,12,3,29.31,86.82,2.45,18.14,20.7,17.84,4.55,0.77,30.66,0.49,1.64,32.432861424482255,102.49099877173462,7.516934220015297,24.268111785714268,30.07323674342106,17.433422698184074,3.5668605357142664,0.9581674126984123,32.07319855963678,0.7304079285714284,0.7395596190476191
2025-12-04 08:00:00,29.31,86.82,2.45,18.14,20.7,17.84,4.55,0.77,30.66,0.49,1.64,,,0.52,0.59,26.42,57.47,0.76,199.42,0.0,0.0,,,,2025-12-04 08:00:00,8,12,3,30.06,86.82,2.45,18.33,20.71,17.73,4.54,0.77,30.66,0.49,1.64,47.739417177775714,140.08456591458545,6.453161873015877,19.283146769841274,25.21503697691195,14.711767706349196,6.018158214285708,1.009749943554653,26.600322669552675,1.0880008335905502,1.9122861190476141
2025-12-04 16:00:00,30.06,86.82,2.45,18.33,20.71,17.73,4.54,0.77,30.66,0.49,1.64,,,0.52,0.59,24.1,67.64,0.89,155.86,0.0,0.0,,,,2025-12-04 16:00:00,16,12,3,29.68,86.82,2.38,17.81,20.32,17.5,4.51,0.77,30.66,0.48,1.64,41.37014829312091,141.95056056349222,8.356789805247312,25.81502496403599,33.25775106292501,18.28523941344288,3.5601422857142757,0.9247976948051947,31.003647404761814,0.4624924780219773,0.3981985353535354
2025-12-05 00:00:00,29.68,86.82,2.38,17.81,20.32,17.5,4.51,0.77,30.66,0.48,1.64,,,0.52,0.6,22.74,77.51,1.28,151.04,0.0,0.0,,,,2025-12-05 00:00:00,0,12,4,30.13,74.89,2.45,18.26,20.74,17.52,4.36,0.81,16.4,0.49,1.64,41.90939380640608,104.30586966499496,7.591883262997123,25.226097404761926,31.027329455340702,17.346732886440257,3.5630623492063322,0.9632180396825393,32.404242035353505,0.662512047619048,0.7437426428571426
2025-12-05 08:00:00,30.13,74.89,2.45,18.26,20.74,17.52,4.36,0.81,16.4,0.49,1.64,,,0.52,0.59,24.22,68.29,1.02,161.15,0.0,0.0,,,,2025-12-05 08:00:00,8,12,4,31.01,127.36,2.44,18.04,20.73,17.73,4.46,0.81,16.14,0.49,1.63,37.755335906352315,119.52438705759222,7.477090934588485,24.942315064708836,30.961482058966258,17.43477323457874,3.5607674920634818,1.064462055666554,35.63858928571424,0.6527263580697076,1.190595950332821
2025-12-05 16:00:00,31.01,127.36,2.44,18.04,20.73,17.73,4.46,0.81,16.14,0.49,1.63,,,0.52,0.59,23.56,68.85,1.06,162.8,0.0,0.0,,,,2025-12-05 16:00:00,16,12,4,31.05,122.64,2.41,17.77,20.22,17.48,4.53,0.96,30.66,0.49,1.64,39.51037218819246,115.34536038176806,7.205146847130742,24.556659778994526,30.393926444151226,17.35179805560941,3.585715992063479,0.9136087741702746,33.802149131192735,0.39241488855588846,0.32783047979797997
2025-12-06 00:00:00,31.05,122.64,2.41,17.77,20.22,17.48,4.53,0.96,30.66,0.49,1.64,,,0.52,0.6,21.61,76.99,1.22,145.28,0.0,0.0,,,,2025-12-06 00:00:00,0,12,5,30.32,111.81,2.46,18.24,20.73,17.69,4.67,0.85,30.66,0.49,1.64,39.58737335205628,113.3554924018759,7.432951597071983,24.827199459096445,31.10188464459264,17.359219326278215,3.56167748015871,0.9268822301587297,32.778738004081276,0.717254484126984,0.7403074047619047
2025-12-06 08:00:00,30.32,111.81,2.46,18.24,20.73,17.69,4.67,0.85,30.66,0.49,1.64,,,0.52,0.59,26.05,46.32,0.69,210.0,0.0,0.0,,,,2025-12-06 08:00:00,8,12,5,40.96,461.32,2.44,18.37,20.77,17.87,4.62,0.8,30.66,0.49,1.65,50.033845665152285,146.33119346392513,6.204724753968262,20.777856436507953,31.935045063492048,12.31958308730158,6.882502619047621,1.0551624523809526,29.690462595238074,1.5328988028638058,2.8800460934065923
2025-12-06 16:00:00,40.96,461.32,2.44,18.37,20.77,17.87,4.62,0.8,30.66,0.49,1.65,,,0.52,0.59,24.58,53.68,0.72,171.12,0.0,0.0,,,,2025-12-06 16:00:00,16,12,5,38.73,86.82,5.19,13.51,13.165,12.24,5.53,0.77,30.66,0.84,1.15,53.15865407429852,150.39812782972606,6.163943444444452,18.02518019047621,25.87099308405485,12.135029420634913,6.4078242857142875,1.0776267301587301,27.634036880952372,1.4540056754689767,2.799499999278502
2025-12-07 00:00:00,38.73,86.82,5.19,13.51,13.165,12.24,5.53,0.77,30.66,0.84,1.15,,,,,24.92,73.16,1.07,,0.0,0.0,,,,2025-12-07 00:00:00,0,12,6,30.87,96.43,2.44,18.34,20.7,17.63,4.32,0.81,30.66,0.49,1.64,41.240710664071834,107.54932100775352,6.705732212418305,19.2691001904762,21.325400092590844,17.015017942379824,5.178937634920638,1.0060719285714275,30.633642234156707,0.7766392341564833,1.1220483963633165
2025-12-07 08:00:00,30.87,96.43,2.44,18.34,20.7,17.63,4.32,0.81,30.66,0.49,1.64,,,0.52,0.59,26.91,45.95,1.08,232.14,0.0,0.0,,,,2025-12-07 08:00:00,8,12,6,32.19,131.36,2.45,18.1,20.79,17.67,4.5,0.83,30.66,0.49,1.63,54.33855692554548,147.6545193527077,7.614678277861281,24.125660992063505,30.55056880952379,17.325538614452825,3.569669365079353,1.0803688095238102,32.18832519047614,0.9799981385668971,1.0244198492063483
2025-12-07 16:00:00,32.19,131.36,2.45,18.1,20.79,17.67,4.5,0.83,30.66,0.49,1.63,,,0.52,0.59,23.49,64.15,0.99,144.84,0.0,0.0,,,,2025-12-07 16:00:00,16,12,6,31.45,149.58,2.39,17.76,20.29,17.51,4.68,0.9,30.66,0.49,1.64,40.508333724930885,130.72052592857136,7.568230293322351,24.916182561000106,31.04985933739871,17.37293285411034,3.5901259444444347,0.8837916507936524,33.72886242857138,0.4634590108584228,0.2940546904761906
2025-12-08 00:00:00,31.45,149.58,2.39,17.76,20.29,17.51,4.68,0.9,30.66,0.49,1.64,,,0.52,0.6,20.42,82.07,1.48,152.71,0.0,0.0,,,,2025-12-08 00:00:00,0,12,0,30.84,72.42,2.46,18.14,20.66,17.52,4.63,0.84,16.08,0.49,1.64,36.78689581904627,107.09497771428569,9.087641207570227,25.883951785714267,33.57883600187311,18.525825230158738,3.571401873015865,1.0127178888888893,30.939836428571347,0.8006257619047611,0.9240783333333341
2025-12-08 08:00:00,30.84,72.42,2.46,18.14,20.66,17.52,4.63,0.84,16.08,0.49,1.64,,,0.52,0.59,27.06,26.99,1.38,240.89,0.0,0.0,,,,2025-12-08 08:00:00,8,12,0,36.27,144.31,2.4,18.23,20.69,12.76,4.64,0.78,15.96,0.48,1.64,50.810113471861456,115.02682202380954,9.675976388888882,25.65965081962479,34.99036065873014,17.843655468253967,3.595664849206332,1.2727907142857142,31.212112523809488,0.6114323015873014,0.6786476507936507
2025-12-08 16:00:00,36.27,144.31,2.4,18.23,20.69,12.76,4.64,0.78,15.96,0.48,1.64,,,0.52,0.59,23.26,42.37,1.18,155.92,0.0,0.0,,,,2025-12-08 16:00:00,16,12,0,30.57,138.46,2.41,17.87,20.28,12.54,4.59,0.93,15.99,0.49,1.64,58.15365247103251,151.72741349999993,8.201133979061625,24.65802792857146,31.672696839771326,17.349077516880698,3.5610779999999846,1.0902044473304469,29.193840999999907,0.9177671746031747,0.8140546428571438
2025-12-09 00:00:00,30.57,138.46,2.41,17.87,20.28,12.54,4.59,0.93,15.99,0.49,1.64,,,0.52,0.6,19.96,74.84,1.32,143.91,0.0,0.0,,,,2025-12-09 00:00:00,0,12,1,30.13,85.53,2.46,18.27,20.74,12.77,4.56,0.84,15.96,0.49,1.64,46.91441923842886,151.23088380375174,9.162274631035636,25.731887230158726,33.08903202787453,17.630322500305255,3.5755030238095173,1.1096392301587301,30.80027364285704,0.759723214285713,0.7883557857142868
2025-12-09 08:00:00,30.13,85.53,2.46,18.27,20.74,12.77,4.56,0.84,15.96,0.49,1.64,,,0.53,0.59,26.07,44.05,0.63,168.32,0.0,0.0,,,,2025-12-09 08:00:00,8,12,1,33.1,122.81,2.48,18.24,20.67,12.8,4.53,0.85,15.87,0.49,1.64,54.74670015663115,131.99275449567097,5.167501515873014,18.750440198412704,28.592418666666624,12.805771460317452,6.428969579365073,1.1086804523809541,28.044401999999984,1.8092280793650806,3.1995288095238084
2025-12-09 16:00:00,33.1,122.81,2.48,18.24,20.67,12.8,4.53,0.85,15.87,0.49,1.64,,,0.52,0.59,23.71,59.08,0.86,137.12,0.0,0.0,,,,2025-12-09 16:00:00,16,12,1,30.39,99.92,2.44,17.9,20.26,12.5,4.55,0.96,15.87,0.49,1.65,54.14930395118848,159.0097963658009,10.110932532502654,26.072280794372343,34.90885853787603,17.919460540517345,3.7087814047618957,1.1003182777777778,30.885234309523725,0.6974202741702735,0.6331862857142865
2025-12-10 00:00:00,30.39,99.92,2.44,17.9,20.26,12.5,4.55,0.96,15.87,0.49,1.65,,,0.52,0.59,21.6,64.68,1.27,148.35,0.0,0.0,,,,2025-12-10 00:00:00,0,12,2,32.66,152.57,2.46,18.21,20.69,12.73,4.65,1.07,15.87,0.49,1.64,45.69270359840643,161.24420868470418,8.362559263061927,25.044780004883997,31.87998457148517,17.339274152867443,3.5634079444444304,1.1964494755799753,31.23852052380943,0.7976922460317455,0.9794309047619054
2025-12-10 08:00:00,32.66,152.57,2.46,18.21,20.69,12.73,4.65,1.07,15.87,0.49,1.64,,,0.52,0.59,26.91,30.71,0.93,217.06,0.0,0.0,,,,2025-12-10 08:00:00,8,12,2,38.12,138.99,2.42,18.24,20.67,12.76,4.42,0.67,15.87,0.48,1.64,51.87641414158065,155.10126915151517,7.957506075666186,22.659153621212123,29.73653292063489,15.009145126984127,3.7115714761904592,1.174242182539682,30.16416374603169,1.5326977380952387,2.0439035245310215
2025-12-10 16:00:00,38.12,138.99,2.42,18.24,20.67,12.76,4.42,0.67,15.87,0.48,1.64,,,0.52,0.59,23.44,44.67,1.16,159.03,0.0,0.0,,,,2025-12-10 16:00:00,16,12,2,31.09,129.0,2.35,17.44,19.75,12.17,4.47,0.64,30.66,0.49,1.64,52.171308526432604,146.19466727056275,7.758951746904894,24.790645674603194,31.413943522310984,17.284281002839162,3.5615256269841096,1.037471645743145,29.259633857142763,0.6913582063492064,0.6144203333333336
2025-12-11 00:00:00,31.09,129.0,2.35,17.44,19.75,12.17,4.47,0.64,30.66,0.49,1.64,,,0.52,0.6,20.45,67.78,1.33,148.09,0.0,0.0,,,,2025-12-11 00:00:00,0,12,3,38.32,145.28,2.44,18.16,20.56,12.72,4.47,0.87,19.83,0.49,1.63,48.43964775287534,140.166101930736,9.038868295093806,26.536990873015885,33.195414207819596,17.714333802125974,3.568856166666655,1.2122576184371179,31.15351347619038,0.8321194920634918,0.9570404206349212
2025-12-11 08:00:00,38.32,145.28,2.44,18.16,20.56,12.72,4.47,0.87,19.83,0.49,1.63,,,0.5,0.59,26.85,20.31,0.82,197.02,0.0,0.0,,,,2025-12-11 08:00:00,8,12,3,65.41,173.25,2.44,18.25,20.69,12.87,4.39,0.73,16.45,0.49,1.64,51.20170800305253,163.08191896392498,7.3773235597931475,21.270738642857136,27.539616143578613,16.16248993650794,4.8136938095238015,1.1468521904761901,29.274959666666646,1.6242144365079378,2.4500603968253936
2025-12-11 16:00:00,65.41,173.25,2.44,18.25,20.69,12.87,4.39,0.73,16.45,0.49,1.64,,,0.52,0.6,22.28,42.31,1.27,149.56,0.0,0.0,,,,2025-12-11 16:00:00,16,12,3,64.63,141.54,2.42,17.82,20.27,12.5,4.63,0.67,15.99,0.49,1.63,56.75631994751837,146.92064874891767,8.25965521932137,24.837173634920624,31.540365815961778,17.351933813491293,3.56304300793649,1.1434082539682537,30.160791833333246,0.8049933253968259,1.2798314603174599
2025-12-12 00:00:00,64.63,141.54,2.42,17.82,20.27,12.5,4.63,0.67,15.99,0.49,1.63,,,0.52,0.6,19.35,77.77,1.58,145.75,0.0,0.0,,,,2025-12-12 00:00:00,0,12,4,124.48,143.85,4.24,21.48,25.53,11.11,4.46,0.7,15.98,0.49,1.64,40.26800162115269,117.3615253809524,8.722607468253974,25.83172126190478,32.67280533236131,18.143229253968272,3.5647865238095147,1.0653098412698412,34.568780150793636,0.7521623333333329,0.9076037142857146
2025-12-12 08:00:00,124.48,143.85,4.24,21.48,25.53,11.11,4.46,0.7,15.98,0.49,1.64,,,0.52,0.59,25.67,33.71,0.89,219.75,0.0,0.0,,,,2025-12-12 08:00:00,8,12,4,72.79,218.86,5.45,24.22,29.69,9.73,4.53,0.86,15.98,0.49,1.64,48.742665656501934,165.2993103924965,8.39508075210086,21.405865268953253,29.333566888888882,16.195228027151217,3.842646452380945,1.072871476190477,30.838082833333313,1.5036311246498588,1.9082882063492048
2025-12-12 16:00:00,72.79,218.86,5.45,24.22,29.69,9.73,4.53,0.86,15.98,0.49,1.64,,,0.52,0.59,22.74,46.73,1.15,145.94,0.0,0.0,,,,2025-12-12 16:00:00,16,12,4,43.98,119.52,5.35,23.72,29.04,9.54,4.47,0.9,15.99,0.49,1.64,56.425564395406134,155.58155111327574,7.715998662322808,24.662709047619042,31.13132909056495,17.394936178570642,3.5623913412698243,1.0487028730158718,32.96504182539682,0.7405196659451657,0.5817198571428563
2025-12-13 00:00:00,43.98,119.52,5.35,23.72,29.04,9.54,4.47,0.9,15.99,0.49,1.64,,,0.52,0.59,19.49,76.87,1.48,142.46,0.0,0.0,,,,2025-12-13 00:00:00,0,12,5,125.87,127.33,5.47,24.26,29.65,9.74,4.56,0.75,15.96,0.49,1.64,40.01453471336558,119.29777546320352,8.78736242063493,25.84382700000002,32.76430366569464,18.15053051587303,3.566172857142847,1.0453179126984131,34.61123205555555,0.7665890476190469,0.8195099285714293
2025-12-13 08:00:00,125.87,127.33,5.47,24.26,29.65,9.74,4.56,0.75,15.96,0.49,1.64,,,0.52,0.59,26.09,19.47,1.36,249.79,0.0,0.0,,,,2025-12-13 08:00:00,8,12,5,80.05,202.12,5.45,24.22,29.67,9.79,4.57,0.89,30.66,0.49,1.64,39.24154552898284,117.79426040476189,7.589907897633006,24.569079857864345,30.893817357142815,17.31303492857143,3.5706353333333194,1.2254588650793639,35.07376054545458,0.6109566587301587,0.6733698650793651
2025-12-13 16:00:00,80.05,202.12,5.45,24.22,29.67,9.79,4.57,0.89,30.66,0.49,1.64,,,0.52,0.59,22.59,34.26,1.06,144.84,0.0,0.0,,,,2025-12-13 16:00:00,16,12,5,39.16,101.38,5.34,23.69,29.09,9.64,4.49,0.79,30.66,0.49,1.63,55.20297983610379,159.2790605346321,7.804560435898916,24.415742785714272,30.707144268342713,17.37607730275366,3.561359388888869,1.04833413131313,33.60401657142857,1.3280900793650785,0.7776073968253965
2025-12-14 00:00:00,39.16,101.38,5.34,23.69,29.09,9.64,4.49,0.79,30.66,0.49,1.63,,,0.52,0.6,19.14,77.33,1.38,145.01,0.0,0.0,,,,2025-12-14 00:00:00,0,12,6,105.87,89.55,5.47,24.2,29.69,9.75,4.47,0.75,30.66,0.49,1.64,40.09429781845884,120.40735065367967,8.317080862193366,25.680437960317498,32.31667084544583,17.925594124183014,3.5651964761904655,1.0343959603174608,33.595034499999976,0.7502869761904754,0.8521025634920638
2025-12-14 08:00:00,105.87,89.55,5.47,24.2,29.69,9.75,4.47,0.75,30.66,0.49,1.64,,,0.52,0.59,25.49,29.74,0.81,192.86,0.0,0.0,,,,2025-12-14 08:00:00,8,12,6,59.71,125.32,5.44,24.21,29.68,9.69,4.55,0.76,30.66,0.49,1.64,51.28641614574038,153.02699603607513,7.320938799719891,20.66555987301588,27.522218143578616,15.999600492063507,4.843440452380951,1.063364904761906,31.649934484126966,1.5431234047619051,2.3235522997557987
2025-12-14 16:00:00,59.71,125.32,5.44,24.21,29.68,9.69,4.55,0.76,30.66,0.49,1.64,,,0.52,0.58,22.68,44.49,1.06,156.01,0.0,0.0,,,,2025-12-14 16:00:00,16,12,6,48.53,119.86,5.34,23.76,29.1,9.54,4.63,0.61,30.66,0.49,1.65,57.09450806777125,155.87593922510823,7.767532650184632,24.495292642857148,30.993952554057007,17.379626675769536,3.5612720079364895,1.0283424646464632,33.246245666666674,0.9924947698412687,0.6360464999999993
2025-12-15 00:00:00,48.53,119.86,5.34,23.76,29.1,9.54,4.63,0.61,30.66,0.49,1.65,,,0.52,0.59,19.42,75.32,1.46,144.9,0.0,0.0,,,,2025-12-15 00:00:00,0,12,0,91.36,78.65,5.42,24.24,29.74,9.83,4.55,0.75,30.66,0.49,1.64,46.33519754488323,137.00370818253978,9.693142064713081,26.134028825396836,34.20805832503532,18.514693325396838,3.573994494227988,1.103020690476191,30.87622526190468,0.78505907142857,0.9185779285714294
2025-12-15 08:00:00,91.36,78.65,5.42,24.24,29.74,9.83,4.55,0.75,30.66,0.49,1.64,,,0.52,0.59,25.18,32.06,0.91,214.58,0.0,0.0,,,,2025-12-15 08:00:00,8,12,0,61.62,125.76,5.41,24.2,29.69,9.78,4.51,0.7,30.66,0.49,1.63,57.22465212340318,156.72159673809526,8.665932272247385,22.854737742257736,31.21953803624479,15.766088986505851,3.657332619047609,1.2196749047619053,28.71184257142851,1.584075404761904,2.116787230158728
2025-12-15 16:00:00,61.62,125.76,5.41,24.2,29.69,9.78,4.51,0.7,30.66,0.49,1.63,,,0.52,0.59,22.46,41.54,1.13,154.18,0.0,0.0,,,,2025-12-15 16:00:00,16,12,0,57.32,121.13,5.32,23.74,29.07,9.54,4.66,0.58,30.66,0.49,1.64,61.618793027121164,156.16525735930728,8.9086045504902,24.66055223809526,31.97450410961258,17.3299044216426,3.5613224761904583,1.1444331269841268,29.95997228571419,1.0286060476190473,0.5954997619047617
2025-12-16 00:00:00,57.32,121.13,5.32,23.74,29.07,9.54,4.66,0.58,30.66,0.49,1.64,,,0.51,0.59,20.2,75.33,1.44,144.89,0.0,0.0,,,,2025-12-16 00:00:00,0,12,1,55.05,120.6,5.45,24.24,29.68,9.8,4.45,0.74,30.66,0.49,1.64,47.16983275494408,136.22336782756145,9.09199971139972,26.06694496825399,33.80983626993801,18.180379341269852,3.573203142857137,1.0896509761904767,30.977076261904678,0.784095476190475,0.904697214285715
2025-12-16 08:00:00,55.05,120.6,5.45,24.24,29.68,9.8,4.45,0.74,30.66,0.49,1.64,,,0.52,0.59,24.1,61.05,0.81,160.71,0.0,0.0,,,,2025-12-16 08:00:00,8,12,1,39.71,123.89,5.44,24.23,29.71,9.79,4.47,0.66,30.66,0.49,1.64,50.454051528385385,141.35960361660545,6.894545952380954,18.98918767532469,26.164280337301598,15.408233679753588,5.329007873015876,1.09029157936508,29.001249961038912,0.9189418571428568,2.184564761904762
2025-12-16 16:00:00,39.71,123.89,5.44,24.23,29.71,9.79,4.47,0.66,30.66,0.49,1.64,,,0.52,0.59,22.9,73.93,0.89,162.6,0.0,0.0,,,,2025-12-16 16:00:00,16,12,1,24.17,68.87,5.34,23.75,29.01,9.53,4.58,0.52,30.66,0.49,1.64,41.18631167146181,131.68258840476193,8.292167740500245,25.766559316849868,32.6732632412176,18.298477816971285,3.5644126388888804,0.9730592460317448,30.714858835796317,0.6506696834374783,0.49534994300144275
2025-12-17 00:00:00,24.17,68.87,5.34,23.75,29.01,9.53,4.58,0.52,30.66,0.49,1.64,,,0.51,0.59,22.05,76.52,1.22,146.56,0.0,0.0,,,,2025-12-17 00:00:00,0,12,2,115.76,59.52,5.45,24.26,29.7,9.72,4.49,0.6,30.66,0.49,1.65,44.64353584662775,123.3997807323233,7.50359234294504,24.724134571428554,30.977145752914485,17.26894410376784,3.5618510039682327,0.9747856666666663,30.927942258049477,0.723124365079365,0.7926507380952388
2025-12-17 08:00:00,115.76,59.52,5.45,24.26,29.7,9.72,4.49,0.6,30.66,0.49,1.65,,,0.52,0.59,26.48,42.27,0.83,183.11,0.0,0.0,,,,2025-12-17 08:00:00,8,12,2,49.6,118.74,5.42,24.2,29.6,9.75,4.51,0.7,15.99,0.49,1.64,48.56819824329608,151.15689252380963,7.137700014005598,20.511636,27.49691297691196,15.33135038888887,3.8184548888888767,1.1530890317460316,28.5638763333333,1.4778866087768447,2.6015247857142856
2025-12-17 16:00:00,49.6,118.74,5.42,24.2,29.6,9.75,4.51,0.7,15.99,0.49,1.64,,,0.51,0.59,23.53,49.97,1.22,164.66,0.0,0.0,,,,2025-12-17 16:00:00,16,12,2,30.36,85.75,5.34,23.71,29.06,9.49,4.49,0.84,16.01,0.49,1.64,47.274499458261296,148.28433602453106,7.7652660696377165,24.834849388888912,31.410590535009412,17.290641574267735,3.562940960317444,1.0569098838383832,30.28051787464975,0.7488128910533911,1.2048661269841272
2025-12-18 00:00:00,30.36,85.75,5.34,23.71,29.06,9.49,4.49,0.84,16.01,0.49,1.64,,,0.52,0.59,19.67,73.05,1.55,148.22,0.0,0.0,,,,2025-12-18 00:00:00,0,12,3,47.99,108.1,5.45,24.26,29.64,9.75,4.59,0.91,16.12,0.49,1.64,42.16518645419912,136.70830697599095,9.48818792857144,26.08366935714288,33.52219145068744,18.27784518253969,3.569333642857132,1.0947960396825402,31.216532309523735,0.7647938888888886,0.9066603809523811
2025-12-18 08:00:00,47.99,108.1,5.45,24.26,29.64,9.75,4.59,0.91,16.12,0.49,1.64,,,0.52,0.59,26.14,26.18,0.82,201.89,0.0,0.0,,,,2025-12-18 08:00:00,8,12,3,59.29,164.67,5.44,24.26,29.71,9.82,4.55,0.75,16.12,0.49,1.64,43.553046814073234,151.97409367027416,7.318649466386553,20.47432228571429,26.770587143578602,15.678383555555563,4.842856690476183,1.064300460317461,28.84479374891772,1.6105661984126987,2.447344992063489
2025-12-18 16:00:00,59.29,164.67,5.44,24.26,29.71,9.82,4.55,0.75,16.12,0.49,1.64,,,0.53,0.59,22.96,43.97,1.28,169.95,0.0,0.0,,,,2025-12-18 16:00:00,16,12,3,46.41,120.39,5.33,23.65,29.05,9.57,4.49,0.71,16.12,0.49,1.63,56.30603470366392,146.56603929653676,7.960501080740176,25.931822920634932,32.458068321733776,17.359453988094465,3.56285900793649,1.1266625396825396,29.49857211904754,0.8097698730158731,1.1553747222222217
2025-12-19 00:00:00,46.41,120.39,5.33,23.65,29.05,9.57,4.49,0.71,16.12,0.49,1.63,,,0.52,0.6,19.58,77.56,1.59,168.73,0.0,0.0,,,,2025-12-19 00:00:00,0,12,4,47.43,135.26,5.46,24.26,29.68,9.77,4.55,0.72,16.12,0.49,1.64,40.25117018647625,117.43476822510826,8.740372849206356,25.83257342857145,32.659839165694635,18.143546587301604,3.5658566666666567,1.0651214126984125,34.645858436507915,0.7591993333333329,0.912413190476191
2025-12-19 08:00:00,47.43,135.26,5.46,24.26,29.68,9.77,4.55,0.72,16.12,0.49,1.64,,,0.52,0.59,24.85,34.56,0.92,163.91,0.0,0.0,,,,2025-12-19 08:00:00,8,12,4,60.84,170.07,5.43,24.24,29.61,9.73,4.62,0.92,16.12,0.49,1.64,52.21431016764731,173.80010079365078,7.907781917441264,23.461865450049928,30.76397462354639,17.02464974937345,3.658192587301579,1.1131041969696973,31.46175765079362,1.4973222777777773,1.839264634920633
2025-12-19 16:00:00,60.84,170.07,5.43,24.24,29.61,9.73,4.62,0.92,16.12,0.49,1.64,,,0.51,0.59,21.97,46.02,1.08,124.01,0.0,0.0,,,,2025-12-19 16:00:00,16,12,4,37.56,124.41,5.34,23.71,29.08,9.58,4.51,0.84,16.12,0.49,1.64,56.28239317584562,160.76112596248214,8.279884883823534,24.68158763492062,31.389630720723673,17.361212604340963,3.5612643412698244,1.0523194920634906,33.77449634920635,0.8228115873015862,0.4822838333333335
2025-12-20 00:00:00,37.56,124.41,5.34,23.71,29.08,9.58,4.51,0.84,16.12,0.49,1.64,,,0.52,0.59,18.64,78.43,1.4,129.35,0.0,0.0,,,,2025-12-20 00:00:00,0,12,5,32.33,132.82,5.48,24.27,29.69,9.72,4.34,1.01,16.12,0.49,1.65,41.29209332926084,112.97856624242428,8.22742276695527,25.64937140476193,32.2418736232236,17.888766036881428,3.564800142857134,1.038273404761905,34.555345039682535,0.7520137380952373,0.838374658730159
2025-12-20 08:00:00,32.33,132.82,5.48,24.27,29.69,9.72,4.34,1.01,16.12,0.49,1.65,,,0.52,0.59,23.9,42.84,0.93,172.84,0.0,0.0,,,,2025-12-20 08:00:00,8,12,5,76.88,167.98,5.44,24.18,29.64,9.81,4.45,0.88,30.66,0.49,1.63,50.73028058430035,154.57836327849907,7.917165167917096,24.981741535353525,31.788890421755664,17.361141933706836,3.6023071111110965,1.0976281731601727,32.96048966666665,1.1419797698412695,1.336527952380952
2025-12-20 16:00:00,76.88,167.98,5.44,24.18,29.64,9.81,4.45,0.88,30.66,0.49,1.63,,,0.52,0.6,22.25,47.5,1.0,152.7,0.0,0.0,,,,2025-12-20 16:00:00,16,12,5,54.45,127.72,5.37,23.72,29.06,9.53,4.41,0.73,30.66,0.49,1.64,56.25888029074213,163.3535933737374,8.20173550857643,24.859830119047615,31.387073473470927,17.38757908846795,3.5611238650793444,1.0597027063492053,34.074556476190466,0.8693745732959841,0.5267096666666663
2025-12-21 00:00:00,54.45,127.72,5.37,23.72,29.06,9.53,4.41,0.73,30.66,0.49,1.64,,,0.52,0.59,19.32,73.99,1.55,150.02,0.0,0.0,,,,2025-12-21 00:00:00,0,12,6,150.02,91.52,5.44,24.21,29.67,9.72,4.51,0.68,30.66,0.49,1.64,39.451190601896194,126.80360428860031,9.318259039682546,25.982041833333362,33.021081760932724,18.182108920634935,3.5693806428571335,1.0646158253968263,34.14978961904761,0.7500618809523808,0.8619408095238098
2025-12-21 08:00:00,150.02,91.52,5.44,24.21,29.67,9.72,4.51,0.68,30.66,0.49,1.64,,,0.52,0.59,24.91,37.28,0.67,174.9,0.0,0.0,,,,2025-12-21 08:00:00,8,12,6,73.42,136.87,5.47,24.25,29.63,9.8,4.61,0.66,30.66,0.49,1.64,48.61852563626965,156.76624786147204,5.391379428571435,17.88474558730159,27.517639388888878,9.784510301587302,6.779150380952381,1.0598543412698407,26.640591579365047,1.8469287142857147,2.8292974500466856
2025-12-21 16:00:00,73.42,136.87,5.47,24.25,29.63,9.8,4.61,0.66,30.66,0.49,1.64,,,0.51,0.59,22.91,48.32,1.12,128.09,0.0,0.0,,,,2025-12-21 16:00:00,16,12,6,57.6,129.74,5.35,23.71,29.05,9.54,4.48,0.81,30.66,0.49,1.64,52.50350110099212,150.52697520923513,7.573128515263987,24.54627293650794,31.106982459307307,17.394548083332555,3.562264626984111,0.9995265793650786,33.37011533333336,0.7616862849927843,0.6452354285714282
2025-12-22 00:00:00,57.6,129.74,5.35,23.71,29.05,9.54,4.48,0.81,30.66,0.49,1.64,,,0.52,0.59,19.42,77.91,1.58,147.53,0.0,0.0,,,,2025-12-22 00:00:00,0,12,0,96.12,63.04,5.42,24.2,29.63,9.78,4.37,0.71,30.66,0.49,1.64,45.55351951925716,125.40531141774899,9.09986382661784,26.04538488095239,33.514468586940076,18.549330563492077,3.5707444942279887,1.0686732857142862,30.750701095238007,0.7737575238095228,0.953798047619048
2025-12-22 08:00:00,96.12,63.04,5.42,24.2,29.63,9.78,4.37,0.71,30.66,0.49,1.64,,,0.51,0.59,24.43,42.86,0.77,171.34,0.0,0.0,,,,2025-12-22 08:00:00,8,12,0,49.39,118.6,5.45,24.23,29.67,9.73,4.53,0.53,30.66,0.49,1.64,59.86691409188075,142.6855270036074,6.829400738095237,18.82560870634922,25.97351930050506,14.82136327960927,5.754687261904756,1.1843883174603171,28.625210857142836,1.4910567857142865,3.0806805317460317
2025-12-22 16:00:00,49.39,118.6,5.45,24.23,29.67,9.73,4.53,0.53,30.66,0.49,1.64,,,0.52,0.59,22.6,54.62,1.2,133.18,0.0,0.0,,,,2025-12-22 16:00:00,16,12,0,37.8,108.51,5.34,23.73,29.07,9.54,4.53,0.65,30.66,0.49,1.64,50.86054950532514,161.62893339105332,8.545854891760031,24.821066443223476,31.5775993993673,17.345468419971752,3.563633571428559,1.1341198333333329,31.326044999999898,0.7628638015873015,0.9748727063492069
2025-12-23 00:00:00,37.8,108.51,5.34,23.73,29.07,9.54,4.53,0.65,30.66,0.49,1.64,,,0.52,0.59,19.41,84.95,1.64,152.93,0.0,0.0,,,,2025-12-23 00:00:00,0,12,1,95.45,98.69,5.47,24.2,29.67,9.77,4.52,0.86,30.66,0.49,1.63,40.002389911978135,137.0465868095239,8.983768174603194,25.33866833333333,33.32218861904758,18.543591182539693,3.6536059285714244,1.0626431507936511,30.99314709523801,0.7816138333333331,1.0059068571428564
2025-12-23 08:00:00,95.45,98.69,5.47,24.2,29.67,9.77,4.52,0.86,30.66,0.49,1.63,,,0.52,0.59,24.64,42.02,0.91,197.27,0.0,0.0,,,,2025-12-23 08:00:00,8,12,1,84.32,203.55,5.49,24.23,29.64,9.76,4.64,1.02,30.66,0.49,1.64,53.64124588713447,147.13300428643566,8.096988044461309,23.531252086580093,30.91956115529243,16.455832929507313,3.660213357142849,1.1657169285714284,29.170023238095144,1.4071615714285723,2.085685595238093
2025-12-23 16:00:00,84.32,203.55,5.49,24.23,29.64,9.76,4.64,1.02,30.66,0.49,1.64,,,0.51,0.59,21.93,54.1,1.09,143.1,0.0,0.0,,,,2025-12-23 16:00:00,16,12,1,53.87,108.69,5.34,23.73,29.07,9.58,4.46,0.91,30.66,0.49,1.64,48.69030604366307,164.5667991139972,8.236619193347343,24.765780038461564,31.662119574703052,17.288594768208483,3.5633909365079224,1.1001141825396819,31.278861714285622,0.8571241334776326,0.4845636666666668
2025-12-24 00:00:00,53.87,108.69,5.34,23.73,29.07,9.58,4.46,0.91,30.66,0.49,1.64,,,0.52,0.6,19.4,77.51,1.48,152.61,0.0,0.0,,,,2025-12-24 00:00:00,0,12,2,99.46,150.89,5.45,24.24,29.68,9.74,4.57,0.82,30.66,0.49,1.64,44.29140188356991,128.2304542619048,8.960751031746046,25.942784428571436,33.28251361074958,18.38062830158732,3.565995999999989,1.0757550317460318,30.75326609523801,0.7410091428571421,0.8851592619047626
2025-12-24 08:00:00,99.46,150.89,5.45,24.24,29.68,9.74,4.57,0.82,30.66,0.49,1.64,,,0.52,0.59,24.85,40.54,0.94,214.99,0.0,0.0,,,,2025-12-24 08:00:00,8,12,2,112.02,178.24,5.49,24.24,29.62,9.62,4.44,0.65,30.66,0.49,1.64,51.588183641745935,154.08037288961032,8.117213340018687,23.377152194638693,31.335473321959086,16.088565111658493,3.5823249999999875,1.124774928571429,28.844022523809443,1.464241214975846,2.0490966587301553
2025-12-24 16:00:00,112.02,178.24,5.49,24.24,29.62,9.62,4.44,0.65,30.66,0.49,1.64,,,0.53,0.59,25.18,32.31,0.7,175.47,0.0,0.0,,,,2025-12-24 16:00:00,16,12,2,38.73,86.82,5.19,13.51,13.165,12.24,5.53,0.77,30.66,0.84,1.15,50.060164273828065,145.74227600432903,6.306597849206343,17.92265828571429,25.340599953102448,12.91433069841268,6.6173562142857065,1.0700013730158726,26.357608761904782,1.8685617532467544,2.8644149444444467
2025-12-25 00:00:00,38.73,86.82,5.19,13.51,13.165,12.24,5.53,0.77,30.66,0.84,1.15,,,,,24.92,73.16,1.07,,0.0,0.0,,,,2025-12-25 00:00:00,0,12,3,38.73,86.82,5.19,13.51,13.165,12.24,5.53,0.77,30.66,0.84,1.15,41.42579455394292,115.65495970389077,6.659112561624656,19.20348344083695,21.01609658435055,16.936402611066697,5.191860301587304,1.0219456428571414,29.85746585930931,0.8212168921483626,1.3059368767249908
2025-12-25 08:00:00,38.73,86.82,5.19,13.51,13.165,12.24,5.53,0.77,30.66,0.84,1.15,,,,,24.92,73.16,1.07,,0.0,0.0,,,,2025-12-25 08:00:00,8,12,3,38.73,86.82,5.19,13.51,13.165,12.24,5.53,0.77,30.66,0.84,1.15,39.75090602151841,115.20652417009123,6.6687368949579895,19.219885107503615,21.21295991768389,16.93298094440003,5.16422696825397,1.0157153095238078,29.985885765834343,0.8458957735118385,1.327319826937861
2025-12-25 16:00:00,38.73,86.82,5.19,13.51,13.165,12.24,5.53,0.77,30.66,0.84,1.15,,,,,24.92,73.16,1.07,,0.0,0.0,,,,2025-12-25 16:00:00,16,12,3,38.73,86.82,5.19,13.51,13.165,12.24,5.53,0.77,30.66,0.84,1.15,39.56148868692504,114.8187955813235,6.551314783846876,18.319493107503583,20.499448771067367,16.81328281525139,5.135082206349207,0.8644515158730148,30.057853099167676,0.7641994641220804,1.0656269567297187
2025-12-26 00:00:00,38.73,86.82,5.19,13.51,13.165,12.24,5.53,0.77,30.66,0.84,1.15,,,,,24.92,73.16,1.07,,0.0,0.0,,,,2025-12-26 00:00:00,0,12,4,46.84,69.41,5.39,24.19,29.65,9.8,4.24,0.62,17.95,0.48,1.63,40.301304150530214,108.99225467442022,6.645147021942116,19.19776741702742,21.051992950151416,17.05134833833942,5.179446968253971,1.0164824523809506,31.62652858336307,0.8062208836013538,1.2712403749828316
2025-12-26 08:00:00,46.84,69.41,5.39,24.19,29.65,9.8,4.24,0.62,17.95,0.48,1.63,,,0.52,0.59,25.98,37.13,0.72,150.65,0.0,0.0,,,,2025-12-26 08:00:00,8,12,4,41.65,110.66,5.45,24.25,29.71,9.74,4.13,0.6,16.05,0.49,1.64,46.52658520398148,151.00996467027431,6.539089801587306,19.35618985714287,25.591195865800834,14.099821936507928,6.6524999047619,1.0473756984126992,28.553280407647886,1.7296614408369424,2.8482112997558002
2025-12-26 16:00:00,41.65,110.66,5.45,24.25,29.71,9.74,4.13,0.6,16.05,0.49,1.64,,,0.52,0.59,22.79,54.93,1.04,126.58,0.0,0.0,,,,2025-12-26 16:00:00,16,12,4,38.49,128.09,5.34,23.73,29.07,9.55,4.53,0.75,30.66,0.49,1.64,47.875363988861736,166.89553924819623,7.401643853224312,24.80525972893772,30.98787479835039,17.386994036654272,3.566221865079351,1.0361153297258288,35.741287761904765,0.7231457460317452,0.5146770952380947
2025-12-27 00:00:00,38.49,128.09,5.34,23.73,29.07,9.55,4.53,0.75,30.66,0.49,1.64,,,0.52,0.59,20.1,76.48,1.41,157.08,0.0,0.0,,,,2025-12-27 00:00:00,0,12,5,29.05,97.91,5.44,24.2,29.67,9.76,4.61,0.64,30.66,0.49,1.63,40.453462262123544,119.89293152886003,8.118652338383841,25.6528073809524,32.22934289306487,17.76704752894492,3.5642977619047502,1.0194512936507931,34.67956855555555,0.7521318333333328,0.8428162777777782
2025-12-27 08:00:00,29.05,97.91,5.44,24.2,29.67,9.76,4.61,0.64,30.66,0.49,1.63,,,0.52,0.59,25.29,37.08,0.87,208.7,0.0,0.0,,,,2025-12-27 08:00:00,8,12,5,51.24,144.61,5.45,24.23,29.72,9.75,4.44,0.59,30.66,0.49,1.64,49.095879089764004,176.7233801233767,8.975155061519398,23.185888491341977,31.350712171165448,17.04660243191314,3.6589564206349108,1.1689299047619077,32.412462761904735,1.5360820816993457,2.000165206349205
2025-12-27 16:00:00,51.24,144.61,5.45,24.23,29.72,9.75,4.44,0.59,30.66,0.49,1.64,,,0.53,0.59,22.86,46.46,1.06,157.37,0.0,0.0,,,,2025-12-27 16:00:00,16,12,5,27.55,96.47,5.36,23.77,29.08,9.57,4.58,0.7,30.66,0.49,1.65,56.26594903221914,157.3209182568543,7.516586005162982,24.480152785714285,30.73496693977129,17.386443921801277,3.56124938888887,1.0099681313131301,33.8354330952381,0.902746976190475,0.6099673571428561
2025-12-28 00:00:00,27.55,96.47,5.36,23.77,29.08,9.57,4.58,0.7,30.66,0.49,1.65,,,0.52,0.59,19.99,76.29,1.44,139.89,0.0,0.0,,,,2025-12-28 00:00:00,0,12,6,22.81,85.15,5.5,24.26,29.69,9.76,4.5,0.65,30.66,0.5,1.64,40.976487512925985,129.57767694155845,8.210724147907648,25.77987555555559,32.40988786925535,17.91691210317461,3.564528571428562,1.043631793650794,33.96535901587299,0.7580452619047613,0.8339054523809529
2025-12-28 08:00:00,22.81,85.15,5.5,24.26,29.69,9.76,4.5,0.65,30.66,0.5,1.64,,,0.52,0.59,22.73,57.95,0.87,160.27,0.0,0.0,,,,2025-12-28 08:00:00,8,12,6,38.73,86.82,5.19,13.51,13.165,12.24,5.53,0.77,30.66,0.84,1.15,56.04857904747583,159.93466300982362,10.031843535303777,26.0718340683761,34.28378499110648,18.148310534348695,3.693730738095229,1.1219827611832607,36.06439935714287,0.7436265338365339,0.8528925952380961
2025-12-28 16:00:00,38.73,86.82,5.19,13.51,13.165,12.24,5.53,0.77,30.66,0.84,1.15,,,,,24.92,73.16,1.07,,0.0,0.0,,,,2025-12-28 16:00:00,16,12,6,38.73,86.82,5.19,13.51,13.165,12.24,5.53,0.77,30.66,0.84,1.15,39.407411185857846,106.94403530643166,6.598296148926242,18.37158285714283,20.793808041212422,16.897714443101318,5.122626682539684,0.8591379365079362,30.614480194405793,0.7026964000414506,0.9730201219533849
2025-12-29 00:00:00,38.73,86.82,5.19,13.51,13.165,12.24,5.53,0.77,30.66,0.84,1.15,,,,,24.92,73.16,1.07,,0.0,0.0,,,,2025-12-29 00:00:00,0,12,0,32.76,92.2,8.25,16.6,25.2,11.57,3.96,0.62,16.26,0.49,1.63,42.413308552114884,117.1391822948719,6.6588444108310005,19.06816560750362,21.245784505178257,16.272463812265517,5.148344103174602,1.03271061111111,29.911705585772225,0.8831459715558829,1.3418702942724576
2025-12-29 08:00:00,32.76,92.2,8.25,16.6,25.2,11.57,3.96,0.62,16.26,0.49,1.63,,,0.52,0.59,27.11,38.24,0.7,222.14,0.0,0.0,,,,2025-12-29 08:00:00,8,12,0,109.74,142.93,8.26,16.65,24.85,11.8,4.43,0.5,15.97,0.49,1.64,52.45369071428575,135.83755865440114,6.085552285714282,18.917859277777783,25.19043483405483,14.223601365079352,6.950941952380953,1.2365964047619062,28.796596730158736,1.9945282142857155,3.0399932539682526
2025-12-29 16:00:00,109.74,142.93,8.26,16.65,24.85,11.8,4.43,0.5,15.97,0.49,1.64,,,0.52,0.59,23.83,55.28,1.0,165.18,0.0,0.0,,,,2025-12-29 16:00:00,16,12,0,68.13,137.89,8.11,16.3,24.34,11.49,4.4,0.7,30.66,0.49,1.64,46.92641032859138,156.7915379581528,8.285770097036051,25.055433320457333,31.90991606610024,17.368631950283724,3.5776265634920508,1.099668629870131,30.714481809523694,0.725023765359477,0.4724380000000006
2025-12-30 00:00:00,68.13,137.89,8.11,16.3,24.34,11.49,4.4,0.7,30.66,0.49,1.64,,,0.52,0.59,21.12,75.51,1.57,154.07,0.0,0.0,,,,2025-12-30 00:00:00,0,12,1,27.18,70.13,8.24,16.65,24.78,11.72,4.55,0.83,30.66,0.49,1.64,46.04901988500495,131.39553044843058,9.457117888888904,26.139753571428596,34.10591724098048,18.468584942773607,3.5748904523809464,1.1086011428571438,31.17427602380944,0.8055562619047607,0.9513778095238097
2025-12-30 08:00:00,27.18,70.13,8.24,16.65,24.78,11.72,4.55,0.83,30.66,0.49,1.64,,,0.52,0.59,25.49,48.45,1.43,231.65,0.0,0.0,,,,2025-12-30 08:00:00,8,12,1,159.46,248.89,8.27,16.63,25.23,11.74,4.63,0.82,30.66,0.49,1.64,49.95438944707113,123.07220421500723,8.965087380230877,26.079780827561326,34.43363957376281,18.252312753968265,3.5694045476190377,1.1429198968253966,29.71052430735927,0.8329426011949059,1.0600472869352853
2025-12-30 16:00:00,159.46,248.89,8.27,16.63,25.23,11.74,4.63,0.82,30.66,0.49,1.64,,,0.53,0.59,23.51,57.0,0.97,136.06,0.0,0.0,,,,2025-12-30 16:00:00,16,12,1,61.78,125.19,8.09,16.27,24.47,11.52,4.57,1.04,30.66,0.49,1.64,47.11720654163318,160.60228070490604,7.489145410266883,24.740359247619093,31.265464895198015,17.2891306935526,3.569426603174588,0.9550962142857158,30.698292976190363,0.5857784542483658,0.31808981746031767
2025-12-31 00:00:00,61.78,125.19,8.09,16.27,24.47,11.52,4.57,1.04,30.66,0.49,1.64,,,0.52,0.59,20.79,83.11,1.47,149.88,0.0,0.0,,,,2025-12-31 00:00:00,0,12,2,43.64,88.53,8.26,16.6,24.88,11.7,4.6,1.01,30.66,0.49,1.64,34.1507507960944,117.39742124743229,8.905258603174621,25.21884252380952,33.09488312957873,18.4085047284879,3.5769263571428507,1.0786211183261187,31.363455761904678,0.7944690476190479,0.8771068571428582
2025-12-31 08:00:00,43.64,88.53,8.26,16.6,24.88,11.7,4.6,1.01,30.66,0.49,1.64,,,0.52,0.58,26.07,50.01,1.37,262.14,0.0,0.0,,,,2025-12-31 08:00:00,8,12,2,107.34,150.35,8.26,16.62,24.78,11.77,4.67,0.75,30.66,0.49,1.64,43.96559778782709,121.07303331024531,8.565484366774985,25.520530129148614,33.11039190476186,17.338481714285717,3.6016606746031625,1.3660059993894986,32.109900831168794,1.0107618877756226,1.105711834554333
