Timestamp,PM2.5 (µg/m³),PM10 (µg/m³),NO (µg/m³),NO2 (µg/m³),NOx (ppb),NH3 (µg/m³),SO2 (µg/m³),CO (mg/m³),Ozone (µg/m³),Benzene (µg/m³),Toluene (µg/m³),Xylene (µg/m³),O Xylene (µg/m³),Eth-Benzene (µg/m³),MP-Xylene (µg/m³),AT (°C),RH (%),WS (m/s),WD (deg),RF (mm),TOT-RF (mm),SR (W/mt2),BP (mmHg),VWS (m/s),date
2023-01-01 00:00:00,84.71,142.87,4.73,20.93,13.36,11.79,0.49,0.6,31.26,0.0,0.0,,,0.01,,16.95,90.01,0.48,117.08,0.0,0.0,12.02,895.4,,2023-01-01 00:00:00
2023-01-01 08:00:00,61.27,106.82,4.73,29.23,17.78,12.64,1.37,0.56,32.5,0.0,0.0,,,0.01,,26.49,44.71,0.85,110.24,0.0,0.0,405.3,913.54,,2023-01-01 08:00:00
2023-01-01 16:00:00,53.44,94.76,4.73,16.69,11.11,11.47,1.28,0.71,30.22,0.0,0.0,,,0.01,,23.63,52.03,0.84,90.84,0.0,0.0,24.38,906.54,,2023-01-01 16:00:00
2023-01-02 00:00:00,91.08,152.68,4.73,15.25,10.34,11.94,2.0,0.49,30.88,0.0,0.0,,,0.01,,18.22,81.76,0.77,81.89,0.0,0.0,11.15,897.63,,2023-01-02 00:00:00
2023-01-02 08:00:00,30.04,58.77,4.73,12.7,8.99,11.64,2.29,0.63,31.43,0.0,0.0,,,0.01,,25.75,41.83,1.2,71.34,0.0,0.0,417.06,912.94,,2023-01-02 08:00:00
2023-01-02 16:00:00,50.34,90.0,4.73,13.94,9.64,11.45,1.41,0.59,32.15,0.0,0.0,,,0.01,0.01,22.7,54.75,0.97,94.48,0.0,0.0,25.38,905.53,,2023-01-02 16:00:00
2023-01-03 00:00:00,83.67,141.28,4.73,12.43,8.84,11.94,0.42,0.39,32.07,0.0,0.0,,,0.01,,17.17,88.81,0.55,88.8,0.0,0.0,11.38,895.79,,2023-01-03 00:00:00
2023-01-03 08:00:00,32.15,62.02,4.73,8.96,7.0,11.63,1.33,0.48,31.72,0.0,0.0,,,0.01,0.01,24.56,52.92,1.15,66.16,0.0,0.0,349.88,910.67,,2023-01-03 08:00:00
2023-01-03 16:00:00,54.52,96.42,4.73,15.57,10.51,11.37,1.39,0.67,31.99,0.0,0.0,,,0.01,,22.29,59.85,0.93,87.08,0.0,0.0,24.15,904.42,,2023-01-03 16:00:00
2023-01-04 00:00:00,77.96,132.5,4.73,9.09,7.07,12.38,0.72,0.29,32.5,0.0,0.0,,,0.01,,18.61,82.34,1.04,65.54,0.0,0.0,11.1,898.14,,2023-01-04 00:00:00
2023-01-04 08:00:00,38.08,71.13,4.73,10.0,7.55,11.75,2.51,0.52,31.83,0.0,0.0,,,0.01,,24.26,51.73,1.29,77.11,0.0,0.0,381.28,910.2,,2023-01-04 08:00:00
2023-01-04 16:00:00,67.31,116.1,4.73,15.99,10.73,11.58,1.75,0.62,31.66,0.0,0.0,,,,0.01,22.1,59.32,1.08,91.83,0.0,0.0,23.52,904.19,,2023-01-04 16:00:00
2023-01-05 00:00:00,69.09,118.85,4.73,6.6,5.74,12.23,0.48,0.37,31.34,0.0,0.0,,,0.01,,18.34,81.38,1.16,79.32,0.0,0.0,10.81,897.87,,2023-01-05 00:00:00
2023-01-05 08:00:00,32.04,61.85,4.73,7.93,6.45,11.5,1.12,0.52,30.99,0.0,0.0,,,0.01,0.01,22.89,60.06,1.4,72.26,0.0,0.0,271.92,907.41,,2023-01-05 08:00:00
2023-01-05 16:00:00,57.56,101.11,4.73,12.43,8.84,11.52,1.44,0.6,31.6,0.0,0.0,,,0.01,0.01,22.08,64.31,1.07,82.95,0.0,0.0,27.84,904.0,,2023-01-05 16:00:00
2023-01-06 00:00:00,70.48,120.98,4.73,10.86,8.01,12.05,0.65,0.17,32.49,0.0,0.0,,,,,18.01,82.48,0.95,63.17,0.0,0.0,12.7,897.46,,2023-01-06 00:00:00
2023-01-06 08:00:00,39.89,73.93,4.73,11.38,8.28,11.53,1.23,0.33,32.17,0.0,0.0,,,,,24.52,52.23,1.7,69.67,0.0,0.0,387.47,909.86,,2023-01-06 08:00:00
2023-01-06 16:00:00,56.48,99.45,4.73,13.58,9.46,11.54,1.08,0.3,32.41,0.0,0.0,,,0.01,0.01,22.32,63.79,1.49,69.22,0.0,0.0,24.78,904.95,,2023-01-06 16:00:00
2023-01-07 00:00:00,81.15,137.39,4.73,7.28,6.1,12.3,0.96,0.34,32.98,0.0,0.0,,,0.01,,18.27,82.01,1.09,68.79,0.0,0.0,11.17,897.79,,2023-01-07 00:00:00
2023-01-07 08:00:00,46.57,84.2,4.73,7.41,6.17,11.62,1.15,0.44,33.17,0.0,0.0,,,,0.01,23.64,56.86,1.45,62.64,0.0,0.0,344.75,908.45,,2023-01-07 08:00:00
2023-01-07 16:00:00,70.38,120.84,4.73,13.67,9.5,11.54,2.09,0.58,31.87,0.0,0.0,,,0.01,,22.98,59.34,1.05,69.54,0.0,0.0,18.69,905.72,,2023-01-07 16:00:00
2023-01-08 00:00:00,54.98,97.14,4.73,7.52,6.23,12.25,0.49,0.32,32.48,0.0,0.0,,,0.01,,18.84,83.58,1.0,64.07,0.0,0.0,10.43,898.98,,2023-01-08 00:00:00
2023-01-08 08:00:00,67.64,116.62,4.73,8.5,6.75,11.91,0.63,0.53,32.13,0.0,0.0,,,0.01,0.01,24.26,53.01,1.16,67.67,0.0,0.0,358.11,909.24,,2023-01-08 08:00:00
2023-01-08 16:00:00,85.79,144.54,4.73,31.58,19.03,10.75,0.94,1.04,30.93,0.0,0.0,,,0.01,0.01,21.66,60.34,0.71,63.14,0.0,0.0,25.16,903.6,,2023-01-08 16:00:00
2023-01-09 00:00:00,109.96,181.72,4.73,7.72,6.34,12.58,1.07,0.5,31.8,0.0,0.0,,,,0.01,17.25,78.45,0.74,77.46,0.0,0.0,10.93,896.47,,2023-01-09 00:00:00
2023-01-09 08:00:00,66.67,115.13,4.73,9.85,7.47,11.68,2.59,0.76,32.16,0.0,0.0,,,,,24.75,35.47,1.09,50.84,0.0,0.0,418.67,911.29,,2023-01-09 08:00:00
2023-01-09 16:00:00,61.97,107.9,4.73,30.75,18.58,10.71,1.23,1.11,32.21,0.0,0.0,,,0.01,0.01,20.94,43.38,0.73,69.31,0.0,0.0,26.13,902.7,,2023-01-09 16:00:00
2023-01-10 00:00:00,78.12,132.74,4.73,9.6,7.34,12.74,0.68,0.09,31.01,0.0,0.0,,,0.01,0.01,15.86,83.12,0.73,77.35,0.0,0.0,10.68,893.77,,2023-01-10 00:00:00
2023-01-10 08:00:00,41.24,76.0,4.73,10.53,7.83,11.99,2.51,0.3,30.88,0.0,0.0,,,0.01,,24.2,40.95,1.25,59.02,0.0,0.0,429.08,910.25,,2023-01-10 08:00:00
2023-01-10 16:00:00,52.25,92.94,4.73,13.63,9.48,11.64,1.86,0.34,31.36,0.0,0.0,,,0.01,,22.21,50.61,0.96,88.66,0.0,0.0,27.81,904.67,,2023-01-10 16:00:00
2023-01-11 00:00:00,71.4,122.4,4.73,15.66,10.56,12.05,0.5,0.59,31.06,0.0,0.0,,,,0.01,15.33,86.38,0.6,99.77,0.0,0.0,11.62,892.9,,2023-01-11 00:00:00
2023-01-11 08:00:00,82.47,158.92,4.73,20.38,13.07,12.2,1.43,0.6,30.31,0.0,0.0,,,,,25.49,28.6,0.98,65.12,0.0,0.0,424.23,910.87,,2023-01-11 08:00:00
2023-01-11 16:00:00,41.52,104.66,4.73,35.78,21.26,11.12,1.16,0.75,32.35,0.0,0.0,,,0.01,0.01,21.62,40.11,0.69,85.33,0.0,0.0,27.67,903.02,,2023-01-11 16:00:00
2023-01-12 00:00:00,92.88,170.19,4.73,47.1,27.28,11.19,0.33,0.7,34.78,0.0,0.0,,,,0.01,13.86,90.52,0.4,110.16,0.0,0.0,11.56,889.35,,2023-01-12 00:00:00
2023-01-12 08:00:00,49.55,230.86,4.73,22.99,14.46,12.61,1.52,0.75,35.01,0.0,0.0,,,,,26.54,30.53,0.89,42.2,0.0,0.0,439.4,913.09,,2023-01-12 08:00:00
2023-01-12 16:00:00,79.27,374.82,4.73,30.18,18.29,11.45,0.78,1.04,32.33,0.0,0.0,,,,,21.75,41.07,0.52,111.08,0.0,0.0,27.45,903.2,,2023-01-12 16:00:00
2023-01-13 00:00:00,97.38,194.91,4.73,41.35,24.23,11.48,0.53,0.63,31.38,0.0,0.0,,,,,14.16,89.16,0.45,97.88,0.0,0.0,11.2,889.86,,2023-01-13 00:00:00
2023-01-13 08:00:00,70.19,148.08,4.73,26.06,16.09,12.83,3.02,0.8,31.5,0.0,0.0,,,,,26.64,32.6,0.66,141.07,0.0,0.0,398.27,913.39,,2023-01-13 08:00:00
2023-01-13 16:00:00,73.77,189.54,4.73,21.22,13.52,12.34,1.41,0.79,31.08,0.0,0.0,,,0.01,,22.08,47.4,0.67,115.17,0.0,0.0,23.27,903.36,,2023-01-13 16:00:00
2023-01-14 00:00:00,92.13,108.03,4.73,25.82,15.96,12.71,0.86,0.26,30.8,0.0,0.0,,,0.01,,15.52,86.91,0.47,138.72,0.0,0.0,8.68,892.04,,2023-01-14 00:00:00
2023-01-14 08:00:00,68.6,149.21,4.73,24.55,15.29,12.87,3.01,0.57,30.04,0.0,0.0,,,0.01,0.01,25.4,36.2,1.0,83.94,0.0,0.0,417.77,911.4,,2023-01-14 08:00:00
2023-01-14 16:00:00,79.72,196.35,4.74,56.37,32.22,10.01,2.17,1.22,31.36,0.0,0.0,,,0.01,,20.98,43.4,0.6,78.09,0.0,0.0,29.84,902.0,,2023-01-14 16:00:00
2023-01-15 00:00:00,111.78,134.68,4.73,28.3,17.29,12.63,0.39,0.62,32.43,0.0,0.0,,,,,13.78,89.12,0.4,119.03,0.0,0.0,11.91,889.02,,2023-01-15 00:00:00
2023-01-15 08:00:00,54.98,130.18,4.73,24.08,10.67,13.27,2.86,0.65,31.33,0.0,0.0,,,0.01,0.01,26.66,28.76,0.94,79.29,0.0,0.0,429.07,913.7,,2023-01-15 08:00:00
2023-01-15 16:00:00,56.41,94.52,4.73,5.92,5.05,12.74,1.29,0.68,30.93,0.0,0.0,,,0.01,0.01,22.1,43.55,0.66,105.95,0.0,0.0,27.29,903.51,,2023-01-15 16:00:00
2023-01-16 00:00:00,86.45,145.71,4.73,19.3,12.5,13.0,0.69,0.4,30.55,0.0,0.0,,,,0.01,15.15,84.55,0.59,106.02,0.0,0.0,11.48,891.64,,2023-01-16 00:00:00
2023-01-16 08:00:00,56.67,200.83,4.73,21.06,13.43,13.11,3.28,0.77,30.78,0.0,0.0,,,0.01,0.01,26.85,32.71,0.69,114.02,0.0,0.0,409.62,913.87,,2023-01-16 08:00:00
2023-01-16 16:00:00,64.45,201.77,4.73,20.27,13.01,12.18,1.76,0.83,30.19,0.0,0.0,,,0.01,,23.55,37.68,0.93,82.98,0.0,0.0,28.47,906.02,,2023-01-16 16:00:00
2023-01-17 00:00:00,67.24,86.08,4.73,17.01,11.28,13.3,1.31,0.36,31.02,0.0,0.0,,,0.01,,15.73,81.9,0.51,117.66,0.0,0.0,10.8,892.29,,2023-01-17 00:00:00
2023-01-17 08:00:00,46.35,100.74,4.73,21.57,13.7,12.58,3.21,0.83,31.44,0.0,0.0,,,0.01,0.01,26.37,30.76,0.89,77.34,0.0,0.0,430.36,913.23,,2023-01-17 08:00:00
2023-01-17 16:00:00,42.29,75.89,4.73,14.42,9.9,12.56,2.5,0.65,31.56,0.0,0.0,,,0.01,,23.25,40.75,1.05,98.63,0.0,0.0,28.28,905.46,,2023-01-17 16:00:00
2023-01-18 00:00:00,52.03,64.85,4.73,14.19,9.78,13.18,0.66,0.16,31.41,0.0,0.0,,,0.01,0.01,16.05,85.5,0.66,89.53,0.0,0.0,10.48,892.9,,2023-01-18 00:00:00
2023-01-18 08:00:00,29.34,110.49,4.73,17.6,11.59,12.72,1.5,0.49,31.42,0.0,0.0,,,,,24.27,46.75,1.1,68.31,0.0,0.0,436.76,909.59,,2023-01-18 08:00:00
2023-01-18 16:00:00,50.54,,4.73,17.06,11.31,12.54,2.33,0.57,31.15,0.0,0.0,,,0.01,0.01,22.91,45.03,1.01,87.13,0.0,0.0,29.52,904.97,,2023-01-18 16:00:00
2023-01-19 00:00:00,94.69,,4.73,10.02,7.56,13.87,1.13,0.27,31.36,0.0,0.0,,,0.01,0.01,16.91,82.19,0.96,70.38,0.0,0.0,10.72,894.5,,2023-01-19 00:00:00
2023-01-19 08:00:00,39.2,,4.73,14.74,10.07,12.45,2.84,0.76,30.67,0.0,0.0,,,0.01,0.01,25.32,32.63,1.08,48.26,0.0,0.0,439.38,911.16,,2023-01-19 08:00:00
2023-01-19 16:00:00,59.01,,4.73,14.93,10.17,12.48,2.74,0.68,31.99,0.0,0.0,,,0.02,0.01,22.83,44.38,1.06,79.86,0.0,0.0,29.2,904.99,,2023-01-19 16:00:00
2023-01-20 00:00:00,98.77,,4.73,11.05,8.11,13.28,1.42,0.4,31.07,0.0,0.0,,,0.01,,16.28,83.18,0.74,120.41,0.0,0.0,10.0,893.38,,2023-01-20 00:00:00
2023-01-20 08:00:00,46.0,128.86,4.73,10.37,7.74,12.99,1.61,0.41,30.84,0.0,0.0,,,0.01,,23.81,52.28,1.18,93.26,0.0,0.0,396.91,909.21,,2023-01-20 08:00:00
2023-01-20 16:00:00,79.22,56.87,4.73,13.17,9.23,13.09,0.91,0.47,32.39,0.0,0.0,,,0.01,0.01,22.48,61.16,1.04,96.13,0.0,0.0,27.93,904.26,,2023-01-20 16:00:00
2023-01-21 00:00:00,74.81,77.72,4.73,8.0,6.48,14.15,0.42,0.28,33.11,0.0,0.0,,,,0.01,18.32,83.74,0.96,80.17,0.0,0.0,9.49,895.94,,2023-01-21 00:00:00
2023-01-21 08:00:00,26.7,90.26,4.73,7.72,6.34,12.98,0.91,0.44,31.77,0.0,0.0,,,,0.01,23.76,55.26,1.16,60.72,0.0,0.0,339.87,908.83,,2023-01-21 08:00:00
2023-01-21 16:00:00,47.96,56.87,4.73,18.07,11.84,12.32,0.79,0.75,32.68,0.0,0.0,,,0.01,0.01,22.63,54.44,0.94,86.15,0.0,0.0,29.05,904.43,,2023-01-21 16:00:00
2023-01-22 00:00:00,,,4.73,8.15,6.56,13.98,1.39,0.37,33.47,0.0,0.0,,,0.01,0.01,17.77,80.35,0.95,70.35,0.0,0.0,10.51,895.66,,2023-01-22 00:00:00
2023-01-22 08:00:00,22.53,61.55,4.73,5.78,5.3,13.03,1.7,0.48,33.08,0.0,0.0,,,0.01,0.01,24.44,47.79,1.38,67.79,0.0,0.0,419.47,909.76,,2023-01-22 08:00:00
2023-01-22 16:00:00,47.92,58.68,4.73,7.81,6.38,12.94,1.39,0.65,32.66,0.0,0.0,,,0.01,,22.73,47.55,1.2,91.52,0.0,0.0,29.28,904.88,,2023-01-22 16:00:00
2023-01-23 00:00:00,,,4.73,8.75,6.88,13.56,0.5,0.38,32.66,0.0,0.0,,,,,17.96,77.78,1.13,65.35,0.0,0.0,10.23,896.54,,2023-01-23 00:00:00
2023-01-23 08:00:00,52.54,57.88,4.73,10.17,7.64,12.69,1.29,0.38,32.94,0.0,0.0,,,0.01,,22.82,62.79,1.31,78.5,0.0,0.0,320.69,906.86,,2023-01-23 08:00:00
2023-01-23 16:00:00,48.4,57.84,4.73,15.65,10.55,12.21,0.41,0.5,32.83,0.0,0.0,,,0.01,0.01,22.14,67.26,1.02,78.22,0.0,0.0,24.84,903.2,,2023-01-23 16:00:00
2023-01-24 00:00:00,28.01,57.73,4.73,8.1,6.54,13.36,0.56,0.22,33.29,0.0,0.0,,,0.01,0.01,19.79,81.79,1.09,85.68,0.0,0.0,7.11,898.73,,2023-01-24 00:00:00
2023-01-24 08:00:00,18.86,58.09,4.73,8.4,6.7,12.39,1.17,0.36,32.81,0.0,0.0,,,0.01,0.01,24.11,60.06,1.16,91.79,0.0,0.0,305.98,909.25,,2023-01-24 08:00:00
2023-01-24 16:00:00,51.73,61.5,4.73,17.97,11.79,11.78,1.32,0.52,33.25,0.0,0.0,,,,0.01,23.47,58.74,0.96,102.91,0.0,0.0,20.31,905.48,,2023-01-24 16:00:00
2023-01-25 00:00:00,55.65,62.23,4.73,6.65,5.77,13.17,1.31,0.27,32.83,0.0,0.0,,,0.01,0.01,18.22,81.32,1.02,78.01,0.0,0.0,11.79,896.95,,2023-01-25 00:00:00
2023-01-25 08:00:00,32.03,63.73,4.73,10.6,7.87,12.44,1.86,0.52,32.96,0.0,0.0,,,0.01,0.01,24.48,51.86,0.94,75.25,0.0,0.0,429.22,909.98,,2023-01-25 08:00:00
2023-01-25 16:00:00,45.84,69.87,4.73,14.4,9.89,12.38,2.56,0.68,32.86,0.0,0.0,,,0.01,0.01,23.43,45.57,1.09,99.17,0.0,0.0,30.59,905.86,,2023-01-25 16:00:00
2023-01-26 00:00:00,85.54,131.65,4.73,6.98,5.94,13.79,1.2,0.38,32.14,0.0,0.0,,,,0.01,17.7,80.44,0.94,79.41,0.0,0.0,10.57,895.9,,2023-01-26 00:00:00
2023-01-26 08:00:00,43.25,63.71,4.73,8.32,6.65,12.8,2.94,0.66,32.2,0.0,0.0,,,0.01,,25.16,41.51,0.98,84.54,0.0,0.0,476.86,911.06,,2023-01-26 08:00:00
2023-01-26 16:00:00,43.55,63.37,4.73,3.98,4.34,12.56,1.31,0.73,31.8,0.0,0.0,,,,,28.52,24.54,1.11,62.39,0.0,0.0,181.68,915.71,,2023-01-26 16:00:00
2023-01-27 00:00:00,,,,,,,,,,,,,,,,,,,,,0.0,,,,2023-01-27 00:00:00
2023-01-27 08:00:00,52.56,58.23,4.73,6.38,5.62,12.65,1.42,0.54,32.07,0.0,0.0,,,,,29.0,26.69,0.98,79.68,0.0,0.0,440.68,918.9,,2023-01-27 08:00:00
2023-01-27 16:00:00,63.32,58.24,4.73,14.94,10.17,12.4,1.34,0.64,30.55,0.0,0.0,,,0.01,0.01,23.69,42.71,0.96,87.66,0.0,0.0,31.92,906.29,,2023-01-27 16:00:00
2023-01-28 00:00:00,53.35,57.99,4.73,20.06,12.9,12.38,0.47,0.37,30.61,0.0,0.0,,,0.01,0.01,16.6,83.13,0.6,104.38,0.0,0.0,11.14,893.95,,2023-01-28 00:00:00
2023-01-28 08:00:00,21.08,58.24,4.73,11.62,8.41,12.41,2.27,0.63,29.94,0.0,0.0,,,0.01,0.01,26.0,26.85,1.35,64.33,0.0,0.0,489.6,912.19,,2023-01-28 08:00:00
2023-01-28 16:00:00,47.22,59.31,4.73,13.79,9.56,12.71,1.74,0.51,31.71,0.0,0.0,,,0.01,,23.64,46.39,1.16,84.81,0.0,0.0,31.54,906.67,,2023-01-28 16:00:00
2023-01-29 00:00:00,,,4.73,20.14,12.94,12.48,0.52,0.38,30.88,0.0,0.0,,,,0.01,16.57,79.93,0.62,98.96,0.0,0.0,11.15,893.88,,2023-01-29 00:00:00
2023-01-29 08:00:00,21.97,59.67,4.73,9.62,7.35,13.09,2.07,0.49,30.68,0.0,0.0,,,0.01,0.01,26.37,33.77,1.48,60.65,0.0,0.0,480.04,912.63,,2023-01-29 08:00:00
2023-01-29 16:00:00,60.38,117.74,4.73,8.79,6.9,13.01,1.29,0.35,30.38,0.0,0.0,,,0.01,0.01,24.23,50.64,1.25,97.47,0.0,0.0,32.84,907.71,,2023-01-29 16:00:00
2023-01-30 00:00:00,,,,,,,,,,,,,,,,,,,,,0.0,,,,2023-01-30 00:00:00
2023-01-30 08:00:00,,,,,,,,,,,,,,,,,,,,,0.0,,,,2023-01-30 08:00:00
2023-01-30 16:00:00,,,,,,,,,,,,,,,,,,,,,0.0,,,,2023-01-30 16:00:00
2023-01-31 00:00:00,,,,,,,,,,,,,,,,,,,,,0.0,,,,2023-01-31 00:00:00
2023-01-31 08:00:00,11.51,58.47,4.73,8.63,6.82,12.44,0.59,0.33,30.74,0.0,0.0,,,,0.01,27.89,35.34,1.62,47.2,0.0,0.0,450.91,912.11,,2023-01-31 08:00:00
2023-01-31 16:00:00,40.02,58.18,4.73,19.56,12.63,12.05,0.42,0.36,31.22,0.0,0.0,,,0.01,,24.13,47.48,1.08,55.07,0.0,0.0,28.06,906.09,,2023-01-31 16:00:00
2023-02-01 00:00:00,81.74,,4.73,14.29,9.83,11.71,0.36,0.04,31.08,0.0,0.0,,,,0.01,17.72,75.96,0.42,142.64,0.0,0.0,10.14,895.65,,2023-02-01 00:00:00
2023-02-01 08:00:00,38.76,73.25,4.73,14.16,9.76,13.2,2.16,0.22,32.62,0.0,0.0,,,,0.01,26.09,42.87,1.64,43.21,0.0,0.0,440.71,907.46,,2023-02-01 08:00:00
2023-02-01 16:00:00,43.7,66.78,4.73,16.63,11.08,12.95,1.34,0.29,31.41,0.0,0.0,,,,,24.39,51.91,1.49,42.73,0.0,0.0,28.41,905.48,,2023-02-01 16:00:00
2023-02-02 00:00:00,52.47,64.29,4.73,6.56,5.35,13.62,2.8,0.25,30.43,0.0,0.0,,,,,20.7,53.1,1.38,42.27,0.0,0.0,12.4,897.59,,2023-02-02 00:00:00
2023-02-02 08:00:00,34.0,59.42,4.73,9.37,7.21,12.82,7.6,0.46,30.83,0.0,0.0,,,0.01,,24.32,35.72,1.75,48.88,0.0,0.0,245.87,904.59,,2023-02-02 08:00:00
2023-02-02 16:00:00,48.94,58.83,4.73,13.48,9.4,13.18,3.65,0.33,31.51,0.0,0.0,,,0.01,,23.6,49.16,1.37,42.77,0.0,0.0,21.67,901.34,,2023-02-02 16:00:00
2023-02-03 00:00:00,50.55,59.2,4.73,12.22,8.73,13.31,1.73,0.39,29.99,0.0,0.0,,,0.01,0.01,19.39,60.65,0.8,58.62,0.0,0.0,11.72,896.09,,2023-02-03 00:00:00
2023-02-03 08:00:00,12.07,61.26,4.73,9.79,7.44,13.1,2.61,0.32,31.27,0.0,0.0,,,0.01,,24.67,50.89,1.24,67.55,0.0,0.0,244.79,904.3,,2023-02-03 08:00:00
2023-02-03 16:00:00,34.12,59.42,4.73,21.24,13.53,12.48,1.68,0.49,31.43,0.0,0.0,,,,0.01,24.04,58.5,0.82,80.85,0.0,0.0,16.15,901.25,,2023-02-03 16:00:00
2023-02-04 00:00:00,28.5,59.99,4.73,8.34,6.66,13.29,3.12,0.32,32.45,0.0,0.0,,,,,21.2,55.78,1.09,57.15,0.0,0.0,12.0,898.64,,2023-02-04 00:00:00
2023-02-04 08:00:00,26.81,63.03,4.73,10.11,7.61,13.27,3.69,0.57,31.44,0.0,0.0,,,,0.01,27.67,29.91,1.35,61.3,0.0,0.0,507.04,907.95,,2023-02-04 08:00:00
2023-02-04 16:00:00,32.0,59.46,4.73,12.32,8.78,9.53,2.69,0.45,31.27,0.0,0.0,,,0.01,0.01,25.5,42.77,0.98,80.09,0.0,0.0,32.92,902.82,,2023-02-04 16:00:00
2023-02-05 00:00:00,49.24,60.98,4.73,5.89,5.36,8.0,1.48,0.04,30.96,0.0,0.0,,,,,20.08,73.74,0.78,70.58,0.0,0.0,11.01,897.09,,2023-02-05 00:00:00
2023-02-05 08:00:00,14.54,63.4,4.73,5.89,5.36,8.0,5.28,0.35,31.56,0.0,0.0,,,,,28.76,24.9,1.31,61.22,0.0,0.0,526.24,910.46,,2023-02-05 08:00:00
2023-02-05 16:00:00,29.27,58.49,4.73,5.96,5.4,8.0,4.53,0.23,30.35,0.0,0.0,,,,,25.61,35.58,1.03,92.73,0.0,0.0,34.47,902.59,,2023-02-05 16:00:00
2023-02-06 00:00:00,45.55,57.54,4.73,5.58,5.2,8.0,2.33,0.19,30.12,0.0,0.0,,,0.01,,18.48,76.6,0.6,126.87,0.0,0.0,17.1,894.53,,2023-02-06 00:00:00
2023-02-06 08:00:00,29.71,58.38,4.73,5.58,5.2,8.0,6.05,0.51,30.93,0.0,0.0,,,,0.01,27.82,29.91,1.08,82.96,0.0,0.0,491.71,908.53,,2023-02-06 08:00:00
2023-02-06 16:00:00,21.03,58.2,4.73,5.62,5.22,8.0,3.47,1.54,32.05,0.0,0.0,,,0.01,0.01,22.98,44.61,0.49,99.27,0.0,0.0,33.84,898.54,,2023-02-06 16:00:00
2023-02-07 00:00:00,56.22,58.6,4.73,5.81,5.32,8.0,1.11,0.29,31.57,0.0,0.0,,,0.01,,18.61,72.54,0.66,118.19,0.0,0.0,12.48,895.13,,2023-02-07 00:00:00
2023-02-07 08:00:00,27.55,58.83,4.73,5.83,5.33,8.0,9.85,0.28,31.73,0.0,0.0,,,0.01,0.01,27.8,39.78,0.8,172.16,0.0,0.0,490.23,908.38,,2023-02-07 08:00:00
2023-02-07 16:00:00,49.63,59.0,4.73,5.88,5.36,8.0,3.68,1.56,31.12,0.0,0.0,,,0.01,0.01,24.34,49.7,0.44,108.63,0.0,0.0,31.47,899.3,,2023-02-07 16:00:00
2023-02-08 00:00:00,52.09,59.73,4.73,5.95,5.4,8.0,1.89,0.64,30.9,0.0,0.0,,,,,18.37,70.06,0.44,107.3,0.0,0.0,10.75,893.9,,2023-02-08 00:00:00
2023-02-08 08:00:00,30.96,64.95,4.73,5.97,5.4,8.0,4.97,0.61,30.88,0.0,0.0,,,0.01,0.01,28.22,39.23,1.08,82.64,0.0,0.0,461.61,908.91,,2023-02-08 08:00:00
2023-02-08 16:00:00,49.99,59.9,4.73,6.01,5.43,7.99,5.56,0.75,30.99,0.0,0.0,,,0.01,0.01,26.42,40.83,0.94,61.71,0.0,0.0,32.65,902.29,,2023-02-08 16:00:00
2023-02-09 00:00:00,27.77,61.38,4.73,6.01,5.43,8.0,3.32,0.43,30.78,0.0,0.0,,,0.01,,19.57,75.55,0.57,83.25,0.0,0.0,8.55,895.24,,2023-02-09 00:00:00
2023-02-09 08:00:00,11.68,62.44,4.73,6.03,5.44,7.99,4.97,0.63,31.32,0.0,0.0,,,,,27.82,35.62,1.35,71.15,0.0,0.0,495.68,907.76,,2023-02-09 08:00:00
2023-02-09 16:00:00,34.11,60.52,4.73,6.07,5.46,8.0,4.59,0.72,31.48,0.0,0.0,,,0.01,0.01,25.73,36.54,0.96,82.47,0.0,0.0,32.88,901.97,,2023-02-09 16:00:00
2023-02-10 00:00:00,49.57,59.92,4.73,5.6,5.21,8.0,2.99,0.51,32.19,0.0,0.0,,,0.01,0.01,19.21,66.49,0.55,116.38,0.0,0.0,10.91,894.87,,2023-02-10 00:00:00
2023-02-10 08:00:00,22.74,62.78,4.73,5.62,5.22,8.0,5.12,0.68,31.95,0.0,0.0,,,,,28.1,28.55,1.45,59.91,0.0,0.0,515.76,908.09,,2023-02-10 08:00:00
2023-02-10 16:00:00,29.05,59.5,4.73,5.64,5.23,8.0,3.25,1.03,30.69,0.0,0.0,,,0.01,0.01,25.15,31.07,0.87,78.67,0.0,0.0,32.1,901.79,,2023-02-10 16:00:00
2023-02-11 00:00:00,52.95,58.59,4.73,5.87,5.35,8.0,3.75,0.54,31.06,0.0,0.0,,,0.01,,18.39,69.28,0.57,99.18,0.0,0.0,8.27,893.87,,2023-02-11 00:00:00
2023-02-11 08:00:00,17.91,59.14,4.73,5.88,5.36,8.0,5.36,0.79,31.54,0.0,0.0,,,0.01,0.01,27.86,27.01,1.19,57.74,0.0,0.0,500.85,907.75,,2023-02-11 08:00:00
2023-02-11 16:00:00,33.01,59.51,4.73,5.92,5.38,7.99,4.96,1.1,31.8,0.0,0.0,,,0.01,0.01,25.64,29.76,0.81,66.2,0.0,0.0,35.22,902.17,,2023-02-11 16:00:00
2023-02-12 00:00:00,50.58,59.35,4.73,5.78,5.31,8.0,1.94,0.46,31.72,0.0,0.0,,,0.01,,17.02,73.13,0.48,107.09,0.0,0.0,10.96,892.27,,2023-02-12 00:00:00
2023-02-12 08:00:00,24.11,63.66,4.73,5.81,5.32,8.0,5.2,0.5,32.55,0.0,0.0,,,0.01,,28.81,26.4,1.31,87.84,0.0,0.0,545.24,908.11,,2023-02-12 08:00:00
2023-02-12 16:00:00,27.05,59.02,4.73,5.83,5.33,8.0,5.01,0.77,31.54,0.0,0.0,,,,0.01,26.56,26.78,0.99,70.87,0.0,0.0,35.41,903.85,,2023-02-12 16:00:00
2023-02-13 00:00:00,,,4.73,5.7,5.26,8.0,3.93,0.54,31.1,0.0,0.0,,,0.01,,18.39,56.83,0.52,82.45,0.0,0.0,13.39,894.15,,2023-02-13 00:00:00
2023-02-13 08:00:00,27.16,60.04,4.73,5.52,5.17,8.0,9.13,0.39,31.77,0.0,0.0,,,0.01,,28.91,26.8,1.54,55.42,0.0,0.0,536.22,911.72,,2023-02-13 08:00:00
2023-02-13 16:00:00,41.54,55.51,4.73,5.51,5.16,8.0,5.7,0.37,31.62,0.0,0.0,,,0.01,0.01,26.37,30.16,0.98,80.31,0.0,0.0,36.0,915.93,,2023-02-13 16:00:00
2023-02-14 00:00:00,48.7,58.92,4.73,5.59,5.2,8.0,5.32,0.35,33.19,0.0,0.0,,,0.01,0.01,18.47,57.49,0.62,90.24,0.0,0.0,16.2,904.53,,2023-02-14 00:00:00
2023-02-14 08:00:00,12.23,59.18,4.73,5.56,5.19,8.0,6.92,0.39,32.93,0.0,0.0,,,0.01,0.01,28.34,23.65,1.38,51.54,0.0,0.0,562.68,920.27,,2023-02-14 08:00:00
2023-02-14 16:00:00,29.76,59.23,4.73,5.57,5.19,8.0,6.05,0.71,33.12,0.0,0.0,,,0.02,0.01,25.8,27.58,0.8,87.14,0.0,0.0,40.23,914.47,,2023-02-14 16:00:00
2023-02-15 00:00:00,42.22,58.92,4.73,5.8,5.31,8.0,1.67,0.38,33.74,0.0,0.0,,,,,16.65,67.52,0.46,114.18,0.0,0.0,16.4,900.41,,2023-02-15 00:00:00
2023-02-15 08:00:00,36.42,59.4,4.73,5.78,5.3,8.0,6.49,0.38,33.4,0.0,0.0,,,0.01,0.01,28.29,27.82,1.38,37.27,0.0,0.0,548.55,919.4,,2023-02-15 08:00:00
2023-02-15 16:00:00,28.16,58.29,4.73,5.78,5.31,8.0,5.34,0.55,33.72,0.0,0.0,,,0.02,0.01,26.81,27.16,1.08,70.3,0.0,0.0,44.47,914.38,,2023-02-15 16:00:00
2023-02-16 00:00:00,,,,,,,,,,,,,,,,,,,,,0.0,,,,2023-02-16 00:00:00
2023-02-16 08:00:00,10.12,59.07,4.73,5.81,5.32,8.0,3.41,0.32,33.22,0.0,0.0,,,,0.01,31.49,15.41,1.74,41.46,0.0,0.0,543.4,925.71,,2023-02-16 08:00:00
2023-02-16 16:00:00,26.35,57.79,4.73,5.79,5.31,8.0,5.02,0.38,33.13,0.0,0.0,,,,0.01,25.96,33.5,1.16,83.08,0.0,0.0,40.69,913.86,,2023-02-16 16:00:00
2023-02-17 00:00:00,43.61,57.26,4.73,5.83,5.33,8.0,2.13,0.45,33.31,0.0,0.0,,,0.01,0.01,19.03,67.2,0.63,88.36,0.0,0.0,17.14,903.22,,2023-02-17 00:00:00
2023-02-17 08:00:00,31.38,73.18,4.73,5.82,5.33,8.0,4.01,0.71,33.18,0.0,0.0,,,0.01,0.01,28.11,23.4,1.45,54.34,0.0,0.0,561.12,918.81,,2023-02-17 08:00:00
2023-02-17 16:00:00,31.97,62.25,4.73,5.84,5.34,8.0,3.75,0.9,33.99,0.0,0.0,,,,0.01,25.66,28.49,0.92,91.48,0.0,0.0,40.89,912.9,,2023-02-17 16:00:00
2023-02-18 00:00:00,54.18,58.24,4.73,5.66,5.24,8.0,1.58,0.36,33.31,0.0,0.0,,,,,18.43,71.77,0.51,115.8,0.0,0.0,16.52,901.84,,2023-02-18 00:00:00
2023-02-18 08:00:00,23.52,64.08,4.73,5.66,5.24,8.0,5.26,0.46,33.59,0.0,0.0,,,0.01,,28.32,27.96,1.09,64.54,0.0,0.0,536.1,919.38,,2023-02-18 08:00:00
2023-02-18 16:00:00,29.57,63.76,4.73,5.65,5.24,8.0,4.05,0.64,33.5,0.0,0.0,,,0.01,,25.72,36.31,0.82,86.86,0.0,0.0,39.85,912.59,,2023-02-18 16:00:00
2023-02-19 00:00:00,25.88,61.76,4.73,5.73,5.28,7.99,1.28,0.19,33.78,0.0,0.0,,,,0.01,19.39,70.09,0.63,125.63,0.0,0.0,17.02,903.57,,2023-02-19 00:00:00
2023-02-19 08:00:00,18.18,62.56,,,,,3.55,0.3,32.5,0.0,0.0,,,,,28.09,36.8,0.9,94.56,0.0,0.0,540.17,919.66,,2023-02-19 08:00:00
2023-02-19 16:00:00,20.6,61.14,,,,,2.86,0.45,33.73,0.0,0.0,,,0.01,,26.08,39.26,0.89,96.98,0.0,0.0,41.1,913.89,,2023-02-19 16:00:00
2023-02-20 00:00:00,18.59,59.22,,,,,0.79,0.39,34.2,0.0,0.0,,,,0.01,19.4,73.42,0.66,135.87,0.0,0.0,17.17,904.01,,2023-02-20 00:00:00
2023-02-20 08:00:00,16.99,61.77,,,,,2.1,0.63,33.68,0.0,0.0,,,0.01,,27.96,40.51,0.71,173.21,0.0,0.0,511.53,919.19,,2023-02-20 08:00:00
2023-02-20 16:00:00,28.17,156.31,,,,,2.23,1.25,33.51,0.0,0.0,,,,0.01,25.36,38.62,0.71,109.08,0.0,0.0,40.33,912.22,,2023-02-20 16:00:00
2023-02-21 00:00:00,60.73,187.29,,,,,1.61,0.7,33.74,0.0,0.0,,,0.01,,20.18,52.59,0.66,100.93,0.0,0.0,17.2,905.36,,2023-02-21 00:00:00
2023-02-21 08:00:00,49.08,120.37,,,,,3.57,0.77,33.41,0.0,0.0,,,,,28.57,29.7,1.05,94.19,0.0,0.0,546.17,920.36,,2023-02-21 08:00:00
2023-02-21 16:00:00,38.22,64.49,,,,,3.56,0.97,34.45,0.0,0.0,,,,,26.65,32.26,0.86,74.8,0.0,0.0,42.03,914.17,,2023-02-21 16:00:00
2023-02-22 00:00:00,56.5,59.5,,,,,3.29,0.64,34.45,0.0,0.0,,,,,21.2,54.05,0.89,68.82,0.0,0.0,17.96,907.03,,2023-02-22 00:00:00
2023-02-22 08:00:00,32.29,60.4,,,,,6.62,0.57,34.18,0.0,0.0,,,,0.01,28.33,28.09,1.33,51.42,0.0,0.0,560.68,919.26,,2023-02-22 08:00:00
2023-02-22 16:00:00,31.9,56.84,,,,,6.37,0.52,34.18,0.0,0.0,,,,,26.65,32.27,1.11,76.75,0.0,0.0,46.61,908.08,,2023-02-22 16:00:00
2023-02-23 00:00:00,,,,,,,6.9,0.36,34.06,0.0,0.0,,,0.01,0.01,19.46,55.69,0.8,74.05,0.0,0.0,21.71,896.52,,2023-02-23 00:00:00
2023-02-23 08:00:00,32.0,53.2,,,,,6.0,0.62,35.05,0.0,0.0,,,,0.01,28.43,18.91,1.56,68.31,0.0,0.0,593.97,912.88,,2023-02-23 08:00:00
2023-02-23 16:00:00,28.06,56.84,,,,,2.8,0.8,33.96,0.0,0.0,,,,,25.82,24.7,1.0,80.44,0.0,0.0,48.75,906.66,,2023-02-23 16:00:00
2023-02-24 00:00:00,37.57,56.84,,,,,1.72,0.39,33.65,0.0,0.0,,,,0.01,17.86,69.4,0.5,134.93,0.0,0.0,21.17,893.1,,2023-02-24 00:00:00
2023-02-24 08:00:00,22.41,46.48,,,,,3.32,0.53,33.8,0.0,0.0,,,0.01,0.01,28.23,25.71,1.3,81.87,0.0,0.0,585.75,911.78,,2023-02-24 08:00:00
2023-02-24 16:00:00,41.44,102.61,4.67,6.11,6.94,7.91,2.28,0.39,33.13,0.0,0.0,,,0.01,0.01,26.67,22.04,0.96,82.29,0.0,0.0,54.22,908.38,,2023-02-24 16:00:00
2023-02-25 00:00:00,44.9,86.54,4.67,6.13,7.02,7.9,1.31,0.42,31.96,0.0,0.0,,,,0.01,18.15,64.27,0.54,77.56,0.0,0.0,25.76,892.8,,2023-02-25 00:00:00
2023-02-25 08:00:00,49.44,91.08,4.67,6.13,7.01,7.92,4.76,0.55,31.07,0.0,0.0,,,,,29.56,18.73,1.55,52.2,0.0,0.0,603.23,916.64,,2023-02-25 08:00:00
2023-02-25 16:00:00,56.5,98.14,4.67,6.14,7.05,7.95,5.49,0.68,30.79,0.0,0.0,,,0.01,0.01,27.13,23.6,1.19,90.04,0.0,0.0,49.88,909.93,,2023-02-25 16:00:00
2023-02-26 00:00:00,76.39,118.03,4.64,6.1,7.0,7.87,12.95,0.52,31.54,0.0,0.0,,,0.01,,21.04,34.53,0.9,70.95,0.0,0.0,24.26,898.87,,2023-02-26 00:00:00
2023-02-26 08:00:00,69.83,111.47,4.65,6.15,7.02,7.92,9.08,0.58,31.19,0.0,0.0,,,,0.01,28.57,18.54,1.51,58.57,0.0,0.0,590.81,914.6,,2023-02-26 08:00:00
2023-02-26 16:00:00,73.59,115.23,4.63,6.11,7.0,7.93,9.69,0.5,31.4,0.0,0.0,,,0.01,0.01,25.86,30.55,1.27,85.19,0.0,0.0,49.64,907.65,,2023-02-26 16:00:00
2023-02-27 00:00:00,65.37,107.01,4.62,6.14,7.0,7.91,5.12,0.37,31.12,0.0,0.0,,,0.01,,17.88,66.63,0.46,113.87,0.0,0.0,24.18,892.89,,2023-02-27 00:00:00
2023-02-27 08:00:00,13.13,54.77,4.65,6.11,6.98,7.91,3.93,0.62,30.13,0.0,0.0,,,0.01,0.01,27.44,22.82,1.48,75.91,0.0,0.0,612.08,912.72,,2023-02-27 08:00:00
2023-02-27 16:00:00,33.24,67.45,4.66,6.09,7.07,7.88,2.36,0.96,30.54,0.0,0.0,,,,,25.23,20.83,1.02,86.36,0.0,0.0,53.41,906.15,,2023-02-27 16:00:00
2023-02-28 00:00:00,64.28,105.92,4.64,6.15,7.02,7.93,2.08,0.53,29.71,0.0,0.0,,,,,17.51,54.86,0.55,74.5,0.0,0.0,24.44,890.64,,2023-02-28 00:00:00
2023-02-28 08:00:00,51.0,92.64,6.79,8.38,9.2,10.09,5.38,0.27,30.79,0.0,0.0,,,,,27.8,32.05,1.42,84.18,0.0,0.0,573.01,913.18,,2023-02-28 08:00:00
2023-02-28 16:00:00,57.66,99.3,14.64,16.16,17.03,17.89,4.0,0.18,31.16,0.0,0.0,,,0.01,,25.73,46.57,1.34,89.63,0.0,0.0,50.35,907.71,,2023-02-28 16:00:00
2023-03-01 00:00:00,82.99,124.63,14.64,16.12,17.06,17.9,3.48,0.08,32.0,0.0,0.0,,,0.01,,20.78,70.52,1.16,71.2,0.0,0.0,22.85,897.68,,2023-03-01 00:00:00
2023-03-01 08:00:00,44.97,86.61,14.62,16.12,17.01,17.88,2.04,0.28,30.22,0.0,0.0,,,0.01,0.01,27.58,41.18,1.43,84.26,0.0,0.0,540.41,913.01,,2023-03-01 08:00:00
2023-03-01 16:00:00,55.09,96.73,14.64,16.1,16.96,17.9,2.73,0.42,31.6,0.0,0.0,,,0.01,,25.88,43.93,1.19,85.9,0.0,0.0,41.52,907.34,,2023-03-01 16:00:00
2023-03-02 00:00:00,55.1,96.74,14.63,16.1,17.03,17.95,2.4,0.25,33.72,0.0,0.0,,,,0.01,20.39,59.48,1.13,69.23,0.0,0.0,25.94,896.53,,2023-03-02 00:00:00
2023-03-02 08:00:00,38.56,80.2,8.63,10.1,10.99,11.96,3.88,0.64,29.41,0.0,0.0,,,0.01,,27.79,19.05,1.71,73.87,0.0,0.0,622.41,913.23,,2023-03-02 08:00:00
2023-03-02 16:00:00,56.57,98.21,5.81,7.25,8.21,9.03,5.27,0.6,27.54,0.0,0.0,,,,,25.33,30.6,1.21,81.11,0.0,0.0,50.66,906.22,,2023-03-02 16:00:00
2023-03-03 00:00:00,61.79,103.43,4.65,6.16,7.04,7.92,3.11,0.7,28.49,0.0,0.0,,,0.01,,16.85,50.69,0.48,96.39,0.0,0.0,24.98,890.02,,2023-03-03 00:00:00
2023-03-03 08:00:00,48.2,89.84,4.65,6.09,7.0,7.9,7.47,0.61,28.29,0.0,0.0,,,0.01,,28.61,17.54,1.75,73.01,0.0,0.0,607.64,913.8,,2023-03-03 08:00:00
2023-03-03 16:00:00,61.88,103.52,4.64,6.16,7.06,7.94,8.65,0.59,29.48,0.0,0.0,,,0.01,0.01,25.66,29.16,1.23,74.06,0.0,0.0,50.06,907.05,,2023-03-03 16:00:00
2023-03-04 00:00:00,61.91,103.55,4.66,6.17,7.01,7.94,5.34,0.62,29.76,0.0,0.0,,,,,18.08,44.54,0.51,97.02,0.0,0.0,32.83,892.06,,2023-03-04 00:00:00
2023-03-04 08:00:00,61.49,103.13,4.65,6.1,7.01,7.96,3.53,0.68,29.11,0.0,0.0,,,,,29.01,14.02,1.76,66.11,0.0,0.0,690.78,914.57,,2023-03-04 08:00:00
2023-03-04 16:00:00,56.56,98.2,4.66,6.12,7.03,7.93,5.24,0.57,29.47,0.0,0.0,,,,0.01,26.63,28.2,1.31,78.11,0.0,0.0,75.3,908.77,,2023-03-04 16:00:00
2023-03-05 00:00:00,68.57,110.21,4.65,6.12,7.02,7.96,8.21,0.55,32.24,0.0,0.0,,,,0.01,21.03,35.35,0.81,77.53,0.0,0.0,44.13,898.9,,2023-03-05 00:00:00
2023-03-05 08:00:00,52.92,94.56,4.64,6.14,7.0,7.93,5.64,0.63,31.66,0.0,0.0,,,,,29.75,14.82,1.59,80.61,0.0,0.0,669.44,916.23,,2023-03-05 08:00:00
2023-03-05 16:00:00,60.86,102.5,4.65,6.08,7.01,7.95,7.01,0.55,31.44,0.0,0.0,,,,0.01,26.94,26.45,1.25,92.17,0.0,0.0,73.76,909.43,,2023-03-05 16:00:00
2023-03-06 00:00:00,66.16,107.8,4.65,6.1,7.04,7.96,3.38,0.36,31.64,0.0,0.0,,,0.01,,18.55,58.67,0.5,94.89,0.0,0.0,45.71,892.47,,2023-03-06 00:00:00
2023-03-06 08:00:00,49.65,91.29,10.01,11.46,12.37,13.28,4.25,0.52,30.49,0.0,0.0,,,,0.01,29.45,15.75,1.62,76.04,0.0,0.0,683.05,915.75,,2023-03-06 08:00:00
2023-03-06 16:00:00,40.67,82.31,24.63,26.1,27.01,27.94,3.7,0.52,30.21,0.0,0.0,,,,0.01,26.52,26.03,1.24,92.77,0.0,0.0,72.91,909.04,,2023-03-06 16:00:00
2023-03-07 00:00:00,54.09,95.73,24.64,26.11,27.02,27.95,6.95,0.28,30.71,0.0,0.0,,,,,20.36,52.25,0.79,68.52,0.0,0.0,48.23,896.85,,2023-03-07 00:00:00
2023-03-07 08:00:00,37.47,79.11,22.28,23.76,24.67,25.5,6.01,0.59,29.29,0.0,0.0,,,0.01,0.01,29.34,15.74,1.5,81.84,0.0,0.0,633.81,915.71,,2023-03-07 08:00:00
2023-03-07 16:00:00,42.97,84.61,14.65,16.13,17.04,17.97,3.88,0.59,28.59,0.0,0.0,,,0.01,,26.15,27.11,1.26,72.61,0.0,0.0,62.37,908.61,,2023-03-07 16:00:00
2023-03-08 00:00:00,61.34,102.98,14.64,16.11,17.03,17.9,6.29,0.29,30.65,0.0,0.0,,,,0.01,20.96,60.3,1.01,71.96,0.0,0.0,42.34,898.37,,2023-03-08 00:00:00
2023-03-08 08:00:00,34.77,76.41,14.64,16.11,17.01,17.9,6.15,0.6,30.64,0.0,0.0,,,,0.01,27.93,28.27,1.55,73.9,0.0,0.0,645.98,913.16,,2023-03-08 08:00:00
2023-03-08 16:00:00,53.82,95.46,14.64,16.13,17.04,17.91,9.29,0.77,30.42,0.0,0.0,,,0.02,,26.2,30.61,1.3,80.95,0.0,0.0,67.65,908.71,,2023-03-08 16:00:00
2023-03-09 00:00:00,55.14,96.78,14.64,16.13,17.0,17.99,2.72,0.34,32.6,0.0,0.0,,,,0.01,19.88,58.39,0.81,87.56,0.0,0.0,40.92,895.38,,2023-03-09 00:00:00
2023-03-09 08:00:00,51.63,93.27,10.43,11.88,12.83,13.72,1.56,0.78,30.55,0.0,0.0,,,0.01,,27.74,24.2,1.36,74.13,0.0,0.0,471.51,912.59,,2023-03-09 08:00:00
2023-03-09 16:00:00,64.25,105.89,7.73,9.21,10.11,10.96,1.56,0.7,29.13,0.0,0.0,,,,,25.77,35.59,1.17,80.67,0.0,0.0,63.66,907.75,,2023-03-09 16:00:00
2023-03-10 00:00:00,63.71,105.35,9.64,11.11,12.01,12.94,1.88,0.4,30.92,0.0,0.0,,,0.01,0.01,20.1,65.09,0.72,76.97,0.0,0.0,44.29,895.91,,2023-03-10 00:00:00
2023-03-10 08:00:00,45.2,86.84,11.77,13.29,14.22,15.08,3.29,0.8,30.52,0.0,0.0,,,,0.01,27.49,21.33,1.46,74.64,0.0,0.0,543.15,911.86,,2023-03-10 08:00:00
2023-03-10 16:00:00,39.86,81.5,6.36,7.8,8.73,9.66,4.28,0.77,32.03,0.0,0.0,,,0.01,,25.85,31.14,1.15,78.19,0.0,0.0,75.55,907.73,,2023-03-10 16:00:00
2023-03-11 00:00:00,79.52,121.16,4.64,6.06,7.03,7.92,3.21,0.3,32.54,0.0,0.0,,,,,18.79,72.51,0.57,93.42,0.0,0.0,42.48,892.07,,2023-03-11 00:00:00
2023-03-11 08:00:00,40.84,82.48,4.66,6.1,7.05,7.89,2.84,0.58,32.1,0.0,0.0,,,0.01,,28.81,22.91,1.48,56.29,0.0,0.0,683.09,914.54,,2023-03-11 08:00:00
2023-03-11 16:00:00,48.78,90.42,4.66,6.09,7.01,7.91,2.37,0.43,33.69,0.0,0.0,,,,0.01,26.52,38.18,1.22,70.09,0.0,0.0,69.63,909.05,,2023-03-11 16:00:00
2023-03-12 00:00:00,66.65,108.29,4.66,6.14,7.01,7.91,1.62,0.4,33.5,0.0,0.0,,,0.01,,19.82,71.78,0.85,63.72,0.0,0.0,42.95,894.89,,2023-03-12 00:00:00
2023-03-12 08:00:00,20.29,49.8,4.65,6.15,7.04,7.95,3.45,0.61,33.58,0.0,0.0,,,0.01,0.01,28.97,30.39,1.39,72.27,0.0,0.0,694.18,914.82,,2023-03-12 08:00:00
2023-03-12 16:00:00,24.53,66.17,4.66,6.13,7.03,7.91,2.22,0.52,33.41,0.0,0.0,,,0.01,,27.28,42.14,1.32,85.04,0.0,0.0,67.5,910.15,,2023-03-12 16:00:00
2023-03-13 00:00:00,67.84,109.48,4.68,6.1,7.01,7.94,0.87,0.19,32.46,0.0,0.0,,,0.01,,21.51,71.77,0.82,113.92,0.0,0.0,42.58,898.53,,2023-03-13 00:00:00
2023-03-13 08:00:00,36.48,78.12,4.67,6.1,7.05,8.01,1.69,0.51,33.47,0.0,0.0,,,0.01,0.01,29.87,34.13,1.15,84.45,0.0,0.0,622.35,916.17,,2023-03-13 08:00:00
2023-03-13 16:00:00,58.69,100.33,4.63,6.1,7.07,7.97,1.49,0.59,33.72,0.0,0.0,,,0.01,,27.5,40.38,1.14,96.05,0.0,0.0,56.06,910.12,,2023-03-13 16:00:00
2023-03-14 00:00:00,86.21,127.85,4.65,6.1,7.07,7.98,1.57,0.59,33.12,0.0,0.0,,,0.01,,21.58,67.77,0.65,90.0,0.0,0.0,37.78,898.44,,2023-03-14 00:00:00
2023-03-14 08:00:00,30.87,72.51,4.64,6.09,7.08,7.93,2.39,0.88,33.76,0.0,0.0,,,0.01,,30.68,26.36,0.91,80.8,0.0,0.0,624.1,917.5,,2023-03-14 08:00:00
2023-03-14 16:00:00,56.55,98.19,4.65,6.11,7.04,7.95,2.89,1.03,33.77,0.0,0.0,,,0.02,0.01,28.35,28.64,0.97,90.22,0.0,0.0,56.66,911.57,,2023-03-14 16:00:00
2023-03-15 00:00:00,72.37,114.01,4.66,6.17,7.0,7.92,2.77,0.65,33.73,0.0,0.0,,,,,22.64,51.38,0.63,134.96,0.0,0.0,23.75,899.33,,2023-03-15 00:00:00
2023-03-15 08:00:00,37.72,79.36,4.65,6.13,6.98,7.95,2.26,0.85,34.54,0.0,0.0,,,0.01,,33.44,20.4,0.96,77.78,0.0,0.0,535.51,921.81,,2023-03-15 08:00:00
2023-03-15 16:00:00,71.93,113.57,4.65,6.18,7.04,7.88,3.53,0.75,34.19,0.0,0.0,,,0.01,0.01,28.53,37.56,1.13,102.33,0.0,0.0,59.2,911.89,,2023-03-15 16:00:00
2023-03-16 00:00:00,153.6,192.25,5.67,7.13,8.03,7.94,2.75,0.27,34.5,0.0,0.0,,,,,22.74,77.74,0.77,132.43,0.0,0.0,38.78,899.22,,2023-03-16 00:00:00
2023-03-16 08:00:00,,,9.64,11.12,12.07,7.9,2.57,0.4,33.81,0.0,0.0,,,0.01,0.01,29.18,49.55,0.8,172.91,0.0,0.0,558.98,913.76,,2023-03-16 08:00:00
2023-03-16 16:00:00,100.09,123.04,9.65,11.14,12.04,11.96,1.56,0.54,34.25,0.0,0.0,,,,,25.33,59.98,0.8,172.46,0.0,0.0,66.24,903.71,,2023-03-16 16:00:00
2023-03-17 00:00:00,120.77,147.54,8.77,10.23,11.15,12.05,0.87,0.26,33.76,0.0,0.0,,,0.01,,21.09,88.64,0.59,124.61,0.0,0.0,39.95,896.1,,2023-03-17 00:00:00
2023-03-17 08:00:00,34.45,20.11,4.66,6.14,7.04,7.94,2.41,0.31,34.97,0.0,0.0,,,0.01,,28.5,54.68,0.73,178.13,0.0,0.0,591.88,912.48,,2023-03-17 08:00:00
2023-03-17 16:00:00,56.34,64.49,4.66,6.09,7.02,7.99,1.43,0.43,34.2,0.0,0.0,,,0.01,,26.01,62.85,0.9,130.83,0.0,0.0,68.82,904.92,,2023-03-17 16:00:00
2023-03-18 00:00:00,43.2,71.44,4.64,6.08,7.01,7.9,0.56,0.21,34.02,0.0,0.0,,,0.01,,20.84,89.24,0.7,124.91,0.0,0.0,65.68,894.76,,2023-03-18 00:00:00
2023-03-18 08:00:00,13.89,15.75,4.63,6.14,7.03,7.98,2.25,0.27,33.95,0.0,0.0,,,,0.01,27.86,55.84,0.83,163.89,0.0,0.0,562.13,911.45,,2023-03-18 08:00:00
2023-03-18 16:00:00,17.03,25.62,4.64,6.1,7.02,7.92,1.29,0.47,34.38,0.0,0.0,,,0.01,0.01,25.77,58.63,0.55,180.1,0.0,0.0,70.76,904.38,,2023-03-18 16:00:00
2023-03-19 00:00:00,39.68,67.92,4.67,6.14,7.04,7.94,1.14,0.32,34.1,0.0,0.0,,,0.01,0.01,21.58,83.81,0.63,146.52,0.0,0.0,50.09,896.22,,2023-03-19 00:00:00
2023-03-19 08:00:00,15.44,28.01,4.65,6.13,7.02,7.88,1.18,0.57,33.93,0.0,0.0,,,0.01,,28.76,40.3,1.09,234.12,0.0,0.0,631.88,913.21,,2023-03-19 08:00:00
2023-03-19 16:00:00,24.42,50.11,4.65,6.12,7.05,7.94,0.8,0.6,34.21,0.0,0.0,,,0.01,,27.16,44.6,0.7,243.64,0.0,0.0,52.4,907.96,,2023-03-19 16:00:00
2023-03-20 00:00:00,59.94,88.18,4.68,6.15,7.06,7.92,0.69,0.38,34.01,0.0,0.0,,,,0.01,21.37,72.52,0.56,172.16,0.0,0.0,39.59,896.78,,2023-03-20 00:00:00
2023-03-20 08:00:00,21.22,39.52,4.64,6.07,7.03,7.9,1.55,0.51,33.53,0.0,0.0,,,0.01,0.01,28.82,38.98,1.01,230.06,0.0,0.0,602.13,914.22,,2023-03-20 08:00:00
2023-03-20 16:00:00,14.42,38.24,4.65,6.14,7.04,7.92,1.21,0.72,33.86,0.0,0.0,,,0.01,0.01,26.73,37.43,0.41,200.29,0.0,0.0,56.47,907.61,,2023-03-20 16:00:00
2023-03-21 00:00:00,43.6,71.84,4.64,6.14,7.03,7.92,0.56,0.25,34.09,0.0,0.0,,,0.01,,19.75,69.26,0.41,131.68,0.0,0.0,38.93,894.62,,2023-03-21 00:00:00
2023-03-21 08:00:00,19.29,35.89,4.64,6.08,7.04,7.9,1.22,0.29,34.0,0.0,0.0,,,,,28.91,30.54,1.03,249.07,0.0,0.0,655.31,914.9,,2023-03-21 08:00:00
2023-03-21 16:00:00,42.24,64.71,4.66,6.16,7.03,7.95,1.25,0.99,33.99,0.0,0.0,,,0.01,0.01,26.02,34.53,0.65,174.44,0.0,0.0,61.46,906.15,,2023-03-21 16:00:00
2023-03-22 00:00:00,62.21,90.45,4.67,6.1,7.02,7.85,1.08,0.47,33.87,0.0,0.0,,,0.01,,20.08,64.23,0.51,119.54,0.0,0.0,28.77,895.05,,2023-03-22 00:00:00
2023-03-22 08:00:00,57.99,86.23,4.63,6.15,7.09,7.93,4.51,0.3,34.89,0.0,0.0,,,0.01,0.01,30.01,33.85,0.72,153.31,0.0,0.0,572.07,917.88,,2023-03-22 08:00:00
2023-03-22 16:00:00,68.89,97.13,4.65,6.11,7.01,7.97,2.42,0.35,34.1,0.0,0.0,,,0.01,,27.47,46.41,0.49,136.2,0.0,0.0,53.73,909.5,,2023-03-22 16:00:00
2023-03-23 00:00:00,64.94,93.18,4.66,6.09,7.05,7.95,1.67,0.24,34.95,0.0,0.0,,,,,21.85,72.67,0.5,145.8,0.0,0.0,27.08,897.8,,2023-03-23 00:00:00
2023-03-23 08:00:00,14.58,35.58,4.62,6.15,7.03,7.92,2.95,0.37,35.17,0.0,0.0,,,0.01,,29.89,41.54,0.69,232.77,0.0,0.0,530.83,915.57,,2023-03-23 08:00:00
2023-03-23 16:00:00,33.22,61.46,4.63,6.12,7.0,7.91,2.86,1.23,34.95,0.0,0.0,,,0.01,,28.36,40.61,0.76,176.01,0.0,0.0,67.8,910.7,,2023-03-23 16:00:00
2023-03-24 00:00:00,,,,,,,,,,,,,,,,,,,,,0.0,,,,2023-03-24 00:00:00
2023-03-24 08:00:00,,,,,,,,,,,,,,,,,,,,,0.0,,,,2023-03-24 08:00:00
2023-03-24 16:00:00,,,,,,,,,,,,,,,,,,,,,0.0,,,,2023-03-24 16:00:00
2023-03-25 00:00:00,,,,,,,,,,,,,,,,,,,,,0.0,,,,2023-03-25 00:00:00
2023-03-25 08:00:00,,,,,,,,,,,,,,,,,,,,,0.0,,,,2023-03-25 08:00:00
2023-03-25 16:00:00,,,,,,,,,,,,,,,,,,,,,0.0,,,,2023-03-25 16:00:00
2023-03-26 00:00:00,,,,,,,,,,,,,,,,,,,,,0.0,,,,2023-03-26 00:00:00
2023-03-26 08:00:00,,,,,,,,,,,,,,,,,,,,,0.0,,,,2023-03-26 08:00:00
2023-03-26 16:00:00,,,,,,,,,,,,,,,,,,,,,0.0,,,,2023-03-26 16:00:00
2023-03-27 00:00:00,,,,,,,,,,,,,,,,,,,,,0.0,,,,2023-03-27 00:00:00
2023-03-27 08:00:00,,,,,,,,,,,,,,,,,,,,,0.0,,,,2023-03-27 08:00:00
2023-03-27 16:00:00,,,,,,,,,,,,,,,,,,,,,0.0,,,,2023-03-27 16:00:00
2023-03-28 00:00:00,,,,,,,,,,,,,,,,,,,,,0.0,,,,2023-03-28 00:00:00
2023-03-28 08:00:00,17.42,46.27,4.7,6.03,7.06,7.86,1.83,0.43,35.16,0.0,0.0,,,,,34.64,20.49,0.83,169.2,0.0,0.0,531.89,915.14,,2023-03-28 08:00:00
2023-03-28 16:00:00,,,,,,,,,,,,,,,,,,,,,0.0,,,,2023-03-28 16:00:00
2023-03-29 00:00:00,,,,,,,,,,,,,,,,,,,,,0.0,,,,2023-03-29 00:00:00
2023-03-29 08:00:00,15.97,28.61,4.63,6.12,6.98,8.0,2.87,0.31,31.99,0.0,0.0,,,0.02,0.01,32.4,41.15,0.82,189.84,0.0,0.0,623.11,921.97,,2023-03-29 08:00:00
2023-03-29 16:00:00,,,,,,,,,,,,,,,,,,,,,0.0,,,,2023-03-29 16:00:00
2023-03-30 00:00:00,,,,,,,,,,,,,,,,,,,,,0.0,,,,2023-03-30 00:00:00
2023-03-30 08:00:00,17.39,28.04,4.64,6.18,7.04,7.92,2.08,0.56,32.1,0.0,0.0,,,0.01,0.01,32.5,31.28,1.03,229.82,0.0,0.0,577.42,920.59,,2023-03-30 08:00:00
2023-03-30 16:00:00,45.53,73.44,4.65,6.11,7.05,7.92,1.61,0.49,32.1,0.0,0.0,,,,,27.53,50.85,1.04,178.47,0.0,0.0,47.88,909.37,,2023-03-30 16:00:00
2023-03-31 00:00:00,56.1,90.48,4.63,6.16,7.01,7.91,0.52,0.21,32.01,0.0,0.0,,,,,22.15,75.68,0.63,148.13,0.0,0.0,32.58,898.93,,2023-03-31 00:00:00
2023-03-31 08:00:00,26.59,42.89,4.64,6.11,6.99,7.93,1.34,0.32,31.7,0.0,0.0,,,,,31.05,42.06,0.8,195.89,0.0,0.0,574.9,919.13,,2023-03-31 08:00:00
2023-03-31 16:00:00,49.19,79.33,4.64,6.11,7.06,7.9,1.47,0.64,31.7,0.0,0.0,,,,,29.54,43.11,0.81,107.3,0.0,0.0,62.57,912.72,,2023-03-31 16:00:00
2023-04-01 00:00:00,61.31,98.89,4.64,6.14,7.0,7.94,0.83,0.28,31.68,0.0,0.0,,,,0.01,23.84,67.27,0.53,136.42,0.0,0.0,22.29,901.86,,2023-04-01 00:00:00
2023-04-01 08:00:00,35.26,56.86,4.65,6.14,7.03,7.93,2.31,0.38,31.65,0.0,0.0,,,,,31.18,38.79,0.76,203.01,0.0,0.0,548.22,919.02,,2023-04-01 08:00:00
2023-04-01 16:00:00,50.75,81.86,4.66,6.09,7.05,7.98,1.44,0.36,31.66,0.0,0.0,,,,,28.91,47.4,0.62,184.96,0.0,0.0,61.67,911.29,,2023-04-01 16:00:00
2023-04-02 00:00:00,54.18,87.38,4.65,6.15,7.05,7.95,1.01,0.25,31.72,0.0,0.0,,,0.01,,23.36,71.63,0.47,157.37,0.0,0.0,27.92,900.54,,2023-04-02 00:00:00
2023-04-02 08:00:00,31.09,50.14,4.65,6.11,7.01,7.98,2.2,0.39,31.68,0.0,0.0,,,,,30.97,39.82,0.86,218.71,0.0,0.0,613.28,918.56,,2023-04-02 08:00:00
2023-04-02 16:00:00,47.8,77.1,4.66,6.11,7.04,7.94,1.92,0.37,31.69,0.0,0.0,,,,,29.43,47.07,0.93,161.79,0.0,0.0,60.26,912.83,,2023-04-02 16:00:00
2023-04-03 00:00:00,53.38,86.1,4.64,6.11,7.01,7.95,0.74,0.26,31.78,0.0,0.0,,,,,23.4,74.45,0.63,153.24,0.0,0.0,30.22,900.97,,2023-04-03 00:00:00
2023-04-03 08:00:00,28.81,46.46,4.64,6.09,7.02,7.97,1.45,0.53,31.69,0.0,0.0,,,,,31.13,42.77,0.72,144.96,0.0,0.0,592.83,919.04,,2023-04-03 08:00:00
2023-04-03 16:00:00,60.75,97.99,4.65,6.16,7.0,7.96,1.22,0.58,31.67,0.0,0.0,,,,,27.81,53.92,1.01,137.03,0.0,0.0,41.19,909.61,,2023-04-03 16:00:00
2023-04-04 00:00:00,46.46,74.94,4.66,6.14,7.01,7.93,0.44,0.19,31.82,0.0,0.0,,,,,21.6,81.24,0.51,154.67,0.0,0.0,12.42,897.57,,2023-04-04 00:00:00
2023-04-04 08:00:00,29.47,47.53,4.65,6.08,7.0,7.86,0.36,0.19,32.06,0.0,0.0,,,,,27.4,61.55,0.75,197.18,0.0,0.0,399.35,911.0,,2023-04-04 08:00:00
2023-04-04 16:00:00,40.25,64.93,4.62,6.07,6.98,7.95,0.62,0.4,32.11,0.0,0.0,,,0.01,,26.43,59.45,0.6,157.88,0.0,0.0,52.99,906.1,,2023-04-04 16:00:00
2023-04-05 00:00:00,78.39,126.44,4.66,6.1,7.07,7.91,0.38,0.35,32.12,0.0,0.0,,,0.01,,22.02,81.9,0.41,160.58,0.0,0.0,26.79,897.67,,2023-04-05 00:00:00
2023-04-05 08:00:00,21.66,34.94,4.67,6.13,7.06,7.94,1.06,0.45,31.97,0.0,0.0,,,0.01,0.01,31.24,41.36,0.67,160.65,0.0,0.0,483.92,918.66,,2023-04-05 08:00:00
2023-04-05 16:00:00,39.36,63.48,4.66,6.09,7.04,7.95,1.77,0.48,31.95,0.0,0.0,,,,,29.01,45.32,0.85,120.8,0.0,0.0,29.63,911.02,,2023-04-05 16:00:00
2023-04-06 00:00:00,62.76,101.22,4.66,6.1,7.01,7.89,0.46,0.16,32.27,0.0,0.0,,,,,23.14,76.22,0.61,140.19,0.0,0.0,27.79,900.18,,2023-04-06 00:00:00
2023-04-06 08:00:00,25.64,41.36,4.64,6.14,7.05,7.9,0.57,0.22,32.22,0.0,0.0,,,,,30.37,48.93,0.61,171.61,0.0,0.0,474.86,916.71,,2023-04-06 08:00:00
2023-04-06 16:00:00,42.83,69.09,4.67,6.12,7.03,7.94,1.18,0.47,31.92,0.0,0.0,,,,,29.03,44.98,0.91,96.67,0.0,0.0,35.5,910.45,,2023-04-06 16:00:00
2023-04-07 00:00:00,62.8,101.3,4.63,6.1,7.04,7.88,0.43,0.14,31.93,0.0,0.0,,,,,23.81,72.01,0.75,121.64,0.0,0.0,29.04,900.71,,2023-04-07 00:00:00
2023-04-07 08:00:00,31.18,50.29,4.63,6.1,7.09,7.91,4.39,0.27,31.98,0.0,0.0,,,,,30.66,42.86,1.01,119.6,0.0,0.0,582.56,917.85,,2023-04-07 08:00:00
2023-04-07 16:00:00,57.38,92.54,4.64,6.09,7.06,7.94,4.02,0.48,31.74,0.0,0.0,,,,,28.21,43.23,1.05,101.86,0.0,0.0,45.42,910.32,,2023-04-07 16:00:00
2023-04-08 00:00:00,77.86,125.58,4.66,6.06,7.02,7.94,1.93,0.16,32.01,0.0,0.0,,,,,22.82,69.66,0.55,132.51,0.0,0.0,29.21,900.68,,2023-04-08 00:00:00
2023-04-08 08:00:00,37.48,60.45,4.64,6.1,7.06,7.88,1.62,0.24,32.0,0.0,0.0,,,,,31.12,33.04,1.3,89.2,0.0,0.0,639.15,919.65,,2023-04-08 08:00:00
2023-04-08 16:00:00,40.39,65.15,4.67,6.12,7.08,7.91,0.38,0.24,31.81,0.0,0.0,,,,,28.35,38.31,1.39,87.26,0.0,0.0,57.11,912.32,,2023-04-08 16:00:00
2023-04-09 00:00:00,55.07,88.82,4.62,6.14,7.01,7.87,0.63,0.1,31.87,0.0,0.0,,,,,22.46,71.97,0.64,103.24,0.0,0.0,32.06,900.09,,2023-04-09 00:00:00
2023-04-09 08:00:00,31.43,50.7,4.65,6.11,7.0,7.92,1.86,0.34,31.86,0.0,0.0,,,,,30.61,35.2,0.96,82.08,0.0,0.0,640.19,919.53,,2023-04-09 08:00:00
2023-04-09 16:00:00,39.18,63.19,4.66,6.17,7.05,7.91,1.35,0.28,31.92,0.0,0.0,,,,,28.83,41.76,1.14,97.81,0.0,0.0,56.05,913.14,,2023-04-09 16:00:00
2023-04-10 00:00:00,59.48,95.94,4.65,6.09,7.03,7.91,0.82,0.05,31.67,0.0,0.0,,,,,23.26,72.08,0.77,81.07,0.0,0.0,32.42,900.82,,2023-04-10 00:00:00
2023-04-10 08:00:00,30.27,48.82,4.64,6.14,7.0,7.94,0.87,0.24,31.42,0.0,0.0,,,,,30.43,40.49,1.11,84.26,0.0,0.0,667.97,917.19,,2023-04-10 08:00:00
2023-04-10 16:00:00,,,,,,,,,,,,,,,,,,,,,0.0,,,,2023-04-10 16:00:00
2023-04-11 00:00:00,,,,,,,,,,,,,,,,,,,,,0.0,,,,2023-04-11 00:00:00
2023-04-11 08:00:00,26.14,42.17,4.64,6.08,7.0,7.89,1.4,0.57,31.29,0.0,0.0,,,0.01,0.01,34.29,16.37,0.88,82.32,0.0,0.0,691.1,927.43,,2023-04-11 08:00:00
2023-04-11 16:00:00,37.27,60.12,4.66,6.15,6.99,7.95,1.52,0.62,31.39,0.0,0.0,,,,0.01,29.66,29.01,1.03,94.91,0.0,0.0,59.31,914.44,,2023-04-11 16:00:00
2023-04-12 00:00:00,51.14,82.48,4.64,6.16,7.01,7.84,1.26,0.3,31.52,0.0,0.0,,,,,23.18,59.62,0.55,103.28,0.0,0.0,34.05,901.9,,2023-04-12 00:00:00
2023-04-12 08:00:00,40.96,66.07,4.63,6.1,7.06,7.92,2.66,0.65,31.48,0.0,0.0,,,,,32.92,21.24,1.24,82.35,0.0,0.0,665.43,922.98,,2023-04-12 08:00:00
2023-04-12 16:00:00,28.24,45.55,4.64,6.1,7.01,7.88,1.53,0.77,31.51,0.0,0.0,,,,,34.64,11.54,1.36,82.17,0.0,0.0,288.67,924.95,,2023-04-12 16:00:00
2023-04-13 00:00:00,,,,,,,,,,,,,,,,,,,,,0.0,,,,2023-04-13 00:00:00
2023-04-13 08:00:00,43.15,69.6,4.66,6.08,7.08,7.98,1.26,0.53,31.37,0.0,0.0,,,,,35.7,15.3,1.37,75.5,0.0,0.0,672.73,928.31,,2023-04-13 08:00:00
2023-04-13 16:00:00,49.11,79.21,4.67,6.14,7.05,7.92,7.78,0.71,31.54,0.0,0.0,,,,,30.72,22.37,1.02,87.38,0.0,0.0,53.82,916.15,,2023-04-13 16:00:00
2023-04-14 00:00:00,94.64,152.64,4.65,6.08,7.01,7.9,21.37,0.23,31.66,0.0,0.0,,,,,22.69,50.94,0.46,119.7,0.0,0.0,30.99,902.07,,2023-04-14 00:00:00
2023-04-14 08:00:00,42.36,68.32,4.64,6.08,7.06,7.95,9.78,0.23,31.64,0.0,0.0,,,,,32.9,27.59,1.03,134.19,0.0,0.0,627.66,922.8,,2023-04-14 08:00:00
2023-04-14 16:00:00,44.86,72.35,4.63,6.15,7.03,7.94,10.61,0.56,31.65,0.0,0.0,,,,,30.29,22.12,0.99,90.86,0.0,0.0,51.21,915.55,,2023-04-14 16:00:00
2023-04-15 00:00:00,59.13,95.37,4.65,6.14,7.04,7.95,3.37,0.29,31.76,0.0,0.0,,,,,21.77,50.74,0.41,128.91,0.0,0.0,29.5,900.14,,2023-04-15 00:00:00
2023-04-15 08:00:00,55.14,88.93,4.67,6.16,7.0,7.9,3.89,0.23,31.66,0.0,0.0,,,,,32.25,26.83,1.16,125.33,0.0,0.0,584.11,921.28,,2023-04-15 08:00:00
2023-04-15 16:00:00,56.1,90.48,4.67,6.09,7.06,7.93,5.3,0.64,31.85,0.0,0.0,,,,,28.91,25.89,0.93,98.06,0.0,0.0,59.86,913.0,,2023-04-15 16:00:00
2023-04-16 00:00:00,83.43,134.57,4.66,6.1,7.04,7.87,1.84,0.83,31.82,0.0,0.0,,,,,19.87,63.69,0.43,92.47,0.0,0.0,33.63,896.08,,2023-04-16 00:00:00
2023-04-16 08:00:00,68.99,111.27,4.63,6.1,6.96,7.93,14.89,0.43,31.87,0.0,0.0,,,,,33.06,21.49,1.06,126.91,0.0,0.0,648.68,923.38,,2023-04-16 08:00:00
2023-04-16 16:00:00,54.43,87.79,4.65,6.12,7.05,7.95,6.22,0.73,31.89,0.0,0.0,,,0.01,,30.5,20.81,1.07,93.41,0.0,0.0,71.16,916.09,,2023-04-16 16:00:00
2023-04-17 00:00:00,76.61,123.56,4.63,6.12,7.0,7.93,1.92,0.36,31.86,0.0,0.0,,,,,22.2,56.75,0.47,142.24,0.0,0.0,53.67,900.56,,2023-04-17 00:00:00
2023-04-17 08:00:00,61.34,98.94,4.68,6.16,7.03,7.96,9.3,0.17,31.73,0.0,0.0,,,,,30.13,46.44,0.82,143.24,0.0,0.0,579.01,918.55,,2023-04-17 08:00:00
2023-04-17 16:00:00,53.45,86.21,4.67,6.1,6.99,7.91,7.69,0.83,31.66,0.0,0.0,,,,,29.8,25.42,0.9,93.8,0.0,0.0,66.57,915.79,,2023-04-17 16:00:00
2023-04-18 00:00:00,70.9,114.36,4.66,6.03,7.04,7.98,7.7,0.37,31.82,0.0,0.0,,,,,22.38,52.97,0.48,125.66,0.0,0.0,51.29,902.49,,2023-04-18 00:00:00
2023-04-18 08:00:00,45.55,73.47,4.64,6.09,7.0,7.88,5.55,0.23,38.5,0.0,0.0,,,,,32.58,32.95,0.9,150.3,0.0,0.0,661.17,922.55,,2023-04-18 08:00:00
2023-04-18 16:00:00,44.88,72.39,4.65,6.08,7.04,7.87,6.23,0.71,51.54,0.0,0.0,,,,,30.55,27.21,0.88,107.72,0.0,0.0,65.8,915.99,,2023-04-18 16:00:00
2023-04-19 00:00:00,62.92,101.48,4.64,6.13,6.99,7.9,2.1,0.47,51.46,0.0,0.0,,,,,22.67,61.7,0.41,134.01,0.0,0.0,48.11,901.24,,2023-04-19 00:00:00
2023-04-19 08:00:00,46.85,75.56,4.66,6.15,7.01,7.89,4.03,0.45,51.54,0.0,0.0,,,,,32.88,34.38,0.72,173.62,0.0,0.0,657.78,921.13,,2023-04-19 08:00:00
2023-04-19 16:00:00,66.17,106.73,4.64,6.13,7.03,7.87,3.92,1.38,51.67,0.0,0.0,,,,,29.11,34.47,0.54,119.24,0.0,0.0,63.83,913.35,,2023-04-19 16:00:00
2023-04-20 00:00:00,84.03,135.53,4.66,6.11,7.04,7.93,1.5,0.19,51.65,0.0,0.0,,,,0.01,24.23,70.58,0.61,146.45,0.0,0.0,46.47,903.27,,2023-04-20 00:00:00
2023-04-20 08:00:00,25.84,41.67,4.66,6.13,7.05,7.92,1.53,0.23,51.4,0.0,0.0,,,,,32.35,43.91,0.8,175.28,0.0,0.0,663.71,920.09,,2023-04-20 08:00:00
2023-04-20 16:00:00,53.09,85.63,4.64,6.09,7.05,7.9,2.7,0.94,51.3,0.0,0.0,,,,,29.81,36.0,0.64,130.1,0.0,0.0,70.15,914.05,,2023-04-20 16:00:00
2023-04-21 00:00:00,80.23,129.4,4.65,6.17,7.05,7.89,0.67,0.18,51.45,0.0,0.0,,,,,23.92,72.11,0.69,141.1,0.0,0.0,55.38,902.2,,2023-04-21 00:00:00
2023-04-21 08:00:00,23.4,37.75,4.65,6.12,7.04,7.93,0.44,0.09,51.49,0.0,0.0,,,,,31.26,48.59,0.88,210.79,0.0,0.0,604.18,918.14,,2023-04-21 08:00:00
2023-04-21 16:00:00,51.7,83.4,4.65,6.13,6.98,7.86,0.49,0.49,51.54,0.0,0.0,,,,,27.04,55.18,1.03,118.05,0.0,0.0,43.21,907.84,,2023-04-21 16:00:00
2023-04-22 00:00:00,61.01,98.4,4.65,6.11,7.03,7.91,0.58,0.42,51.38,0.0,0.0,,,,0.01,24.41,69.27,0.67,186.75,0.0,0.0,40.05,903.07,,2023-04-22 00:00:00
2023-04-22 08:00:00,35.64,57.48,4.65,6.13,7.04,7.92,1.03,0.5,51.36,0.0,0.0,,,,0.01,31.23,44.66,0.95,212.38,0.0,0.0,582.07,917.66,,2023-04-22 08:00:00
2023-04-22 16:00:00,54.19,87.4,4.66,6.16,6.98,7.85,1.13,0.58,51.48,0.0,0.0,,,,,27.6,53.14,0.66,195.99,0.0,0.0,55.39,908.95,,2023-04-22 16:00:00
2023-04-23 00:00:00,55.13,88.92,4.61,6.1,7.0,7.87,0.5,0.2,51.49,0.0,0.0,,,0.01,,24.36,68.84,0.61,180.88,0.0,0.0,47.96,902.79,,2023-04-23 00:00:00
2023-04-23 08:00:00,29.81,48.08,4.65,6.1,7.0,7.93,0.9,0.34,51.44,0.0,0.0,,,,,32.16,37.3,0.85,244.27,0.0,0.0,622.26,919.43,,2023-04-23 08:00:00
2023-04-23 16:00:00,45.41,73.24,4.64,6.14,6.98,7.9,0.87,0.38,51.35,0.0,0.0,,,,,29.82,43.79,0.86,186.06,0.0,0.0,70.45,914.09,,2023-04-23 16:00:00
2023-04-24 00:00:00,60.0,96.78,4.65,6.1,7.02,7.96,0.14,0.11,51.34,0.0,0.0,,,,,24.26,72.8,0.86,125.81,0.0,0.0,46.85,902.92,,2023-04-24 00:00:00
2023-04-24 08:00:00,22.17,35.76,4.65,6.1,6.99,7.9,0.42,0.21,51.27,0.0,0.0,,,,0.01,32.09,42.31,0.89,123.46,0.0,0.0,558.6,920.06,,2023-04-24 08:00:00
2023-04-24 16:00:00,35.25,56.85,4.65,6.12,7.04,7.91,0.62,0.23,51.28,0.0,0.0,,,,,29.41,51.44,1.19,113.23,0.0,0.0,53.59,913.08,,2023-04-24 16:00:00
2023-04-25 00:00:00,50.9,82.09,4.65,6.12,7.0,7.89,0.35,0.15,51.12,0.0,0.0,,,,,24.64,76.14,0.96,117.22,0.0,0.0,32.51,903.92,,2023-04-25 00:00:00
2023-04-25 08:00:00,23.72,38.26,4.67,6.16,7.02,7.9,1.41,0.37,51.25,0.0,0.0,,,,,30.84,46.54,1.03,105.11,0.0,0.0,498.51,917.08,,2023-04-25 08:00:00
2023-04-25 16:00:00,30.47,49.15,4.68,6.13,7.01,7.92,1.05,0.44,51.29,0.0,0.0,,,,,28.5,50.65,0.91,131.54,0.0,0.0,36.11,911.6,,2023-04-25 16:00:00
2023-04-26 00:00:00,38.94,62.8,4.64,6.11,7.07,7.85,0.61,0.33,51.48,0.0,0.0,,,,,24.09,74.55,0.63,146.78,0.0,0.0,43.51,902.75,,2023-04-26 00:00:00
2023-04-26 08:00:00,25.95,41.85,4.63,6.08,6.98,7.95,1.44,0.62,51.42,0.0,0.0,,,,,30.86,44.18,0.9,134.56,0.0,0.0,555.04,917.62,,2023-04-26 08:00:00
2023-04-26 16:00:00,52.36,84.45,4.67,6.11,7.01,7.9,2.67,0.66,51.18,0.0,0.0,,,0.01,,28.9,46.79,0.79,118.51,0.0,0.0,35.25,911.29,,2023-04-26 16:00:00
2023-04-27 00:00:00,81.62,131.64,4.64,6.11,7.04,7.9,1.01,0.06,51.21,0.0,0.0,,,,,24.34,73.35,0.7,138.8,0.0,0.0,35.22,903.05,,2023-04-27 00:00:00
2023-04-27 08:00:00,12.78,20.6,4.66,6.13,7.09,7.95,2.65,0.27,51.16,0.0,0.0,,,0.01,,31.28,45.16,0.93,123.69,0.0,0.0,568.41,916.97,,2023-04-27 08:00:00
2023-04-27 16:00:00,42.17,68.01,4.64,6.15,7.02,7.89,1.23,0.3,51.14,0.0,0.0,,,,,29.2,46.02,1.29,108.8,0.0,0.0,57.27,913.29,,2023-04-27 16:00:00
2023-04-28 00:00:00,68.47,110.44,4.65,6.15,7.06,7.88,1.87,0.07,51.17,0.0,0.0,,,,,23.97,72.01,0.91,117.87,0.0,0.0,41.19,903.33,,2023-04-28 00:00:00
2023-04-28 08:00:00,13.05,21.05,4.66,6.12,7.02,7.9,4.12,0.16,51.28,0.0,0.0,,,,,31.34,43.56,0.88,120.02,0.0,0.0,561.4,919.87,,2023-04-28 08:00:00
2023-04-28 16:00:00,43.54,70.22,4.66,6.09,7.05,7.95,2.41,0.3,51.24,0.0,0.0,,,0.01,,29.7,44.16,1.12,113.34,0.0,0.0,49.25,914.13,,2023-04-28 16:00:00
2023-04-29 00:00:00,67.99,109.66,4.65,6.15,7.04,7.94,4.15,0.1,51.64,0.0,0.0,,,,,25.01,67.76,0.61,150.34,0.0,0.0,40.31,905.36,,2023-04-29 00:00:00
2023-04-29 08:00:00,31.19,50.3,4.62,6.13,7.03,7.88,1.93,0.23,51.6,0.0,0.0,,,0.01,,29.43,52.77,0.92,141.34,0.0,0.0,455.43,916.53,,2023-04-29 08:00:00
2023-04-29 16:00:00,59.04,95.23,4.64,6.13,6.99,7.94,2.37,0.22,51.58,0.0,0.0,,,,,27.28,61.33,1.13,106.95,0.0,0.0,48.44,909.74,,2023-04-29 16:00:00
2023-04-30 00:00:00,67.52,108.9,4.66,6.06,6.98,7.94,0.76,0.24,51.49,0.0,0.0,,,0.01,,23.13,83.69,0.57,172.59,0.0,0.0,34.49,901.39,,2023-04-30 00:00:00
2023-04-30 08:00:00,17.14,27.65,4.65,6.2,6.97,7.95,1.44,0.4,51.32,0.0,0.0,,,,0.01,30.13,50.02,0.94,129.09,0.0,0.0,485.83,917.8,,2023-04-30 08:00:00
2023-04-30 16:00:00,31.1,50.16,4.68,6.12,7.06,7.96,1.28,0.42,51.48,0.0,0.0,,,0.01,,27.78,58.57,0.87,137.67,0.0,0.0,42.43,910.6,,2023-04-30 16:00:00
2023-05-01 00:00:00,49.23,79.41,4.66,6.16,7.02,7.93,0.52,0.36,51.77,0.0,0.0,,,,,22.38,92.54,0.62,180.12,0.0,0.0,25.46,900.0,,2023-05-01 00:00:00
2023-05-01 08:00:00,16.43,26.5,4.65,6.13,7.05,7.92,0.45,0.58,51.7,0.0,0.0,,,,,29.16,54.34,1.0,208.17,0.0,0.0,524.72,914.87,,2023-05-01 08:00:00
2023-05-01 16:00:00,28.14,45.4,4.65,6.12,7.04,7.89,0.43,0.46,51.75,0.0,0.0,,,,,23.74,82.98,1.14,117.2,0.0,0.0,21.08,903.02,,2023-05-01 16:00:00
2023-05-02 00:00:00,22.45,36.2,4.65,6.14,7.02,7.9,0.19,0.33,51.82,0.0,0.0,,,,,21.02,94.31,0.54,142.05,0.0,0.0,30.52,897.44,,2023-05-02 00:00:00
2023-05-02 08:00:00,15.46,24.94,4.66,6.14,7.05,7.89,0.45,0.6,51.68,0.0,0.0,,,,,28.41,60.36,0.67,125.03,0.0,0.0,508.34,911.19,,2023-05-02 08:00:00
2023-05-02 16:00:00,25.75,41.53,4.69,6.11,6.99,7.88,0.48,0.47,51.62,0.0,0.0,,,,,27.44,63.84,0.92,100.45,0.0,0.0,39.41,909.33,,2023-05-02 16:00:00
2023-05-03 00:00:00,26.13,42.14,4.64,6.14,7.0,7.92,0.29,0.16,51.65,0.0,0.0,,,,,22.34,88.74,0.66,181.22,0.0,0.0,18.65,899.26,,2023-05-03 00:00:00
2023-05-03 08:00:00,22.07,35.6,4.65,6.1,7.06,7.95,0.26,0.18,51.58,0.0,0.0,,,,,26.17,74.9,0.65,228.49,0.0,0.0,274.82,908.24,,2023-05-03 08:00:00
2023-05-03 16:00:00,48.1,77.58,4.65,6.12,7.05,7.88,0.86,0.93,51.6,0.0,0.0,,,0.01,,25.21,81.65,0.59,150.79,0.0,0.0,51.33,904.8,,2023-05-03 16:00:00
2023-05-04 00:00:00,43.62,70.35,4.66,6.11,7.09,7.95,0.13,0.24,51.62,0.0,0.0,,,,,22.24,94.77,0.5,127.36,0.0,0.0,26.94,898.93,,2023-05-04 00:00:00
2023-05-04 08:00:00,20.28,32.71,4.66,6.11,7.07,7.89,0.12,0.35,51.65,0.0,0.0,,,,,28.61,62.21,0.6,217.48,0.0,0.0,442.95,913.72,,2023-05-04 08:00:00
2023-05-04 16:00:00,33.05,53.31,4.64,6.09,7.06,7.92,,0.43,51.67,0.0,0.0,,,,,24.83,75.6,0.89,125.33,0.0,0.0,48.56,904.49,,2023-05-04 16:00:00
2023-05-05 00:00:00,41.97,67.7,4.65,6.14,7.04,7.92,,0.24,51.64,0.0,0.0,,,,,21.44,93.5,0.53,165.19,0.0,0.0,20.89,897.13,,2023-05-05 00:00:00
2023-05-05 08:00:00,20.58,33.19,4.65,6.07,6.97,7.95,,0.23,51.62,0.0,0.0,,,,,27.3,64.07,1.02,243.63,0.0,0.0,450.37,910.22,,2023-05-05 08:00:00
2023-05-05 16:00:00,28.98,46.75,4.63,6.13,7.04,7.93,,0.4,51.62,0.0,0.0,,,,,25.89,70.59,0.76,152.57,0.0,0.0,44.42,905.95,,2023-05-05 16:00:00
2023-05-06 00:00:00,46.22,74.55,4.65,6.09,7.05,7.92,,0.19,51.65,0.0,0.0,,,,0.01,22.94,86.33,0.59,156.34,0.0,0.0,39.76,900.32,,2023-05-06 00:00:00
2023-05-06 08:00:00,29.38,47.38,4.66,6.12,7.03,7.9,,0.19,51.65,0.0,0.0,,,,,27.14,67.09,0.94,225.56,0.0,0.0,380.85,910.39,,2023-05-06 08:00:00
2023-05-06 16:00:00,58.86,94.93,4.65,6.13,6.96,7.93,,0.27,51.55,0.0,0.0,,,,,22.92,90.43,0.68,139.5,0.0,0.0,15.0,899.71,,2023-05-06 16:00:00
2023-05-07 00:00:00,27.03,43.6,4.63,6.14,7.01,7.9,,0.18,51.55,0.0,0.0,,,,,21.76,91.53,0.71,201.28,0.0,0.0,17.59,897.54,,2023-05-07 00:00:00
2023-05-07 08:00:00,23.02,37.14,4.64,6.11,7.03,7.89,,0.18,51.55,0.0,0.0,,,,,26.32,72.85,1.02,243.13,0.0,0.0,334.1,908.12,,2023-05-07 08:00:00
2023-05-07 16:00:00,46.85,75.57,4.67,6.17,7.04,7.85,,0.58,51.57,0.0,0.0,,,,,25.02,76.56,0.65,165.68,0.0,0.0,38.16,903.94,,2023-05-07 16:00:00
2023-05-08 00:00:00,64.82,104.54,4.66,6.18,7.0,7.94,,0.17,51.64,0.0,0.0,,,,,23.01,91.56,0.5,184.79,0.0,0.0,26.1,899.81,,2023-05-08 00:00:00
2023-05-08 08:00:00,12.87,20.76,4.67,6.09,7.01,7.95,,0.12,51.68,0.0,0.0,,,,,28.02,67.14,0.95,243.25,0.0,0.0,357.26,911.65,,2023-05-08 08:00:00
2023-05-08 16:00:00,37.1,59.84,4.64,6.16,7.01,7.9,,0.64,51.62,0.0,0.0,,,,0.01,22.0,96.44,0.57,132.68,0.0,0.0,9.89,898.62,,2023-05-08 16:00:00
2023-05-09 00:00:00,27.84,44.9,4.65,6.14,7.07,7.89,,0.1,51.67,0.0,0.0,,,0.01,0.01,21.3,96.29,0.44,157.38,0.0,0.0,45.1,896.79,,2023-05-09 00:00:00
2023-05-09 08:00:00,18.28,29.49,4.63,6.13,7.06,7.88,,0.09,51.54,0.0,0.0,,,,,29.9,58.56,0.78,237.87,0.0,0.0,508.53,916.02,,2023-05-09 08:00:00
2023-05-09 16:00:00,37.24,60.06,4.65,6.14,7.0,7.91,,0.36,51.56,0.0,0.0,,,0.01,0.01,24.96,77.86,0.44,166.44,0.0,0.0,33.96,904.12,,2023-05-09 16:00:00
2023-05-10 00:00:00,55.65,89.75,4.64,6.1,7.03,8.0,,0.2,51.59,0.0,0.0,,,0.01,,22.86,91.32,0.54,180.29,0.0,0.0,43.73,899.46,,2023-05-10 00:00:00
2023-05-10 08:00:00,21.38,34.49,4.63,6.1,6.99,7.89,,0.32,51.56,0.0,0.0,,,0.01,0.01,31.19,52.05,0.58,205.48,0.0,0.0,563.54,918.76,,2023-05-10 08:00:00
2023-05-10 16:00:00,46.99,75.79,4.65,6.13,7.08,7.95,,0.69,51.6,0.0,0.0,,,0.01,0.01,28.87,59.64,0.57,91.72,0.0,0.0,56.43,911.13,,2023-05-10 16:00:00
2023-05-11 00:00:00,72.16,116.39,4.65,6.12,7.05,7.92,,0.24,51.66,0.0,0.0,,,,0.01,24.58,84.33,0.62,136.07,0.0,0.0,30.15,903.01,,2023-05-11 00:00:00
2023-05-11 08:00:00,17.29,27.9,4.68,6.14,7.0,7.93,0.41,0.32,51.68,0.0,0.0,,,0.01,0.01,29.97,60.47,0.69,223.65,0.0,0.0,444.75,916.3,,2023-05-11 08:00:00
2023-05-11 16:00:00,53.55,86.37,4.67,6.11,7.02,7.98,0.53,0.5,51.57,0.0,0.0,,,0.01,0.01,25.09,71.65,0.73,143.26,0.0,0.0,22.2,904.18,,2023-05-11 16:00:00
2023-05-12 00:00:00,63.34,102.16,4.65,6.12,7.07,7.95,0.44,0.19,51.62,0.0,0.0,,,0.01,,20.82,94.09,0.48,140.84,0.0,0.0,32.17,896.08,,2023-05-12 00:00:00
2023-05-12 08:00:00,24.54,39.58,4.66,6.1,7.04,7.93,0.39,0.09,51.55,0.0,0.0,,,,0.01,30.07,57.71,0.97,220.98,0.0,0.0,595.11,916.75,,2023-05-12 08:00:00
2023-05-12 16:00:00,38.77,62.54,4.66,6.07,7.03,7.96,0.74,0.36,51.63,0.0,0.0,,,0.01,0.01,26.88,64.86,0.61,165.34,0.0,0.0,39.49,907.27,,2023-05-12 16:00:00
2023-05-13 00:00:00,68.73,110.86,4.64,6.07,7.01,7.95,0.06,0.11,51.61,0.0,0.0,,,0.01,,23.05,83.47,0.65,161.06,0.0,0.0,20.92,900.15,,2023-05-13 00:00:00
2023-05-13 08:00:00,23.62,38.09,4.67,6.14,7.04,7.92,0.02,0.05,51.58,0.0,0.0,,,0.01,,28.93,64.8,0.99,208.22,0.0,0.0,448.47,914.09,,2023-05-13 08:00:00
2023-05-13 16:00:00,37.68,60.78,4.63,6.17,7.0,7.94,0.04,0.16,51.58,0.0,0.0,,,,,27.11,65.47,0.63,185.38,0.0,0.0,47.09,907.82,,2023-05-13 16:00:00
2023-05-14 00:00:00,59.03,95.2,4.64,6.13,7.05,7.92,0.23,0.18,51.62,0.0,0.0,,,0.01,,22.92,87.25,0.58,173.01,0.0,0.0,19.76,900.02,,2023-05-14 00:00:00
2023-05-14 08:00:00,18.16,29.29,4.67,6.11,7.06,7.9,0.23,0.19,51.56,0.0,0.0,,,,0.01,30.01,56.89,1.24,237.09,0.0,0.0,601.0,915.35,,2023-05-14 08:00:00
2023-05-14 16:00:00,48.83,78.76,4.65,6.14,7.03,7.92,0.72,0.71,51.54,0.0,0.0,,,0.01,0.01,27.98,62.58,0.65,169.56,0.0,0.0,56.41,909.13,,2023-05-14 16:00:00
2023-05-15 00:00:00,77.54,125.07,4.64,6.1,7.05,7.89,0.05,0.09,51.5,0.0,0.0,,,0.01,0.01,24.22,84.38,0.49,151.71,0.0,0.0,37.13,902.33,,2023-05-15 00:00:00
2023-05-15 08:00:00,18.89,30.46,4.65,6.13,7.04,7.91,0.07,0.24,51.5,0.0,0.0,,,0.01,0.01,30.94,51.65,1.1,228.22,0.0,0.0,619.59,917.32,,2023-05-15 08:00:00
2023-05-15 16:00:00,53.91,86.95,4.66,6.1,6.98,7.93,0.72,0.94,51.53,0.0,0.0,,,0.01,0.01,28.15,57.82,0.61,166.0,0.0,0.0,57.49,910.11,,2023-05-15 16:00:00
2023-05-16 00:00:00,76.61,123.57,4.66,6.1,7.08,7.92,0.05,0.2,51.54,0.0,0.0,,,0.01,0.01,23.3,84.39,0.62,131.11,0.0,0.0,37.74,901.13,,2023-05-16 00:00:00
2023-05-16 08:00:00,25.28,40.77,4.68,6.18,7.03,7.98,0.1,0.22,51.43,0.0,0.0,,,0.01,0.01,31.74,49.63,0.9,230.31,0.0,0.0,635.47,920.01,,2023-05-16 08:00:00
2023-05-16 16:00:00,48.96,78.97,4.65,6.09,7.01,7.91,0.84,1.16,51.46,0.0,0.0,,,0.02,0.01,29.72,49.03,0.54,187.34,0.0,0.0,60.64,913.68,,2023-05-16 16:00:00
2023-05-17 00:00:00,84.95,137.02,4.63,6.14,7.08,7.95,0.25,0.43,51.37,0.0,0.0,,,0.01,0.01,23.98,74.48,0.45,141.82,0.0,0.0,33.79,902.42,,2023-05-17 00:00:00
2023-05-17 08:00:00,42.97,69.31,4.62,6.11,7.08,7.94,0.34,0.32,51.37,0.0,0.0,,,,,32.62,42.46,0.57,188.43,0.0,0.0,503.55,921.67,,2023-05-17 08:00:00
2023-05-17 16:00:00,76.64,123.61,4.62,6.14,6.99,7.97,0.16,0.51,51.34,0.0,0.0,,,0.01,0.01,29.28,53.33,0.42,131.35,0.0,0.0,25.9,913.01,,2023-05-17 16:00:00
2023-05-18 00:00:00,64.42,103.91,4.66,6.04,7.02,7.86,0.26,0.19,51.34,0.0,0.0,,,0.01,,25.55,71.63,0.51,161.89,0.0,0.0,40.76,905.82,,2023-05-18 00:00:00
2023-05-18 08:00:00,31.84,51.36,4.67,6.1,7.05,7.95,0.26,0.3,51.31,0.0,0.0,,,,,32.52,45.94,0.77,209.45,0.0,0.0,517.56,920.94,,2023-05-18 08:00:00
2023-05-18 16:00:00,60.98,98.35,4.65,6.13,7.06,7.81,0.42,0.46,51.37,0.0,0.0,,,0.01,,26.52,61.15,0.56,162.2,0.0,0.0,31.26,908.32,,2023-05-18 16:00:00
2023-05-19 00:00:00,65.47,105.59,4.66,6.11,7.02,7.94,0.21,0.19,51.37,0.0,0.0,,,,,23.3,77.65,0.49,136.32,0.0,0.0,38.03,901.39,,2023-05-19 00:00:00
2023-05-19 08:00:00,27.31,44.04,4.65,6.13,7.01,7.91,0.74,0.36,51.25,0.0,0.0,,,0.01,0.01,32.92,40.09,0.84,246.49,0.0,0.0,593.61,921.31,,2023-05-19 08:00:00
2023-05-19 16:00:00,63.31,102.12,4.66,6.14,7.04,7.9,1.06,0.34,51.34,0.0,0.0,,,0.01,0.01,30.47,48.19,0.74,173.19,0.0,0.0,59.42,914.78,,2023-05-19 16:00:00
2023-05-20 00:00:00,60.28,97.22,4.64,6.11,7.03,7.93,0.32,0.02,51.37,0.0,0.0,,,0.01,,24.48,83.49,0.74,177.91,0.0,0.0,27.67,903.83,,2023-05-20 00:00:00
2023-05-20 08:00:00,24.81,40.02,4.66,6.12,7.01,7.96,0.45,0.23,51.35,0.0,0.0,,,0.01,0.01,31.68,49.2,0.72,245.16,0.0,0.0,560.51,919.44,,2023-05-20 08:00:00
2023-05-20 16:00:00,59.18,95.44,4.65,6.16,7.03,7.9,0.71,0.37,51.35,0.0,0.0,,,0.01,0.01,24.64,71.3,0.77,138.52,0.0,0.0,26.29,904.5,,2023-05-20 16:00:00
2023-05-21 00:00:00,52.36,84.46,4.62,6.1,7.02,7.97,0.24,0.35,51.34,0.0,0.0,,,,0.01,22.44,81.54,0.44,155.69,0.0,0.0,40.34,899.64,,2023-05-21 00:00:00
2023-05-21 08:00:00,23.28,37.55,4.66,6.14,7.05,7.93,0.24,0.29,51.35,0.0,0.0,,,0.01,0.01,30.07,56.69,0.95,163.15,0.0,0.0,578.16,917.43,,2023-05-21 08:00:00
2023-05-21 16:00:00,94.24,152.0,4.7,6.15,7.08,7.93,0.47,0.61,51.35,0.0,0.0,,,0.01,,22.32,88.56,0.52,148.74,0.0,0.0,6.52,899.54,,2023-05-21 16:00:00
2023-05-22 00:00:00,64.6,104.19,4.68,6.11,7.05,7.94,0.03,0.17,51.35,0.0,0.0,,,,0.01,22.0,88.58,0.5,145.38,0.0,0.0,40.53,898.83,,2023-05-22 00:00:00
2023-05-22 08:00:00,14.49,23.37,4.65,6.1,6.96,7.93,0.08,0.25,51.33,0.0,0.0,,,0.01,,30.39,52.77,0.7,196.72,0.0,0.0,563.68,917.56,,2023-05-22 08:00:00
2023-05-22 16:00:00,42.08,67.88,4.63,6.15,7.0,7.9,0.24,0.29,51.4,0.0,0.0,,,0.01,0.01,24.42,76.54,0.75,157.7,0.0,0.0,34.25,904.34,,2023-05-22 16:00:00
2023-05-23 00:00:00,53.8,86.78,4.65,6.14,7.1,7.97,0.08,0.18,51.36,0.0,0.0,,,0.01,0.01,21.07,93.96,0.45,150.67,0.0,0.0,37.03,897.12,,2023-05-23 00:00:00
2023-05-23 08:00:00,19.61,31.63,4.65,6.13,7.02,7.9,0.21,0.31,51.35,0.0,0.0,,,0.01,0.01,30.89,52.79,0.7,178.79,0.0,0.0,600.0,917.26,,2023-05-23 08:00:00
2023-05-23 16:00:00,42.26,68.16,4.67,6.1,7.08,7.93,0.31,0.34,51.38,0.0,0.0,,,0.01,0.01,29.1,63.28,0.74,158.18,0.0,0.0,52.74,898.58,,2023-05-23 16:00:00
2023-05-24 00:00:00,70.58,113.84,4.64,6.09,7.02,8.0,0.21,0.19,51.42,0.0,0.0,,,,,20.05,86.94,0.44,143.08,0.0,0.0,38.05,888.58,,2023-05-24 00:00:00
2023-05-24 08:00:00,12.68,20.45,4.65,6.16,7.03,7.93,0.22,0.09,51.4,0.0,0.0,,,,0.01,29.57,59.18,0.79,217.68,0.0,0.0,605.04,914.52,,2023-05-24 08:00:00
2023-05-24 16:00:00,39.82,64.23,4.64,6.13,7.05,7.9,0.15,,51.91,,,,,,,27.52,61.42,0.57,174.08,0.0,0.0,47.36,906.49,,2023-05-24 16:00:00
2023-05-25 00:00:00,47.82,77.13,4.64,6.11,7.01,7.93,0.03,,52.31,,,,,,,22.26,85.53,0.61,144.88,0.0,0.0,30.7,895.71,,2023-05-25 00:00:00
2023-05-25 08:00:00,17.07,27.54,4.65,6.14,7.08,7.9,0.46,,52.0,,,,,,,29.79,59.38,0.93,230.72,0.0,0.0,560.17,910.64,,2023-05-25 08:00:00
2023-05-25 16:00:00,37.63,60.69,4.62,6.12,7.09,7.97,0.21,,51.43,,,,,,,24.57,73.82,0.74,222.82,0.0,0.0,24.27,901.37,,2023-05-25 16:00:00
2023-05-26 00:00:00,51.8,83.56,4.64,6.1,7.04,7.98,0.19,,51.43,,,,,,,22.46,91.03,0.5,168.21,0.0,0.0,28.03,897.23,,2023-05-26 00:00:00
2023-05-26 08:00:00,17.48,28.2,4.65,6.12,7.01,7.96,0.38,,51.45,,,,,,,29.72,54.12,1.09,248.01,0.0,0.0,597.89,912.31,,2023-05-26 08:00:00
2023-05-26 16:00:00,30.74,49.58,4.65,6.08,7.03,7.94,0.25,,51.36,,,,,,,27.88,60.68,0.58,186.83,0.0,0.0,51.96,908.89,,2023-05-26 16:00:00
2023-05-27 00:00:00,53.62,86.48,4.64,6.1,7.01,7.92,0.1,,51.41,,,,,,,22.61,87.45,0.64,189.26,0.0,0.0,34.17,898.22,,2023-05-27 00:00:00
2023-05-27 08:00:00,22.46,36.23,4.65,6.1,7.02,7.96,0.07,,51.27,,,,,,,30.25,54.41,0.99,254.08,0.0,0.0,604.58,916.09,,2023-05-27 08:00:00
2023-05-27 16:00:00,43.41,70.02,4.64,6.15,7.04,7.94,0.42,,51.57,,,,,,,28.07,62.35,0.61,186.69,0.0,0.0,54.76,908.21,,2023-05-27 16:00:00
2023-05-28 00:00:00,57.2,92.25,4.64,6.12,7.04,7.87,0.55,,51.46,,,,,,,23.57,82.83,0.52,157.17,0.0,0.0,33.86,899.41,,2023-05-28 00:00:00
2023-05-28 08:00:00,23.0,37.09,4.66,6.14,7.04,7.92,0.52,,51.07,,,,,,,31.21,48.08,0.92,251.69,0.0,0.0,610.66,918.09,,2023-05-28 08:00:00
2023-05-28 16:00:00,37.58,60.62,4.66,6.09,7.03,7.95,0.89,,51.22,,,,,,,28.65,56.02,0.7,180.67,0.0,0.0,50.91,909.71,,2023-05-28 16:00:00
2023-05-29 00:00:00,43.92,70.85,4.65,6.14,7.01,7.94,0.52,,51.33,,,,,,,24.34,73.66,0.53,170.73,0.0,0.0,33.75,901.13,,2023-05-29 00:00:00
2023-05-29 08:00:00,44.85,72.33,4.68,6.12,7.0,7.94,0.47,,51.4,,,,,,,28.64,63.49,0.74,209.55,0.0,0.0,349.72,913.02,,2023-05-29 08:00:00
2023-05-29 16:00:00,92.48,149.17,4.67,6.15,7.05,7.9,1.26,,51.44,,,,,,,23.82,91.53,0.37,150.94,0.0,0.0,21.07,899.95,,2023-05-29 16:00:00
2023-05-30 00:00:00,52.28,84.33,4.65,6.14,7.07,7.93,0.16,,51.71,,,,,,,23.1,90.23,0.49,137.99,0.0,0.0,31.86,898.03,,2023-05-30 00:00:00
2023-05-30 08:00:00,38.04,61.36,4.63,6.1,7.04,7.93,0.08,,51.68,,,,,,,28.53,63.76,0.8,200.72,0.0,0.0,426.28,912.89,,2023-05-30 08:00:00
2023-05-30 16:00:00,59.39,95.78,4.66,6.1,6.98,7.93,0.21,,51.72,,,,,,,22.37,85.77,0.88,139.21,0.0,0.0,21.51,897.31,,2023-05-30 16:00:00
2023-05-31 00:00:00,54.79,88.38,4.66,6.08,7.03,7.91,0.55,,51.59,,,,,,,20.83,94.52,0.46,134.99,0.0,0.0,37.34,894.54,,2023-05-31 00:00:00
2023-05-31 08:00:00,22.26,35.9,4.65,6.11,7.04,7.94,0.46,,51.51,,,,,,,29.6,58.55,0.77,246.3,0.0,0.0,572.57,915.24,,2023-05-31 08:00:00
2023-05-31 16:00:00,39.9,64.36,4.67,6.17,7.06,7.97,0.75,,51.68,,,,,,,27.22,68.19,0.59,158.49,0.0,0.0,52.99,907.0,,2023-05-31 16:00:00
2023-06-01 00:00:00,40.84,65.87,4.62,6.14,7.05,7.9,0.1,,51.66,,,,,,,22.2,81.73,0.53,186.5,0.0,0.0,21.33,897.22,,2023-06-01 00:00:00
2023-06-01 08:00:00,36.85,59.43,4.66,6.08,7.01,7.9,0.09,,51.58,,,,,,,29.27,60.4,0.96,240.89,0.0,0.0,559.29,914.68,,2023-06-01 08:00:00
2023-06-01 16:00:00,64.43,103.92,4.64,6.09,7.02,8.03,0.17,,51.64,,,,,,,27.16,69.92,0.54,173.16,0.0,0.0,50.01,906.92,,2023-06-01 16:00:00
2023-06-02 00:00:00,55.25,89.12,4.64,6.09,7.06,7.88,0.04,,51.66,,,,,,,23.32,86.3,0.65,202.19,0.0,0.0,14.01,898.9,,2023-06-02 00:00:00
2023-06-02 08:00:00,28.27,45.59,4.64,6.12,7.02,7.93,0.05,,51.67,,,,,,,29.03,61.89,0.96,258.59,0.0,0.0,489.65,912.83,,2023-06-02 08:00:00
2023-06-02 16:00:00,67.52,108.9,4.68,6.14,7.01,7.83,0.39,3.07,51.6,,,,,,,27.23,61.95,0.63,194.4,0.0,0.0,51.94,908.09,,2023-06-02 16:00:00
2023-06-03 00:00:00,84.54,136.35,4.65,6.14,7.07,7.94,0.04,0.22,51.58,,,,,,,23.38,87.54,0.6,170.67,0.0,0.0,24.14,901.49,,2023-06-03 00:00:00
2023-06-03 08:00:00,43.62,70.36,4.65,6.15,7.01,7.93,0.48,0.23,51.63,,,,,,,30.75,57.41,0.89,269.01,0.79,0.77,572.27,913.86,,2023-06-03 08:00:00
2023-06-03 16:00:00,74.73,120.53,4.66,6.17,6.98,7.93,3.13,0.47,51.67,0.89,0.48,,,0.21,,29.06,56.13,0.73,213.53,0.05,0.05,53.92,912.08,,2023-06-03 16:00:00
2023-06-04 00:00:00,56.59,91.28,4.63,6.13,7.07,7.97,3.4,0.21,51.63,0.89,0.48,,,0.21,,23.79,81.78,0.59,198.38,0.0,0.0,11.06,903.24,,2023-06-04 00:00:00
2023-06-04 08:00:00,34.23,55.21,4.66,6.13,7.03,7.94,3.33,0.25,51.58,0.89,0.48,,,0.21,,28.39,60.34,1.32,267.56,0.0,0.0,432.07,913.0,,2023-06-04 08:00:00
2023-06-04 16:00:00,56.68,91.42,4.64,6.1,7.04,7.94,3.75,0.78,51.63,0.89,0.48,,,0.21,,26.46,64.92,0.55,161.51,0.0,0.0,49.76,908.13,,2023-06-04 16:00:00
2023-06-05 00:00:00,61.7,99.51,4.63,6.11,7.03,7.93,2.62,0.19,51.63,0.89,0.48,,,0.21,,23.17,82.78,0.59,166.13,0.0,0.0,31.56,902.46,,2023-06-05 00:00:00
2023-06-05 08:00:00,31.15,111.8,4.68,6.05,6.56,8.36,3.02,0.24,51.85,0.89,0.48,,,0.21,,30.1,55.73,1.19,251.23,0.0,0.0,569.59,913.84,,2023-06-05 08:00:00
2023-06-05 16:00:00,76.72,224.13,4.73,5.72,5.27,8.0,2.93,0.61,21.77,0.89,0.48,,,0.21,,28.13,59.81,0.59,191.0,0.0,0.0,57.28,913.24,,2023-06-05 16:00:00
2023-06-06 00:00:00,48.7,95.63,4.73,12.96,9.13,10.66,2.72,0.77,21.38,0.89,0.48,,,0.21,,23.5,78.91,0.61,184.34,0.0,0.0,35.76,905.88,,2023-06-06 00:00:00
2023-06-06 08:00:00,37.34,168.27,4.73,16.64,11.08,11.69,2.78,0.77,20.77,0.89,0.48,,,0.21,,30.68,54.69,1.01,244.74,0.0,0.0,595.5,919.95,,2023-06-06 08:00:00
2023-06-06 16:00:00,88.96,161.89,4.73,18.19,11.91,11.61,3.13,1.04,21.15,0.89,0.48,,,0.21,,28.25,59.28,0.73,142.89,0.0,0.0,50.18,913.51,,2023-06-06 16:00:00
2023-06-07 00:00:00,49.58,93.91,4.73,7.02,5.97,9.97,2.77,0.55,24.35,0.88,0.48,,,0.21,,23.95,81.36,0.48,202.93,0.0,0.0,26.4,906.02,,2023-06-07 00:00:00
2023-06-07 08:00:00,22.46,159.12,4.73,7.11,6.01,10.27,2.82,0.59,23.12,0.89,0.48,,,0.21,,29.8,56.98,0.95,240.27,0.0,0.0,532.26,917.98,,2023-06-07 08:00:00
2023-06-07 16:00:00,64.17,174.66,4.73,5.84,5.34,8.14,3.04,0.76,23.09,0.89,0.48,,,0.21,,27.4,62.58,0.68,206.1,0.0,0.0,32.1,911.81,,2023-06-07 16:00:00
2023-06-08 00:00:00,25.36,75.72,4.73,5.72,5.27,8.0,2.61,0.71,24.62,0.89,0.48,,,0.21,,23.34,82.68,0.68,225.96,0.0,0.0,35.02,904.59,,2023-06-08 00:00:00
2023-06-08 08:00:00,28.53,91.79,4.73,14.98,10.2,10.66,2.64,0.76,25.75,0.89,0.48,,,0.21,,30.17,55.89,1.0,235.32,0.0,0.0,553.02,918.58,,2023-06-08 08:00:00
2023-06-08 16:00:00,55.1,122.81,4.73,20.53,13.16,12.03,2.78,0.86,26.6,0.89,0.48,,,0.21,,28.35,59.49,0.81,223.88,0.0,0.0,55.08,913.08,,2023-06-08 16:00:00
2023-06-09 00:00:00,28.82,92.18,4.73,8.09,6.54,12.3,2.49,0.72,26.43,0.89,0.48,,,0.21,,23.42,80.75,0.67,211.49,0.0,0.0,24.04,904.66,,2023-06-09 00:00:00
2023-06-09 08:00:00,15.36,83.73,4.73,6.46,5.67,10.13,2.77,0.84,26.72,0.89,0.48,,,0.21,,29.64,57.25,0.98,226.37,0.0,0.0,551.79,914.69,,2023-06-09 08:00:00
2023-06-09 16:00:00,54.09,97.6,4.73,5.72,5.27,8.9,2.75,0.58,26.49,0.89,0.48,,,0.21,,27.19,63.78,0.77,197.59,0.0,0.0,49.07,911.62,,2023-06-09 16:00:00
2023-06-10 00:00:00,18.51,36.53,4.74,6.98,5.95,11.89,2.66,0.6,25.7,0.89,0.48,,,0.21,,22.05,84.88,0.65,170.72,0.0,0.0,29.8,902.32,,2023-06-10 00:00:00
2023-06-10 08:00:00,19.29,153.61,4.74,6.66,5.79,10.74,2.83,0.66,26.13,0.89,0.48,,,0.21,,28.74,57.25,1.09,215.39,0.0,0.0,577.42,915.45,,2023-06-10 08:00:00
2023-06-10 16:00:00,51.77,174.46,4.74,6.67,5.78,10.32,2.9,0.71,25.07,0.89,0.48,,,0.21,,24.83,70.45,0.91,214.0,0.0,0.0,52.62,906.79,,2023-06-10 16:00:00
2023-06-11 00:00:00,24.9,57.79,4.79,7.85,6.45,11.64,2.95,0.6,26.2,0.89,0.48,,,0.21,,21.83,85.57,0.54,177.38,0.0,0.0,27.41,901.93,,2023-06-11 00:00:00
2023-06-11 08:00:00,21.16,70.25,4.73,6.37,5.62,10.42,3.04,0.57,27.74,0.89,0.48,,,0.21,,29.03,58.93,1.1,222.78,0.0,0.0,511.48,916.29,,2023-06-11 08:00:00
2023-06-11 16:00:00,34.35,49.47,4.76,6.26,5.58,9.74,3.16,0.59,26.98,0.89,0.48,,,0.21,,26.05,69.65,0.82,220.71,0.0,0.0,59.35,908.66,,2023-06-11 16:00:00
2023-06-12 00:00:00,21.99,60.96,6.3,13.86,10.88,11.47,2.72,0.61,27.41,0.89,0.48,,,0.21,,22.66,84.57,0.61,190.86,0.0,0.0,17.05,903.2,,2023-06-12 00:00:00
2023-06-12 08:00:00,39.15,89.5,6.27,13.73,10.79,11.33,2.77,0.67,25.93,0.89,0.48,,,0.21,,29.74,56.93,0.99,225.43,0.0,0.0,541.36,917.12,,2023-06-12 08:00:00
2023-06-12 16:00:00,179.21,88.45,6.25,14.39,11.12,11.21,2.94,0.7,26.27,0.89,0.48,,,0.21,,26.66,70.88,0.72,185.19,0.25,0.25,57.37,910.28,,2023-06-12 16:00:00
2023-06-13 00:00:00,,51.56,4.74,6.25,5.56,10.25,2.56,0.63,26.26,0.9,0.48,,,0.21,,22.26,89.31,0.65,163.59,0.0,0.0,32.34,902.94,,2023-06-13 00:00:00
2023-06-13 08:00:00,72.2,49.36,4.73,6.07,5.46,9.9,2.55,0.9,27.53,0.89,0.48,,,0.21,,29.47,56.52,1.03,225.23,0.0,0.0,530.97,916.76,,2023-06-13 08:00:00
2023-06-13 16:00:00,112.28,157.77,4.73,6.72,5.81,9.83,2.77,0.87,24.9,0.89,0.48,,,0.21,,24.73,79.99,0.67,163.13,1.42,1.42,52.23,907.17,,2023-06-13 16:00:00
2023-06-14 00:00:00,11.02,101.13,4.73,6.37,5.62,10.53,2.21,0.65,24.29,0.89,0.48,,,0.21,,21.6,92.9,0.44,140.71,0.02,0.02,32.38,901.38,,2023-06-14 00:00:00
2023-06-14 08:00:00,17.05,83.64,4.73,6.08,5.46,9.56,2.8,0.65,24.48,0.89,0.48,,,0.21,,29.37,57.11,1.09,223.39,0.0,0.0,603.79,912.5,,2023-06-14 08:00:00
2023-06-14 16:00:00,48.66,150.91,4.73,6.56,5.72,9.54,2.94,0.57,25.53,0.89,0.48,,,0.21,,25.94,70.31,0.64,172.29,0.05,0.05,58.17,908.25,,2023-06-14 16:00:00
2023-06-15 00:00:00,56.66,120.46,4.8,7.05,6.04,9.31,2.72,0.67,26.42,0.89,0.48,,,0.21,,22.35,86.92,0.48,182.41,0.0,0.0,26.64,902.49,,2023-06-15 00:00:00
2023-06-15 08:00:00,24.88,74.14,4.74,5.87,5.36,8.65,2.76,1.03,25.62,0.89,0.48,,,0.21,,29.13,58.51,0.96,238.36,0.0,0.0,559.74,917.0,,2023-06-15 08:00:00
2023-06-15 16:00:00,85.36,193.08,4.73,5.74,5.28,8.59,2.92,1.49,27.14,0.89,0.48,,,0.21,,30.54,49.85,0.61,203.32,0.0,0.0,130.79,917.17,,2023-06-15 16:00:00
2023-06-16 00:00:00,,,,,,,,,,,,,,,,,,,,,0.0,,,,2023-06-16 00:00:00
2023-06-16 08:00:00,,,,,,,,,,,,,,,,,,,,,0.0,,,,2023-06-16 08:00:00
2023-06-16 16:00:00,,,,,,,,,,,,,,,,,,,,,0.0,,,,2023-06-16 16:00:00
2023-06-17 00:00:00,,,,,,,,,,,,,,,,,,,,,0.0,,,,2023-06-17 00:00:00
2023-06-17 08:00:00,,,,,,,,,,,,,,,,,,,,,0.0,,,,2023-06-17 08:00:00
2023-06-17 16:00:00,,,,,,,,,,,,,,,,,,,,,0.0,,,,2023-06-17 16:00:00
2023-06-18 00:00:00,,,,,,,,,,,,,,,,,,,,,0.0,,,,2023-06-18 00:00:00
2023-06-18 08:00:00,,,,,,,,,,,,,,,,,,,,,0.0,,,,2023-06-18 08:00:00
2023-06-18 16:00:00,,,,,,,,,,,,,,,,,,,,,0.0,,,,2023-06-18 16:00:00
2023-06-19 00:00:00,,,,,,,,,,,,,,,,,,,,,0.0,,,,2023-06-19 00:00:00
2023-06-19 08:00:00,,,,,,,,,,,,,,,,,,,,,0.0,,,,2023-06-19 08:00:00
2023-06-19 16:00:00,,,,,,,,,,,,,,,,,,,,,0.0,,,,2023-06-19 16:00:00
2023-06-20 00:00:00,,,,,,,,,,,,,,,,,,,,,0.0,,,,2023-06-20 00:00:00
2023-06-20 08:00:00,56.69,114.86,4.67,6.15,7.0,9.37,0.64,1.04,22.3,0.89,0.48,,,0.21,,22.77,89.63,0.59,189.99,0.82,0.48,140.17,902.73,,2023-06-20 08:00:00
2023-06-20 16:00:00,41.53,65.86,4.65,6.09,6.44,9.49,1.13,0.87,24.83,0.89,0.45,,,0.21,,25.75,81.05,0.56,242.83,0.0,0.0,231.01,897.76,,2023-06-20 16:00:00
2023-06-21 00:00:00,,,,,,,,,,,,,,,,,,,,,0.0,,,,2023-06-21 00:00:00
2023-06-21 08:00:00,55.36,128.25,4.69,6.03,6.96,9.39,7.72,1.0,32.83,0.9,0.48,,,0.21,,23.47,88.55,0.72,235.94,0.93,0.2,104.77,909.81,,2023-06-21 08:00:00
2023-06-21 16:00:00,67.6,150.12,4.66,6.17,7.02,9.35,1.44,1.08,21.17,0.89,0.48,,,0.21,,22.79,93.33,0.45,229.84,0.69,0.69,19.69,905.9,,2023-06-21 16:00:00
2023-06-22 00:00:00,34.88,78.65,4.66,6.15,7.02,9.36,5.84,0.64,20.76,0.89,0.48,,,0.21,,21.66,96.11,0.48,213.84,0.0,0.0,26.74,902.53,,2023-06-22 00:00:00
2023-06-22 08:00:00,17.54,75.88,4.65,6.11,7.03,9.36,5.78,0.61,22.55,0.89,0.48,,,0.21,,28.42,63.72,0.95,260.13,0.02,0.02,541.07,916.1,,2023-06-22 08:00:00
2023-06-22 16:00:00,45.99,141.73,4.64,6.14,6.99,9.36,5.92,0.65,20.88,0.89,0.48,,,0.21,,28.7,60.43,0.76,235.74,0.0,0.0,120.76,916.48,,2023-06-22 16:00:00
2023-06-23 00:00:00,,,,,,,,,,,,,,,,,,,,,0.0,,,,2023-06-23 00:00:00
2023-06-23 08:00:00,16.26,115.01,4.64,6.11,7.06,9.35,5.81,,,0.89,0.48,,,0.21,,29.07,57.92,0.9,231.2,0.0,0.0,467.08,917.77,,2023-06-23 08:00:00
2023-06-23 16:00:00,46.68,105.15,4.66,6.09,7.06,9.36,5.76,,,0.89,0.48,,,0.21,,25.69,71.72,0.55,193.46,0.0,0.0,28.51,908.6,,2023-06-23 16:00:00
2023-06-24 00:00:00,25.24,42.6,4.66,6.05,6.98,9.37,5.82,,,0.89,0.48,,,0.21,,22.18,85.19,0.52,192.14,0.0,0.0,21.58,902.6,,2023-06-24 00:00:00
2023-06-24 08:00:00,10.29,156.25,4.63,6.17,7.04,9.35,5.93,,,0.89,0.48,,,0.21,,25.95,67.41,0.91,227.59,0.0,0.0,270.99,911.3,,2023-06-24 08:00:00
2023-06-24 16:00:00,40.92,153.86,4.63,6.13,7.01,9.36,5.94,,,0.89,0.48,,,0.21,,23.48,83.39,0.61,179.2,0.02,0.02,36.04,904.61,,2023-06-24 16:00:00
2023-06-25 00:00:00,33.33,,4.64,6.13,6.99,9.36,5.59,,,0.89,0.48,,,0.21,,21.25,91.0,0.57,151.79,0.0,0.0,24.35,900.24,,2023-06-25 00:00:00
2023-06-25 08:00:00,16.34,202.09,4.65,6.13,7.06,9.37,5.65,,,0.89,0.48,,,0.21,,27.59,63.88,0.95,229.04,0.0,0.0,490.9,914.1,,2023-06-25 08:00:00
2023-06-25 16:00:00,90.12,108.89,4.66,6.13,7.08,9.36,5.82,,,0.89,0.48,,,0.21,,25.19,75.46,0.54,216.23,0.09,0.09,47.51,907.98,,2023-06-25 16:00:00
2023-06-26 00:00:00,6.98,45.29,4.66,6.11,7.01,9.34,5.85,,,0.89,0.48,,,0.21,,22.23,83.91,0.48,196.76,0.0,0.0,20.47,902.02,,2023-06-26 00:00:00
2023-06-26 08:00:00,55.47,161.7,4.67,6.11,7.0,9.35,5.86,,,0.89,0.48,,,0.21,,26.74,64.02,1.04,235.51,0.0,0.0,336.17,912.06,,2023-06-26 08:00:00
2023-06-26 16:00:00,68.89,140.16,4.66,6.17,7.02,9.34,5.97,,,0.89,0.48,,,0.21,,25.5,66.37,0.65,230.04,0.0,0.0,39.67,907.69,,2023-06-26 16:00:00
2023-06-27 00:00:00,24.51,53.88,4.62,6.1,7.06,9.37,6.03,,,0.89,0.48,,,0.21,,21.56,83.97,0.55,179.31,0.0,0.0,26.32,900.78,,2023-06-27 00:00:00
2023-06-27 08:00:00,20.13,155.43,4.66,6.1,7.07,9.37,5.92,,,0.89,0.48,,,0.21,,27.48,61.38,0.92,229.0,0.0,0.0,524.5,913.61,,2023-06-27 08:00:00
2023-06-27 16:00:00,48.33,103.63,4.64,6.1,7.05,9.39,6.63,0.57,22.33,0.89,0.48,,,0.21,,23.35,81.88,0.62,173.25,0.04,0.03,10.43,904.77,,2023-06-27 16:00:00
2023-06-28 00:00:00,4.44,24.73,4.67,6.1,7.0,9.39,5.68,0.68,21.27,0.89,0.48,,,0.21,,21.27,84.93,0.55,213.22,0.0,0.0,27.13,900.35,,2023-06-28 00:00:00
2023-06-28 08:00:00,4.59,137.87,4.66,6.11,7.05,9.34,5.57,0.65,21.31,0.89,0.48,,,0.21,,27.12,62.56,1.04,233.52,0.0,0.0,399.41,912.47,,2023-06-28 08:00:00
2023-06-28 16:00:00,,94.15,4.67,6.1,7.07,9.37,,,,0.89,0.48,,,0.21,,25.37,64.8,0.68,219.37,0.0,0.0,21.82,907.5,,2023-06-28 16:00:00
2023-06-29 00:00:00,,45.07,4.72,6.1,6.94,9.34,,,,0.9,0.48,,,0.21,,22.52,78.23,0.51,209.33,0.0,0.0,3.34,901.98,,2023-06-29 00:00:00
2023-06-29 08:00:00,,,,,,,,,,,,,,,,,,,,,0.0,,,,2023-06-29 08:00:00
2023-06-29 16:00:00,,,,,,,,,,,,,,,,,,,,,0.0,,,,2023-06-29 16:00:00
2023-06-30 00:00:00,,,,,,,,,,,,,,,,,,,,,0.0,,,,2023-06-30 00:00:00
2023-06-30 08:00:00,0.84,94.7,4.63,6.12,6.99,9.34,6.3,0.71,22.54,0.89,0.48,,,0.21,,29.49,52.63,1.17,228.95,0.0,0.0,559.5,912.94,,2023-06-30 08:00:00
2023-06-30 16:00:00,,94.69,4.64,6.14,7.05,9.38,6.0,0.56,20.63,0.89,0.48,,,0.21,,27.07,60.95,0.84,218.85,0.0,0.0,57.11,910.59,,2023-06-30 16:00:00
2023-07-01 00:00:00,,54.06,4.65,6.12,7.03,9.35,5.63,,,0.89,0.48,,,0.21,,22.66,82.54,0.66,208.21,0.0,0.0,34.23,902.67,,2023-07-01 00:00:00
2023-07-01 08:00:00,,128.43,4.63,6.13,7.04,9.4,5.65,,,0.89,0.48,,,0.21,,29.64,53.95,1.09,238.72,0.0,0.0,559.4,917.4,,2023-07-01 08:00:00
2023-07-01 16:00:00,,109.74,4.63,6.12,7.02,9.35,5.63,,,0.89,0.48,,,0.21,,24.5,81.61,0.48,184.7,0.27,0.27,27.44,905.8,,2023-07-01 16:00:00
2023-07-02 00:00:00,,65.58,4.64,6.11,7.01,9.35,5.67,,,0.89,0.48,,,0.21,,22.79,83.9,0.6,226.24,0.0,0.0,20.58,902.29,,2023-07-02 00:00:00
2023-07-02 08:00:00,,78.86,4.64,6.14,7.09,9.37,5.59,,,0.89,0.48,,,0.21,,26.67,67.24,0.87,234.68,0.0,0.0,253.59,910.64,,2023-07-02 08:00:00
2023-07-02 16:00:00,,77.55,4.62,6.15,7.07,9.34,5.67,,,0.89,0.48,,,0.21,,24.06,85.0,0.51,164.2,0.44,0.44,30.93,904.77,,2023-07-02 16:00:00
2023-07-03 00:00:00,0.07,44.87,4.65,6.1,7.03,9.36,6.08,,,0.89,0.48,,,0.21,,21.88,89.22,0.36,183.25,0.0,0.0,19.15,900.08,,2023-07-03 00:00:00
2023-07-03 08:00:00,0.07,79.93,4.65,6.12,7.03,9.36,6.16,1.05,22.35,0.89,0.48,,,0.21,,27.89,62.32,1.0,230.27,0.0,0.0,421.75,913.28,,2023-07-03 08:00:00
2023-07-03 16:00:00,0.07,56.06,4.66,6.16,7.04,9.37,5.69,0.96,21.85,0.89,0.48,,,0.21,,22.43,89.73,0.58,187.25,0.87,0.84,23.39,900.67,,2023-07-03 16:00:00
2023-07-04 00:00:00,0.07,25.65,4.64,6.1,7.03,9.36,5.61,,,0.89,0.48,,,0.21,,21.02,88.88,0.45,183.39,0.0,0.0,15.2,898.15,,2023-07-04 00:00:00
2023-07-04 08:00:00,0.27,46.15,4.64,6.1,6.99,9.36,5.59,0.6,22.14,0.89,0.48,,,0.21,,25.2,74.4,0.72,226.98,0.08,0.08,261.49,906.59,,2023-07-04 08:00:00
2023-07-04 16:00:00,9.03,36.05,4.65,6.12,7.01,9.34,5.41,0.52,21.87,0.89,0.48,,,0.21,,23.11,81.15,0.68,225.22,0.08,0.08,29.71,902.66,,2023-07-04 16:00:00
2023-07-05 00:00:00,14.37,32.57,4.65,6.07,7.04,9.35,5.83,0.53,21.48,0.89,0.48,,,0.21,,21.04,86.8,0.44,192.32,0.0,0.0,20.84,899.09,,2023-07-05 00:00:00
2023-07-05 08:00:00,9.8,64.88,4.68,6.11,7.07,9.38,5.87,0.53,21.7,0.89,0.48,,,0.21,,25.41,68.76,0.97,224.59,0.0,0.0,288.95,908.44,,2023-07-05 08:00:00
2023-07-05 16:00:00,23.71,52.38,4.64,6.1,7.03,9.34,5.91,,,0.89,0.48,,,0.21,,23.29,74.51,0.77,223.62,0.0,0.0,32.6,903.46,,2023-07-05 16:00:00
2023-07-06 00:00:00,26.25,37.73,4.67,6.16,7.05,9.35,5.76,,,0.89,0.48,,,0.21,,21.3,89.11,0.49,177.25,0.0,0.0,18.56,899.49,,2023-07-06 00:00:00
2023-07-06 08:00:00,14.09,42.59,4.63,6.15,6.96,9.34,5.73,,,0.89,0.48,,,0.21,,22.79,83.77,0.42,211.23,0.0,0.0,137.92,902.1,,2023-07-06 08:00:00
2023-07-06 16:00:00,,,4.69,6.02,6.93,9.36,5.7,0.56,21.68,0.9,0.48,,,0.21,,21.44,89.3,0.39,221.28,0.0,0.0,4.22,900.5,,2023-07-06 16:00:00
2023-07-07 00:00:00,23.08,48.11,4.64,6.14,6.98,9.36,5.78,0.58,21.34,0.89,0.48,,,0.21,,21.3,89.7,0.49,175.04,0.0,0.0,13.65,899.97,,2023-07-07 00:00:00
2023-07-07 08:00:00,8.49,87.94,4.64,6.11,7.03,9.32,5.61,0.56,21.02,0.89,0.48,,,0.21,,25.58,72.67,0.64,205.25,0.31,0.31,256.35,908.67,,2023-07-07 08:00:00
2023-07-07 16:00:00,46.61,101.25,4.64,6.14,7.08,9.39,5.72,0.52,21.78,0.89,0.48,,,0.21,,23.31,90.02,0.51,189.9,0.25,0.09,59.47,902.49,,2023-07-07 16:00:00
2023-07-08 00:00:00,,,,,,,,,,,,,,,,,,,,,0.0,,,,2023-07-08 00:00:00
2023-07-08 08:00:00,,,,,,,,,,,,,,,,,,,,,0.0,,,,2023-07-08 08:00:00
2023-07-08 16:00:00,,,,,,,,,,,,,,,,,,,,,0.0,,,,2023-07-08 16:00:00
2023-07-09 00:00:00,,,,,,,,,,,,,,,,,,,,,0.0,,,,2023-07-09 00:00:00
2023-07-09 08:00:00,,,,,,,,,,,,,,,,,,,,,0.0,,,,2023-07-09 08:00:00
2023-07-09 16:00:00,,,,,,,,,,,,,,,,,,,,,0.0,,,,2023-07-09 16:00:00
2023-07-10 00:00:00,,,,,,,,,,,,,,,,,,,,,0.0,,,,2023-07-10 00:00:00
2023-07-10 08:00:00,,62.43,4.66,6.09,7.04,9.36,5.45,0.62,21.55,0.89,0.48,,,0.21,,27.54,68.24,0.94,231.25,0.06,0.05,381.04,913.04,,2023-07-10 08:00:00
2023-07-10 16:00:00,,70.2,4.61,6.14,6.99,9.34,5.58,0.78,21.37,0.89,0.48,,,0.21,,22.91,94.03,0.48,173.35,0.47,0.47,11.79,902.76,,2023-07-10 16:00:00
2023-07-11 00:00:00,,56.36,4.66,6.1,7.0,9.34,6.19,0.71,21.67,0.89,0.48,,,0.21,,21.68,93.93,0.42,164.2,0.0,0.0,18.42,900.02,,2023-07-11 00:00:00
2023-07-11 08:00:00,,51.0,4.66,6.07,7.0,9.35,6.18,0.8,20.93,0.89,0.48,,,0.21,,23.17,84.39,0.6,219.97,0.0,0.0,137.2,903.82,,2023-07-11 08:00:00
2023-07-11 16:00:00,,,,,,,,,,,,,,,,,,,,,0.0,,,,2023-07-11 16:00:00
2023-07-12 00:00:00,,,,,,,,,,,,,,,,,,,,,0.0,,,,2023-07-12 00:00:00
2023-07-12 08:00:00,,,,,,,,,,,,,,,,,,,,,0.0,,,,2023-07-12 08:00:00
2023-07-12 16:00:00,,,,,,,,,,,,,,,,,,,,,0.0,,,,2023-07-12 16:00:00
2023-07-13 00:00:00,,,,,,,,,,,,,,,,,,,,,0.0,,,,2023-07-13 00:00:00
2023-07-13 08:00:00,78.85,282.2,4.92,8.35,13.41,12.6,6.52,0.9,21.5,0.32,0.36,,,0.19,0.2,28.65,58.72,0.7,217.64,0.0,0.0,332.28,912.24,,2023-07-13 08:00:00
2023-07-13 16:00:00,62.62,111.5,5.0,10.0,15.0,15.0,6.23,0.79,21.26,0.6,1.97,,,0.72,1.86,22.34,90.77,0.58,176.6,2.27,2.2,20.77,902.54,,2023-07-13 16:00:00
2023-07-14 00:00:00,22.84,34.67,5.0,10.24,15.12,15.04,5.48,0.68,21.63,0.28,0.47,,,0.16,0.24,21.11,90.27,0.41,160.01,0.0,0.0,18.09,900.2,,2023-07-14 00:00:00
2023-07-14 08:00:00,13.38,33.6,,,,,6.0,7.17,20.8,0.23,0.26,,,0.12,0.26,26.26,68.27,0.85,224.38,0.0,0.0,276.29,910.7,,2023-07-14 08:00:00
2023-07-14 16:00:00,48.74,67.73,,,,,5.84,7.26,21.49,0.31,0.65,,,0.34,0.8,24.5,74.29,0.49,197.87,0.0,0.0,54.93,905.53,,2023-07-14 16:00:00
2023-07-15 00:00:00,22.93,53.16,,,,,5.68,0.58,21.79,0.24,0.38,,,0.08,0.17,21.46,85.36,0.57,204.17,0.0,0.0,33.99,900.38,,2023-07-15 00:00:00
2023-07-15 08:00:00,44.33,112.08,,,,,5.72,0.57,21.28,0.17,0.23,,,0.16,0.25,27.51,63.83,0.95,231.13,0.0,0.0,477.79,913.27,,2023-07-15 08:00:00
2023-07-15 16:00:00,139.53,245.13,,,,,5.86,0.74,21.95,0.7,1.42,,,0.88,2.35,24.03,87.47,0.51,171.69,0.72,0.72,41.94,904.6,,2023-07-15 16:00:00
2023-07-16 00:00:00,25.1,63.25,,,,,5.88,0.6,21.84,0.26,0.53,,,0.09,0.25,21.6,92.27,0.4,178.47,0.0,0.0,21.66,900.42,,2023-07-16 00:00:00
2023-07-16 08:00:00,,38.03,,,,,6.09,0.58,21.6,0.19,0.2,,,0.08,0.19,26.66,69.35,0.83,230.4,0.03,0.03,396.18,911.23,,2023-07-16 08:00:00
2023-07-16 16:00:00,,50.07,,,,,6.77,,,0.23,0.38,,,0.19,0.4,26.42,67.52,0.6,188.61,0.0,0.0,53.1,909.31,,2023-07-16 16:00:00
2023-07-17 00:00:00,,,,,,,,,,,,,,,,,,,,,0.0,,,,2023-07-17 00:00:00
2023-07-17 08:00:00,,48.41,,,,,5.47,0.55,21.48,0.16,0.26,,,0.14,0.25,27.96,59.44,0.99,230.38,0.0,0.0,418.86,912.41,,2023-07-17 08:00:00
2023-07-17 16:00:00,,96.73,,,,,5.49,0.6,21.31,0.52,0.76,,,0.22,0.5,25.33,66.65,0.66,226.84,0.0,0.0,29.75,907.19,,2023-07-17 16:00:00
2023-07-18 00:00:00,,87.0,,,,,5.49,0.69,22.06,0.29,0.39,,,0.09,0.17,21.87,84.96,0.48,211.78,0.0,0.0,17.78,900.77,,2023-07-18 00:00:00
2023-07-18 08:00:00,52.74,87.83,,,,,5.53,0.69,21.21,0.17,0.39,,,0.11,0.22,27.28,60.21,1.15,233.68,0.0,0.0,457.17,911.48,,2023-07-18 08:00:00
2023-07-18 16:00:00,102.58,145.8,,,,,6.11,0.68,20.96,0.17,0.24,,,0.14,0.33,24.86,66.41,0.9,222.29,0.0,0.0,56.04,906.23,,2023-07-18 16:00:00
2023-07-19 00:00:00,33.43,72.29,,,,,6.09,,,0.24,0.29,,,0.13,0.21,21.73,82.55,0.44,201.93,0.0,0.0,17.26,900.63,,2023-07-19 00:00:00
2023-07-19 08:00:00,58.37,188.43,,,,,6.12,0.61,21.61,0.2,0.2,,,0.08,0.2,26.46,63.61,1.18,228.89,0.0,0.0,323.9,910.05,,2023-07-19 08:00:00
2023-07-19 16:00:00,92.16,136.63,,,,,6.24,0.62,21.72,0.22,0.25,,,0.11,0.28,24.45,70.05,0.81,223.46,0.0,0.0,39.22,905.43,,2023-07-19 16:00:00
2023-07-20 00:00:00,33.17,67.95,,,,,5.49,0.68,21.62,0.29,0.27,,,0.07,0.13,21.97,80.92,0.42,211.05,0.0,0.0,15.53,901.17,,2023-07-20 00:00:00
2023-07-20 08:00:00,93.07,203.96,,,,,5.67,0.68,21.44,0.19,0.18,,,0.07,0.21,26.96,59.49,1.21,226.88,0.0,0.0,394.15,910.97,,2023-07-20 08:00:00
2023-07-20 16:00:00,183.25,218.25,,,,,6.03,0.72,22.05,0.22,0.21,,,0.06,0.2,25.2,64.25,0.94,212.28,0.0,0.0,34.18,906.49,,2023-07-20 16:00:00
2023-07-21 00:00:00,29.84,93.8,,,,,5.8,0.58,21.39,0.08,0.11,,,0.02,0.06,22.64,76.44,0.95,209.04,0.0,0.0,21.03,902.3,,2023-07-21 00:00:00
2023-07-21 08:00:00,30.55,87.08,,,,,6.25,0.6,21.63,0.15,0.14,,,0.04,0.16,26.51,63.1,1.17,216.85,0.0,0.0,331.0,909.81,,2023-07-21 08:00:00
2023-07-21 16:00:00,76.24,107.27,,,,,6.57,,,0.14,0.18,,,0.04,0.19,23.9,74.52,0.97,208.29,0.0,0.0,31.65,904.41,,2023-07-21 16:00:00
2023-07-22 00:00:00,18.84,64.73,,,,,6.16,,,0.09,0.17,,,0.04,0.07,22.37,79.28,0.75,199.82,0.0,0.0,15.47,901.6,,2023-07-22 00:00:00
2023-07-22 08:00:00,43.3,62.97,,,,,6.9,,,0.16,0.2,,,0.07,0.24,25.53,68.58,1.06,213.19,0.0,0.0,223.98,908.5,,2023-07-22 08:00:00
2023-07-22 16:00:00,61.35,79.12,,,,,6.9,,,0.17,0.34,,,0.16,0.49,23.38,78.67,0.78,211.06,0.0,0.0,26.69,903.45,,2023-07-22 16:00:00
2023-07-23 00:00:00,20.64,32.75,,,,,5.82,,,0.15,0.31,,,0.08,0.13,21.47,88.08,0.38,185.55,0.0,0.0,16.1,900.28,,2023-07-23 00:00:00
2023-07-23 08:00:00,74.16,55.47,,,,,6.33,,,0.13,0.29,,,,0.23,26.04,70.0,1.04,229.9,0.1,0.09,258.08,909.07,,2023-07-23 08:00:00
2023-07-23 16:00:00,38.8,32.49,,,,,6.21,,,0.2,0.34,,,0.24,0.37,22.25,89.69,0.7,203.15,0.36,0.36,14.05,900.8,,2023-07-23 16:00:00
2023-07-24 00:00:00,12.45,25.97,,,,,6.14,,,0.21,0.19,,,0.06,0.14,20.67,93.42,0.49,169.84,0.41,0.41,17.42,898.5,,2023-07-24 00:00:00
2023-07-24 08:00:00,25.07,37.56,,,,,6.23,,,0.26,0.27,,,0.11,0.35,23.93,81.06,0.97,213.83,0.3,0.3,213.02,904.85,,2023-07-24 08:00:00
2023-07-24 16:00:00,23.79,29.72,,,,,6.33,,,0.26,0.73,,,0.17,0.65,21.36,93.48,0.48,170.77,0.48,0.48,15.64,899.32,,2023-07-24 16:00:00
2023-07-25 00:00:00,17.64,26.94,,,,,6.39,,,0.29,0.58,,,0.06,0.17,20.96,91.82,0.45,192.09,0.06,0.06,10.24,898.74,,2023-07-25 00:00:00
2023-07-25 08:00:00,18.71,29.27,,,,,6.46,,,0.25,0.3,,,0.22,0.3,23.64,80.64,0.98,231.14,0.05,0.05,220.39,904.32,,2023-07-25 08:00:00
2023-07-25 16:00:00,25.1,18.78,,,,,7.24,,,0.28,0.6,,,0.2,0.63,21.68,92.49,0.61,215.99,1.27,1.19,22.39,900.1,,2023-07-25 16:00:00
2023-07-26 00:00:00,13.37,22.52,,,,,6.17,,,0.24,0.31,,,0.04,0.18,20.25,94.59,0.38,177.77,0.09,0.09,15.75,897.69,,2023-07-26 00:00:00
2023-07-26 08:00:00,12.63,24.88,,,,,6.46,,,0.19,0.24,,,0.11,0.33,23.6,82.05,0.88,222.15,0.0,0.0,206.16,904.19,,2023-07-26 08:00:00
2023-07-26 16:00:00,14.5,17.62,,,,,6.74,,,0.26,0.57,,,0.28,0.66,21.53,89.86,0.55,193.1,0.17,0.17,16.32,899.89,,2023-07-26 16:00:00
2023-07-27 00:00:00,11.64,24.73,,,,,5.92,,,0.15,0.3,,,0.01,0.12,20.45,88.02,0.58,215.2,0.11,0.11,14.67,897.79,,2023-07-27 00:00:00
2023-07-27 08:00:00,10.6,44.18,,,,,6.03,0.5,21.56,0.97,0.31,,,0.25,0.37,24.74,70.88,0.92,224.88,0.0,0.0,257.88,905.58,,2023-07-27 08:00:00
2023-07-27 16:00:00,17.05,48.77,,,,,5.92,0.51,21.62,1.31,0.55,,,1.27,0.76,23.76,73.47,0.87,223.08,0.0,0.0,41.66,904.4,,2023-07-27 16:00:00
2023-07-28 00:00:00,21.0,51.06,,,,,5.86,0.83,21.43,0.25,0.41,,,0.68,0.29,20.44,86.31,0.49,170.14,0.0,0.0,22.11,898.06,,2023-07-28 00:00:00
2023-07-28 08:00:00,28.42,51.62,,,,,7.63,,,0.17,0.36,,,0.32,0.41,27.08,64.95,1.05,238.87,0.0,0.0,378.6,912.38,,2023-07-28 08:00:00
2023-07-28 16:00:00,60.85,75.7,,,,,6.93,,,0.4,0.56,,,0.64,0.87,23.79,81.66,0.59,225.17,0.14,0.14,26.13,903.3,,2023-07-28 16:00:00
2023-07-29 00:00:00,24.84,51.17,,,,,5.76,,,0.18,0.36,,,0.04,0.14,21.08,88.42,0.52,205.97,0.03,0.03,15.83,899.2,,2023-07-29 00:00:00
2023-07-29 08:00:00,25.69,43.71,,,,,6.35,,,0.25,0.29,,,0.18,0.39,25.58,68.46,0.96,238.38,0.0,0.0,297.62,909.09,,2023-07-29 08:00:00
2023-07-29 16:00:00,65.14,84.34,,,,,6.3,,,0.54,0.76,,,0.16,0.51,24.3,72.37,0.85,254.29,0.0,0.0,53.86,904.41,,2023-07-29 16:00:00
2023-07-30 00:00:00,37.74,0.52,,,,,5.89,,,0.24,0.63,,,0.08,0.25,20.46,88.78,0.44,209.1,0.0,0.0,26.29,897.97,,2023-07-30 00:00:00
2023-07-30 08:00:00,107.57,,,,,,5.97,,,0.16,0.23,,,0.12,0.25,27.49,60.95,1.15,244.38,0.0,0.0,500.66,911.59,,2023-07-30 08:00:00
2023-07-30 16:00:00,214.37,216.56,,,,,6.05,,,1.1,0.61,,,0.07,0.44,26.25,65.79,0.82,247.18,0.0,0.0,50.84,907.92,,2023-07-30 16:00:00
2023-07-31 00:00:00,,59.39,,,,,5.75,,,0.28,0.15,,,0.02,0.14,21.64,86.14,0.7,223.38,0.0,0.0,19.38,899.83,,2023-07-31 00:00:00
2023-07-31 08:00:00,220.54,115.54,,,,,5.84,0.74,22.03,0.25,0.28,,,0.25,0.26,27.8,59.61,1.11,235.02,0.0,0.0,503.6,911.58,,2023-07-31 08:00:00
2023-07-31 16:00:00,187.42,333.83,,,,,6.59,0.73,21.34,0.33,1.02,,,0.15,0.48,25.5,69.99,0.69,218.38,0.0,0.0,51.68,904.24,,2023-07-31 16:00:00
2023-08-01 00:00:00,,157.02,,,,,7.55,0.61,22.44,0.0,0.0,,,,,21.66,86.69,0.62,220.1,0.0,0.0,18.0,889.99,,2023-08-01 00:00:00
2023-08-01 08:00:00,94.49,168.36,,,,,7.14,0.68,21.48,0.07,0.21,,,0.06,0.25,26.62,64.34,1.08,230.24,0.0,0.0,351.58,905.13,,2023-08-01 08:00:00
2023-08-01 16:00:00,88.92,99.1,,,,,6.11,0.68,20.67,0.26,0.54,,,0.09,0.38,25.49,63.05,0.85,213.29,0.0,0.0,61.32,910.98,,2023-08-01 16:00:00
2023-08-02 00:00:00,44.31,99.03,,,,,5.63,0.85,21.29,0.44,0.48,,,0.06,0.18,20.63,86.67,0.61,212.68,0.0,0.0,30.27,902.17,,2023-08-02 00:00:00
2023-08-02 08:00:00,43.72,102.52,,,,,6.01,0.83,21.33,0.24,0.21,,,0.06,0.22,26.3,62.85,1.17,220.61,0.0,0.0,467.68,913.93,,2023-08-02 08:00:00
2023-08-02 16:00:00,74.19,125.97,,,,,6.74,,,0.16,0.19,,,,0.24,23.28,73.4,0.7,213.2,0.0,0.0,4.44,904.93,,2023-08-02 16:00:00
2023-08-03 00:00:00,32.95,94.76,,,,,5.51,,,0.26,0.26,,,,0.16,21.34,83.64,0.5,206.78,0.0,0.0,21.78,902.12,,2023-08-03 00:00:00
2023-08-03 08:00:00,26.86,87.16,,,,,5.44,,,0.2,0.23,,,0.05,0.2,27.03,60.38,1.12,225.73,0.0,0.0,403.96,912.98,,2023-08-03 08:00:00
2023-08-03 16:00:00,101.64,151.01,,,,,5.4,,,0.22,0.29,,,0.05,0.29,25.84,63.02,0.71,216.69,0.0,0.0,39.87,908.85,,2023-08-03 16:00:00
2023-08-04 00:00:00,36.85,81.34,,,,,5.7,,,0.4,0.35,,,0.03,0.16,21.0,86.33,0.53,208.55,0.0,0.0,27.06,900.75,,2023-08-04 00:00:00
2023-08-04 08:00:00,59.0,117.87,4.69,,6.95,9.38,6.54,0.57,29.64,0.24,0.22,,,0.07,0.17,27.79,59.17,1.09,222.77,0.0,0.0,503.07,912.61,,2023-08-04 08:00:00
2023-08-04 16:00:00,129.94,156.02,4.66,,7.02,9.37,10.0,0.67,21.89,0.25,0.34,,,0.16,0.4,26.09,63.44,0.71,214.55,0.0,0.0,45.11,909.23,,2023-08-04 16:00:00
2023-08-05 00:00:00,47.48,97.54,4.67,,7.03,9.37,10.0,0.73,22.51,0.36,0.34,,,0.28,0.32,21.26,85.65,0.52,167.91,0.0,0.0,17.55,901.64,,2023-08-05 00:00:00
2023-08-05 08:00:00,68.89,158.05,4.64,,7.0,9.35,10.0,0.76,21.49,0.22,0.22,,,0.06,0.21,26.83,64.4,0.92,230.96,0.0,0.0,357.29,912.23,,2023-08-05 08:00:00
2023-08-05 16:00:00,160.05,238.32,4.67,,7.04,9.34,10.0,0.81,22.03,0.36,0.51,,,0.18,0.44,25.61,72.16,0.66,215.85,0.19,0.19,63.82,908.44,,2023-08-05 16:00:00
2023-08-06 00:00:00,19.61,41.2,4.65,,7.06,9.4,10.0,0.61,21.57,0.22,0.46,,,0.07,0.24,21.82,92.62,0.45,207.47,0.02,0.02,17.34,902.34,,2023-08-06 00:00:00
2023-08-06 08:00:00,6.59,30.43,4.65,,7.04,9.34,10.0,,,0.19,0.19,,,,0.16,27.04,66.52,0.86,229.03,0.0,0.0,397.26,911.69,,2023-08-06 08:00:00
2023-08-06 16:00:00,,,4.65,,7.02,9.33,10.0,,,0.56,0.97,,,0.05,0.48,26.06,67.68,0.64,211.92,0.0,0.0,57.39,908.55,,2023-08-06 16:00:00
2023-08-07 00:00:00,49.52,64.7,4.67,,6.99,9.37,10.0,,,0.24,0.3,,,0.04,0.17,21.36,87.64,0.51,162.42,0.0,0.0,13.48,900.84,,2023-08-07 00:00:00
2023-08-07 08:00:00,68.61,143.07,4.66,,7.11,9.34,10.0,0.72,21.59,0.24,0.2,,,0.04,0.18,26.74,64.72,0.98,237.96,0.0,0.0,313.94,908.62,,2023-08-07 08:00:00
2023-08-07 16:00:00,168.23,415.94,4.69,,7.04,9.35,10.0,0.85,21.01,0.58,0.8,,,0.43,0.87,26.36,64.99,0.63,220.81,0.0,0.0,51.8,909.04,,2023-08-07 16:00:00
2023-08-08 00:00:00,39.82,114.79,4.68,,7.07,9.37,10.0,0.62,21.82,0.24,0.38,,,0.06,0.18,21.62,84.69,0.45,184.68,0.0,0.0,22.47,901.31,,2023-08-08 00:00:00
2023-08-08 08:00:00,95.68,163.94,4.67,,7.04,9.37,10.0,0.66,21.64,0.21,0.2,,,0.2,0.26,27.03,62.74,0.98,238.2,0.0,0.0,408.97,911.92,,2023-08-08 08:00:00
2023-08-08 16:00:00,134.17,152.97,4.65,,6.96,9.37,10.0,0.69,21.03,0.34,0.72,,,0.25,0.63,25.26,71.66,0.6,226.57,0.02,0.02,44.5,907.18,,2023-08-08 16:00:00
2023-08-09 00:00:00,40.08,65.11,4.63,,7.0,9.35,10.0,0.66,21.84,0.29,0.63,,,0.08,0.22,21.14,91.54,0.45,176.36,0.0,0.0,19.03,900.17,,2023-08-09 00:00:00
2023-08-09 08:00:00,297.72,454.37,4.67,,7.04,9.37,10.0,0.66,22.46,0.47,0.95,,,0.06,2.67,28.1,60.55,0.97,250.79,0.02,0.02,561.03,912.37,,2023-08-09 08:00:00
2023-08-09 16:00:00,262.66,498.46,4.63,,7.04,9.35,6.46,0.94,21.3,2.09,3.62,,,1.95,9.75,26.82,63.37,0.64,207.89,0.0,0.0,56.51,910.01,,2023-08-09 16:00:00
2023-08-10 00:00:00,45.25,73.78,4.65,,6.98,9.38,6.16,0.56,21.59,0.32,0.36,,,0.11,0.3,22.93,81.34,0.63,224.13,0.0,0.0,18.09,902.81,,2023-08-10 00:00:00
2023-08-10 08:00:00,179.43,,4.64,,7.05,9.34,5.97,0.58,21.76,0.21,0.38,,,0.01,0.42,27.74,60.9,0.99,263.8,0.0,0.0,466.08,912.49,,2023-08-10 08:00:00
2023-08-10 16:00:00,,,4.67,,7.05,9.36,,,,,,,,,,26.03,67.71,0.72,216.74,0.0,0.0,48.69,908.39,,2023-08-10 16:00:00
2023-08-11 00:00:00,,,4.64,,7.01,9.37,,,,,,,,,,22.5,85.18,0.57,197.66,0.0,0.0,13.94,901.58,,2023-08-11 00:00:00
2023-08-11 08:00:00,,,4.63,,7.01,9.34,,,,,,,,,,28.32,58.36,1.0,280.33,0.0,0.0,468.96,913.48,,2023-08-11 08:00:00
2023-08-11 16:00:00,,,4.64,,7.02,9.34,,,,,,,,,,26.95,62.91,0.65,216.2,0.0,0.0,34.58,909.55,,2023-08-11 16:00:00
2023-08-12 00:00:00,,,4.67,,7.07,9.37,,,,,,,,,,23.08,83.06,0.6,182.29,0.0,0.0,12.78,903.63,,2023-08-12 00:00:00
2023-08-12 08:00:00,,,4.66,,7.01,9.35,,,,,,,,,,28.25,58.59,1.15,259.38,0.0,0.0,395.43,913.45,,2023-08-12 08:00:00
2023-08-12 16:00:00,,,4.64,,7.01,9.36,,,,,,,,,,24.63,74.66,0.63,155.18,0.0,0.0,19.43,905.82,,2023-08-12 16:00:00
2023-08-13 00:00:00,,,4.65,,7.06,9.38,,,,,,,,,,22.26,84.59,0.61,209.57,0.0,0.0,27.06,902.09,,2023-08-13 00:00:00
2023-08-13 08:00:00,,,4.64,,6.99,9.38,,,,,,,,,,28.11,56.11,0.9,239.21,0.0,0.0,519.4,913.4,,2023-08-13 08:00:00
2023-08-13 16:00:00,,,4.66,,6.99,9.37,,,,,,,,,,25.27,71.77,0.67,195.98,0.34,0.33,51.88,906.39,,2023-08-13 16:00:00
2023-08-14 00:00:00,,,4.66,,7.01,9.36,,,,,,,,,,21.26,92.17,0.41,158.47,0.0,0.0,20.96,900.23,,2023-08-14 00:00:00
2023-08-14 08:00:00,,,4.65,,7.05,9.36,,,,,,,,,,26.95,62.38,0.83,232.73,0.0,0.0,503.99,910.74,,2023-08-14 08:00:00
2023-08-14 16:00:00,166.15,227.72,,,,,6.47,0.64,21.83,0.5,0.65,,,0.23,0.8,26.7,58.82,0.49,201.03,0.0,0.0,35.23,909.84,,2023-08-14 16:00:00
2023-08-15 00:00:00,60.28,,,,,,6.03,,,0.37,0.3,,,0.13,0.22,21.93,81.94,0.6,182.9,0.0,0.0,34.54,901.79,,2023-08-15 00:00:00
2023-08-15 08:00:00,99.28,,,,,,6.21,,,0.16,0.12,,,,0.09,28.47,52.81,0.86,234.43,0.0,0.0,598.09,915.08,,2023-08-15 08:00:00
2023-08-15 16:00:00,133.46,173.74,,,,,6.63,,,0.54,0.96,,,0.54,1.03,27.11,53.25,0.53,182.07,0.0,0.0,56.59,910.76,,2023-08-15 16:00:00
2023-08-16 00:00:00,,135.52,,,,,5.57,,,0.31,0.22,,,0.03,0.17,22.22,78.13,0.56,203.84,0.0,0.0,7.33,902.25,,2023-08-16 00:00:00
2023-08-16 08:00:00,,176.06,,,,,5.78,0.73,26.12,0.12,0.22,,,,0.23,30.28,45.81,0.93,244.81,0.0,0.0,636.58,916.18,,2023-08-16 08:00:00
2023-08-16 16:00:00,260.62,393.16,,,,,5.17,1.03,21.61,1.11,1.9,,,1.43,2.44,27.44,56.6,0.64,208.1,0.0,0.0,57.28,910.48,,2023-08-16 16:00:00
2023-08-17 00:00:00,73.55,111.93,,,,,6.16,0.74,21.36,0.26,0.29,,,0.03,0.13,22.79,80.37,0.62,224.36,0.0,0.0,25.57,903.19,,2023-08-17 00:00:00
2023-08-17 08:00:00,51.98,164.81,,,,,6.02,0.79,21.55,0.19,0.19,,,0.31,0.16,28.51,54.26,0.99,238.63,0.0,0.0,504.79,914.75,,2023-08-17 08:00:00
2023-08-17 16:00:00,109.11,217.34,,,,,5.88,0.82,21.56,0.27,0.56,,,0.13,0.42,27.13,58.95,0.88,236.04,0.0,0.0,55.44,910.6,,2023-08-17 16:00:00
2023-08-18 00:00:00,422.84,170.41,,,,,5.81,0.76,21.43,0.21,0.16,,,0.03,0.11,22.17,79.74,0.74,228.09,0.0,0.0,23.53,902.16,,2023-08-18 00:00:00
2023-08-18 08:00:00,,231.35,,,,,6.56,0.72,21.9,0.15,0.23,,,,0.18,25.81,68.88,0.87,219.44,0.38,0.31,298.16,909.23,,2023-08-18 08:00:00
2023-08-18 16:00:00,,,,,,,,,,,,,,,,,,,,,0.0,,,,2023-08-18 16:00:00
2023-08-19 00:00:00,,,,,,,,,,,,,,,,,,,,,0.0,,,,2023-08-19 00:00:00
2023-08-19 08:00:00,151.31,80.52,,,,,6.77,,,0.13,0.15,,,0.08,0.19,26.84,63.55,0.81,218.3,0.0,0.0,319.76,911.41,,2023-08-19 08:00:00
2023-08-19 16:00:00,,66.39,,,,,6.27,,,0.23,0.53,,,0.05,0.31,23.69,73.52,0.64,207.38,0.05,0.05,31.5,904.75,,2023-08-19 16:00:00
2023-08-20 00:00:00,,63.41,,,,,5.46,,,0.27,0.3,,,0.03,0.13,20.98,87.61,0.56,211.93,0.0,0.0,27.26,899.62,,2023-08-20 00:00:00
2023-08-20 08:00:00,129.28,127.19,,,,,5.37,,,0.14,0.21,,,0.07,0.21,27.97,56.73,1.14,253.83,0.0,0.0,421.25,913.25,,2023-08-20 08:00:00
2023-08-20 16:00:00,72.42,96.48,,,,,5.2,,,0.34,0.27,,,0.15,0.33,25.88,65.24,0.74,208.69,0.0,0.0,46.25,908.2,,2023-08-20 16:00:00
2023-08-21 00:00:00,,81.07,,,,,5.77,,,0.42,0.26,,,0.11,0.26,22.18,83.05,0.62,214.23,0.0,0.0,24.88,901.81,,2023-08-21 00:00:00
2023-08-21 08:00:00,93.86,138.28,,,,,5.91,0.61,23.16,0.14,0.19,,,0.04,0.19,28.0,55.78,1.09,265.75,0.0,0.0,483.76,912.23,,2023-08-21 08:00:00
2023-08-21 16:00:00,235.81,324.91,,,,,5.84,1.7,21.45,3.41,5.01,,,1.16,8.97,26.39,61.6,0.63,184.01,0.0,0.0,36.9,907.81,,2023-08-21 16:00:00
2023-08-22 00:00:00,68.03,102.16,,,,,5.68,0.59,21.5,0.34,0.74,,,0.36,0.54,23.05,78.81,0.58,238.7,0.0,0.0,20.37,903.02,,2023-08-22 00:00:00
2023-08-22 08:00:00,92.81,162.38,,,,,5.69,0.58,21.22,0.21,0.31,,,0.06,0.19,28.83,56.15,0.76,259.71,0.0,0.0,428.1,914.03,,2023-08-22 08:00:00
2023-08-22 16:00:00,235.4,251.05,,,,,5.68,0.93,21.65,1.57,2.46,,,1.35,3.46,27.56,58.56,0.49,194.29,0.0,0.0,46.08,911.02,,2023-08-22 16:00:00
2023-08-23 00:00:00,48.92,115.66,,,,,5.71,0.7,21.61,0.19,0.31,,,,0.13,23.26,76.5,0.7,234.26,0.0,0.0,14.9,904.02,,2023-08-23 00:00:00
2023-08-23 08:00:00,133.18,132.61,,,,,5.71,0.75,21.95,0.19,0.19,,,,0.14,28.87,53.25,0.85,247.55,0.0,0.0,480.46,914.86,,2023-08-23 08:00:00
2023-08-23 16:00:00,293.77,341.43,,,,,5.9,1.01,21.66,1.11,1.66,,,1.15,2.31,27.28,54.86,0.51,159.58,0.0,0.0,31.2,910.68,,2023-08-23 16:00:00
2023-08-24 00:00:00,77.91,110.25,,,,,5.98,0.67,21.66,0.33,0.65,,,0.13,0.22,22.86,78.59,0.57,205.39,0.0,0.0,13.71,903.4,,2023-08-24 00:00:00
2023-08-24 08:00:00,91.42,146.6,,,,,5.87,0.69,21.34,0.28,0.23,,,,0.17,28.14,53.44,0.84,239.46,0.0,0.0,439.05,913.63,,2023-08-24 08:00:00
2023-08-24 16:00:00,194.21,190.61,,,,,5.96,0.95,21.36,1.59,1.68,,,0.52,1.61,26.73,54.3,0.69,221.83,0.0,0.0,51.0,909.56,,2023-08-24 16:00:00
2023-08-25 00:00:00,70.82,,,,,,5.88,0.71,21.56,0.4,0.52,,,,0.37,21.83,81.41,0.59,198.62,0.0,0.0,27.31,901.45,,2023-08-25 00:00:00
2023-08-25 08:00:00,146.22,258.05,,,,,6.07,0.76,21.78,0.32,0.32,,,,0.16,29.34,46.99,0.78,227.73,0.0,0.0,509.54,915.03,,2023-08-25 08:00:00
2023-08-25 16:00:00,235.39,357.33,,,,,6.26,0.93,21.66,0.83,1.09,,,0.65,1.54,27.14,53.69,0.43,174.46,0.0,0.0,37.42,909.0,,2023-08-25 16:00:00
2023-08-26 00:00:00,47.86,74.45,,,,,5.84,0.57,21.55,0.26,0.32,,,0.08,0.18,22.58,79.93,0.59,206.06,0.0,0.0,20.1,902.0,,2023-08-26 00:00:00
2023-08-26 08:00:00,128.02,285.29,,,,,5.97,0.61,21.76,0.23,0.19,,,,0.15,29.33,54.06,0.83,237.37,0.0,0.0,450.93,914.35,,2023-08-26 08:00:00
2023-08-26 16:00:00,452.23,607.42,,,,,6.3,0.68,22.39,0.2,0.3,,,,0.23,30.66,47.18,0.65,253.5,0.0,0.0,101.9,915.13,,2023-08-26 16:00:00
2023-08-27 00:00:00,21.6,87.09,,,,,6.07,0.61,21.97,0.15,0.13,,,,0.09,22.99,81.45,0.63,237.2,0.0,0.0,17.76,902.36,,2023-08-27 00:00:00
2023-08-27 08:00:00,128.29,89.93,,,,,6.06,0.64,21.9,0.12,0.12,,,,0.12,28.93,54.45,0.85,244.38,0.0,0.0,449.55,913.17,,2023-08-27 08:00:00
2023-08-27 16:00:00,157.35,195.51,,,,,6.26,0.85,21.53,0.86,1.11,,,1.2,1.47,26.19,68.11,0.55,172.04,0.0,0.0,19.05,907.62,,2023-08-27 16:00:00
2023-08-28 00:00:00,31.13,65.67,,,,,5.4,0.61,21.4,0.37,0.31,,,,0.25,23.12,82.2,0.56,198.63,0.0,0.0,27.66,902.63,,2023-08-28 00:00:00
2023-08-28 08:00:00,85.59,197.54,,,,,5.33,0.6,21.96,0.15,0.18,,,,0.14,29.83,45.89,0.87,235.56,0.0,0.0,546.6,915.16,,2023-08-28 08:00:00
2023-08-28 16:00:00,261.23,369.32,,,,,5.48,0.72,21.12,0.68,1.12,,,0.29,0.77,28.69,51.86,0.63,228.63,0.0,0.0,45.56,911.43,,2023-08-28 16:00:00
2023-08-29 00:00:00,47.94,88.68,,,,,6.0,0.59,21.39,0.13,0.17,,,,0.08,23.76,72.08,0.76,237.64,0.0,0.0,17.91,903.87,,2023-08-29 00:00:00
2023-08-29 08:00:00,94.43,128.09,,,,,6.3,0.67,21.43,0.17,0.27,,,,0.17,28.94,50.15,0.99,265.06,0.0,0.0,398.93,913.33,,2023-08-29 08:00:00
2023-08-29 16:00:00,213.19,439.51,,,,,6.12,0.77,21.97,0.71,1.17,,,1.04,1.36,26.69,60.74,0.48,216.8,0.0,0.0,27.33,908.36,,2023-08-29 16:00:00
2023-08-30 00:00:00,64.88,160.46,,,,,6.15,0.6,20.66,0.22,0.47,,,,0.17,23.14,78.62,0.45,193.97,0.0,0.0,4.35,903.22,,2023-08-30 00:00:00
2023-08-30 08:00:00,253.32,,,,,,5.88,0.67,21.59,0.1,0.34,,,,0.14,31.46,40.49,1.02,260.82,0.0,0.0,305.97,912.81,,2023-08-30 08:00:00
2023-08-30 16:00:00,220.01,229.31,,,,,5.39,0.88,21.56,0.95,1.28,,,0.82,2.1,28.86,49.14,0.7,275.09,0.0,0.0,40.29,911.08,,2023-08-30 16:00:00
2023-08-31 00:00:00,107.07,170.03,,,,,6.07,0.66,21.62,0.35,0.63,,,0.1,0.39,23.76,79.81,0.52,167.15,0.0,0.0,9.85,904.11,,2023-08-31 00:00:00
2023-08-31 08:00:00,139.8,218.59,,,,,8.06,0.74,27.75,0.0,0.0,,,,,28.95,58.39,0.81,248.47,0.0,0.0,489.14,912.26,,2023-08-31 08:00:00
2023-08-31 16:00:00,,,,,,,,,,,,,,,,,,,,,0.0,,,,2023-08-31 16:00:00
2023-09-01 00:00:00,117.44,,,,,,13.66,0.57,37.47,0.22,0.48,,,,0.13,29.1,58.63,0.74,216.79,0.0,0.0,719.46,913.31,,2023-09-01 00:00:00
2023-09-01 08:00:00,135.44,154.74,,,,,7.08,0.73,21.1,0.67,1.92,,,,1.18,27.71,64.85,0.69,195.75,0.0,0.0,145.6,909.4,,2023-09-01 08:00:00
2023-09-01 16:00:00,74.7,158.19,,,,,6.03,0.73,21.7,0.34,0.83,,,,1.0,22.87,87.6,0.68,166.82,0.0,0.0,4.81,903.65,,2023-09-01 16:00:00
2023-09-02 00:00:00,56.87,67.22,,,,,5.73,0.78,21.4,0.36,0.2,,,,0.19,24.99,77.33,0.74,234.44,0.0,0.0,258.65,908.17,,2023-09-02 00:00:00
2023-09-02 08:00:00,128.63,96.16,,,,,6.45,0.77,33.26,0.13,0.27,,,,,28.13,69.32,0.84,196.63,0.0,0.0,264.14,907.47,,2023-09-02 08:00:00
2023-09-02 16:00:00,36.34,87.97,,,,,6.38,1.02,22.68,0.83,1.77,,,,1.0,23.3,90.66,0.53,210.97,0.0,0.0,6.89,904.25,,2023-09-02 16:00:00
2023-09-03 00:00:00,30.65,56.34,,,,,6.41,0.79,23.56,0.19,0.39,,,,0.12,22.16,91.89,0.52,186.92,0.0,0.0,6.01,902.66,,2023-09-03 00:00:00
2023-09-03 08:00:00,,,,,,,,,,,,,,,,,,,,,0.0,,,,2023-09-03 08:00:00
2023-09-03 16:00:00,,,,,,,,,,,,,,,,,,,,,0.0,,,,2023-09-03 16:00:00
2023-09-04 00:00:00,,,,,,,,,,,,,,,,,,,,,0.0,,,,2023-09-04 00:00:00
2023-09-04 08:00:00,63.56,103.82,,,,,5.5,0.76,,0.2,0.54,,,,,26.11,62.75,1.26,251.32,0.0,0.0,273.56,907.25,,2023-09-04 08:00:00
2023-09-04 16:00:00,,,8.27,7.05,16.0,14.66,5.26,0.83,,0.24,0.73,,,,0.51,25.03,62.88,0.64,236.66,0.0,0.0,92.41,904.5,,2023-09-04 16:00:00
2023-09-05 00:00:00,,,,,,,,,,,,,,,,,,,,,0.0,,,,2023-09-05 00:00:00
2023-09-05 08:00:00,69.58,118.09,5.05,10.11,15.1,14.98,6.2,0.57,21.68,0.37,0.59,,,,0.32,26.32,66.93,1.06,230.55,0.0,0.0,317.37,907.56,,2023-09-05 08:00:00
2023-09-05 16:00:00,67.99,108.08,5.64,10.86,15.97,14.91,5.5,0.64,21.61,0.61,1.6,,,,0.76,22.25,91.79,0.57,208.98,0.5,0.5,30.91,903.42,,2023-09-05 16:00:00
2023-09-06 00:00:00,16.15,24.47,5.0,10.56,15.29,14.96,5.47,0.77,21.62,0.36,0.55,,,0.08,0.18,20.92,95.74,0.34,157.33,0.0,0.0,14.78,901.13,,2023-09-06 00:00:00
2023-09-06 08:00:00,14.9,36.39,5.0,10.39,13.76,14.98,6.33,0.81,21.83,0.47,1.21,,,,1.92,25.93,72.77,0.68,212.2,0.0,0.0,327.26,908.05,,2023-09-06 08:00:00
2023-09-06 16:00:00,24.93,32.13,5.0,10.0,9.38,15.0,6.67,0.67,21.45,0.4,0.98,,,,1.35,22.85,87.81,0.51,170.79,0.0,0.0,43.57,901.54,,2023-09-06 16:00:00
2023-09-07 00:00:00,16.93,24.06,5.04,10.01,9.42,15.0,5.91,0.72,21.31,0.31,0.33,,,,0.34,21.74,90.52,0.43,180.69,0.0,0.0,17.27,901.66,,2023-09-07 00:00:00
2023-09-07 08:00:00,21.99,30.86,5.05,10.0,9.42,15.0,6.09,0.74,21.52,0.25,0.33,,,0.46,0.35,27.26,65.47,0.91,222.49,0.0,0.0,400.57,909.96,,2023-09-07 08:00:00
2023-09-07 16:00:00,41.4,55.06,5.09,9.99,9.45,15.0,5.86,0.85,21.32,0.55,1.28,,,,1.0,23.83,79.46,0.57,197.46,0.0,0.0,26.61,903.73,,2023-09-07 16:00:00
2023-09-08 00:00:00,20.38,41.98,5.0,10.0,9.38,15.0,5.35,0.73,21.29,0.19,0.21,,,,0.16,21.98,85.58,0.5,177.34,0.0,0.0,15.3,901.27,,2023-09-08 00:00:00
2023-09-08 08:00:00,28.38,49.96,5.0,10.0,9.38,15.0,5.44,0.76,21.32,0.16,0.24,,,,0.12,26.48,65.79,0.98,214.04,0.0,0.0,388.84,910.48,,2023-09-08 08:00:00
2023-09-08 16:00:00,57.83,73.25,5.0,10.0,9.38,15.0,5.37,0.82,21.31,0.35,0.58,,,,0.54,25.14,72.17,0.54,181.92,0.0,0.0,40.95,906.32,,2023-09-08 16:00:00
2023-09-09 00:00:00,37.26,54.75,5.0,10.0,9.39,15.0,5.81,0.7,21.27,0.27,0.32,,,,0.25,21.58,88.27,0.56,168.6,0.0,0.0,20.16,900.69,,2023-09-09 00:00:00
2023-09-09 08:00:00,50.28,105.5,5.0,10.0,9.38,15.0,5.79,0.72,21.36,0.15,0.25,,,,0.15,28.37,57.52,1.14,236.46,0.0,0.0,572.58,913.76,,2023-09-09 08:00:00
2023-09-09 16:00:00,109.44,163.11,5.0,10.0,9.38,15.0,5.87,0.74,21.27,0.24,0.53,,,,0.48,26.03,68.0,0.78,217.22,0.0,0.0,45.85,907.72,,2023-09-09 16:00:00
2023-09-10 00:00:00,27.55,49.45,5.12,10.0,9.48,14.99,5.67,0.7,21.25,0.21,0.28,,,,0.06,21.86,86.13,0.48,187.43,0.0,0.0,13.56,901.1,,2023-09-10 00:00:00
2023-09-10 08:00:00,49.04,90.56,5.12,9.99,9.48,15.0,5.74,0.7,21.41,0.16,0.19,,,,0.2,27.83,59.16,0.99,228.31,0.0,0.0,423.8,912.38,,2023-09-10 08:00:00
2023-09-10 16:00:00,80.71,104.36,5.12,10.0,9.48,15.0,5.71,0.76,21.35,0.28,0.26,,,,0.27,26.02,66.68,0.72,222.98,0.0,0.0,42.29,908.19,,2023-09-10 16:00:00
2023-09-11 00:00:00,26.6,39.71,5.02,10.01,9.41,15.0,5.9,0.6,21.27,0.24,0.15,,,,0.07,21.8,86.35,0.57,205.14,0.0,0.0,21.27,901.05,,2023-09-11 00:00:00
2023-09-11 08:00:00,85.76,226.03,5.02,10.0,9.4,15.0,5.99,0.63,21.36,0.16,0.29,,,,0.13,27.23,62.84,1.06,242.25,0.0,0.0,307.08,910.8,,2023-09-11 08:00:00
2023-09-11 16:00:00,75.98,111.2,5.02,9.99,9.4,15.0,6.0,0.71,21.31,0.45,0.91,,,,0.98,23.3,84.24,0.78,170.56,0.0,0.0,30.49,902.9,,2023-09-11 16:00:00
2023-09-12 00:00:00,26.59,51.67,5.0,10.0,9.38,15.0,5.59,0.65,21.24,0.3,0.56,,,,0.39,20.91,91.08,0.42,184.59,0.0,0.0,21.46,899.74,,2023-09-12 00:00:00
2023-09-12 08:00:00,67.0,100.04,5.0,10.0,9.38,15.0,5.81,0.67,21.37,0.19,0.47,,,,0.25,27.9,61.33,1.22,258.79,0.0,0.0,494.83,910.67,,2023-09-12 08:00:00
2023-09-12 16:00:00,63.11,152.63,5.0,10.0,9.38,15.0,5.6,0.72,21.24,0.43,0.99,,,,0.7,25.01,73.61,0.78,179.01,0.0,0.0,39.12,906.29,,2023-09-12 16:00:00
2023-09-13 00:00:00,25.45,72.81,5.0,10.0,9.38,15.0,5.94,0.64,21.26,0.27,0.44,,,,0.28,21.62,87.46,0.38,187.39,0.0,0.0,24.24,901.39,,2023-09-13 00:00:00
2023-09-13 08:00:00,54.73,126.74,5.0,10.0,9.38,15.0,6.04,0.65,21.31,0.28,0.24,,,,0.07,27.44,60.27,0.93,238.38,0.0,0.0,445.09,913.13,,2023-09-13 08:00:00
2023-09-13 16:00:00,62.6,96.55,5.0,10.01,9.38,15.0,6.14,0.72,21.32,0.45,1.32,,,,1.01,23.82,81.12,0.58,182.53,0.0,0.0,43.91,904.98,,2023-09-13 16:00:00
2023-09-14 00:00:00,23.77,45.12,5.14,9.99,9.49,14.99,6.2,0.67,21.25,0.37,0.54,,,,0.51,20.77,90.47,0.42,168.82,0.0,0.0,19.13,898.72,,2023-09-14 00:00:00
2023-09-14 08:00:00,23.97,52.13,5.15,10.0,9.51,14.99,6.24,0.66,21.21,0.21,0.29,,,,0.22,26.04,67.42,0.87,230.56,0.0,0.0,323.73,910.82,,2023-09-14 08:00:00
2023-09-14 16:00:00,34.35,74.75,5.15,10.01,9.51,14.99,6.24,0.7,21.25,0.34,0.54,,,,0.4,24.15,76.41,0.61,198.24,0.0,0.0,31.34,905.39,,2023-09-14 16:00:00
2023-09-15 00:00:00,18.94,68.51,5.0,10.0,9.38,15.0,6.07,0.72,21.2,0.45,0.43,,,,0.36,21.56,87.66,0.51,202.56,0.0,0.0,16.0,900.69,,2023-09-15 00:00:00
2023-09-15 08:00:00,48.55,110.88,5.0,10.0,9.38,15.0,6.11,0.74,21.32,0.21,0.3,,,,,26.43,66.99,0.79,223.08,0.0,0.0,354.87,910.59,,2023-09-15 08:00:00
2023-09-15 16:00:00,49.93,110.63,5.02,10.02,9.41,15.0,6.24,0.85,21.24,0.68,1.09,,,,0.93,23.72,85.71,0.49,198.15,0.0,0.0,33.12,905.07,,2023-09-15 16:00:00
2023-09-16 00:00:00,16.41,35.48,5.08,10.04,9.47,14.99,6.24,0.73,21.25,0.29,0.37,,,,,21.95,88.36,0.42,197.91,0.0,0.0,13.39,901.02,,2023-09-16 00:00:00
2023-09-16 08:00:00,23.37,33.81,5.07,10.02,9.46,14.99,6.31,0.73,21.33,0.22,0.39,,,,0.33,26.84,68.59,0.74,224.71,0.0,0.0,363.28,910.96,,2023-09-16 08:00:00
2023-09-16 16:00:00,36.06,50.07,5.09,10.04,9.48,14.99,6.26,0.77,21.35,0.25,0.52,,,,0.45,25.2,69.25,0.62,212.07,0.0,0.0,22.18,907.39,,2023-09-16 16:00:00
2023-09-17 00:00:00,25.19,121.84,5.11,10.12,9.54,14.98,6.0,0.63,21.35,0.26,0.29,,,,0.21,22.32,85.18,0.53,208.44,0.0,0.0,23.1,902.03,,2023-09-17 00:00:00
2023-09-17 08:00:00,,43.11,5.04,10.01,9.42,15.0,6.08,0.63,21.35,0.13,0.21,,,,0.28,27.39,65.59,0.86,231.3,0.0,0.0,359.51,911.88,,2023-09-17 08:00:00
2023-09-17 16:00:00,38.13,51.19,5.04,10.0,9.42,15.0,6.14,0.76,21.35,0.56,1.03,,,,0.82,24.49,85.5,0.47,184.66,0.0,0.0,35.62,905.52,,2023-09-17 16:00:00
2023-09-18 00:00:00,15.66,30.33,5.12,10.05,9.51,14.99,5.92,0.65,21.35,0.24,0.23,,,,0.2,21.68,90.36,0.47,152.21,0.0,0.0,17.42,901.25,,2023-09-18 00:00:00
2023-09-18 08:00:00,20.55,36.14,5.1,10.01,9.47,14.99,6.06,0.66,21.35,0.19,0.2,,,,0.13,27.28,65.59,0.87,246.71,0.0,0.0,415.8,912.0,,2023-09-18 08:00:00
2023-09-18 16:00:00,22.94,39.58,5.15,10.11,9.57,14.98,6.01,0.7,21.35,0.26,0.57,,,,0.54,22.95,89.14,0.62,158.36,0.0,0.0,15.89,902.95,,2023-09-18 16:00:00
2023-09-19 00:00:00,13.84,34.02,5.08,10.13,9.52,14.98,6.36,0.77,21.35,0.3,0.26,,,,0.19,21.68,92.87,0.5,193.22,0.0,0.0,30.72,901.13,,2023-09-19 00:00:00
2023-09-19 08:00:00,10.28,51.97,5.01,10.0,9.39,15.0,6.41,0.78,21.35,0.13,0.36,,,,,28.08,58.02,0.87,239.98,0.0,0.0,477.18,913.72,,2023-09-19 08:00:00
2023-09-19 16:00:00,38.35,125.78,5.03,10.03,9.42,15.0,6.5,0.92,21.35,0.62,1.26,,,,0.83,25.52,69.82,0.7,213.05,0.0,0.0,40.08,907.44,,2023-09-19 16:00:00
2023-09-20 00:00:00,30.43,104.0,5.11,10.19,9.57,14.99,5.61,0.55,21.35,0.23,0.32,,,,0.2,21.84,85.45,0.5,193.74,0.0,0.0,25.77,900.78,,2023-09-20 00:00:00
2023-09-20 08:00:00,37.95,105.45,5.01,10.0,9.39,15.0,5.74,0.56,21.35,0.2,0.29,,,,0.46,26.53,68.67,0.85,227.91,0.0,0.0,371.52,911.38,,2023-09-20 08:00:00
2023-09-20 16:00:00,36.75,70.7,5.07,10.11,9.5,14.99,6.05,0.92,21.35,1.22,2.98,,,,1.22,24.13,87.35,0.5,160.85,0.0,0.0,31.23,904.87,,2023-09-20 16:00:00
2023-09-21 00:00:00,23.53,53.7,5.24,10.32,9.75,14.97,6.06,0.7,21.35,0.48,0.6,,,,0.46,21.86,89.48,0.43,196.77,0.0,0.0,15.89,900.59,,2023-09-21 00:00:00
2023-09-21 08:00:00,20.77,51.1,5.08,10.01,9.45,14.99,6.1,0.68,21.35,0.21,0.32,,,,,26.14,69.85,0.72,244.68,0.0,0.0,335.96,910.11,,2023-09-21 08:00:00
2023-09-21 16:00:00,38.91,97.54,5.14,10.08,9.54,14.99,6.31,1.08,21.35,1.25,2.11,,,,1.02,25.02,77.89,0.47,162.17,0.0,0.0,31.99,907.1,,2023-09-21 16:00:00
2023-09-22 00:00:00,25.25,82.93,5.14,10.23,9.62,14.98,5.9,0.64,21.35,0.28,0.3,,,,,22.3,87.01,0.52,203.53,0.0,0.0,17.97,901.74,,2023-09-22 00:00:00
2023-09-22 08:00:00,46.08,88.13,5.09,10.14,9.53,14.99,5.98,0.68,21.35,0.27,0.36,,,,0.09,27.95,61.9,0.6,245.0,0.0,0.0,455.12,913.24,,2023-09-22 08:00:00
2023-09-22 16:00:00,80.58,226.71,5.07,10.1,9.5,14.99,6.14,0.86,21.35,0.82,1.15,,,,0.74,26.2,70.84,0.54,192.72,0.0,0.0,38.87,909.01,,2023-09-22 16:00:00
2023-09-23 00:00:00,30.77,343.1,5.07,10.17,9.53,14.99,5.86,0.66,21.35,0.28,0.46,,,,0.37,22.35,89.15,0.5,175.0,0.0,0.0,25.75,902.28,,2023-09-23 00:00:00
2023-09-23 08:00:00,61.74,125.9,5.04,10.12,9.48,15.0,5.76,0.68,21.35,0.23,0.27,,,,0.19,28.65,60.49,0.69,225.43,0.0,0.0,417.8,914.5,,2023-09-23 08:00:00
2023-09-23 16:00:00,88.55,165.92,5.03,10.05,9.44,15.0,6.01,0.76,21.35,0.53,0.79,,,,0.85,27.01,66.48,0.55,184.67,0.0,0.0,44.45,909.63,,2023-09-23 16:00:00
2023-09-24 00:00:00,35.02,93.69,5.09,10.22,9.57,15.0,5.84,0.62,21.35,0.33,0.32,,,,0.12,22.16,89.43,0.54,212.17,0.0,0.0,12.67,901.99,,2023-09-24 00:00:00
2023-09-24 08:00:00,36.72,53.9,5.07,10.11,9.5,15.0,5.84,0.61,21.35,0.16,0.25,,,,0.11,27.83,64.93,0.8,236.28,0.0,0.0,414.08,912.6,,2023-09-24 08:00:00
2023-09-24 16:00:00,67.85,81.81,5.08,10.2,9.55,15.0,5.94,0.73,21.35,0.65,0.93,,,,0.99,25.61,75.83,0.52,216.5,0.0,0.0,27.44,907.12,,2023-09-24 16:00:00
2023-09-25 00:00:00,23.58,40.5,5.27,10.53,9.88,15.0,6.0,0.62,21.35,0.31,0.25,,,,0.1,21.99,91.25,0.53,210.01,0.0,0.0,11.81,902.34,,2023-09-25 00:00:00
2023-09-25 08:00:00,17.13,30.69,5.01,10.02,9.41,15.0,6.12,0.63,21.35,0.14,0.35,,,,0.14,26.92,66.64,1.09,260.35,0.0,0.0,439.82,910.93,,2023-09-25 08:00:00
2023-09-25 16:00:00,29.85,47.54,5.28,10.32,9.76,14.99,6.3,0.82,21.35,0.64,1.92,,,,0.6,22.9,88.82,0.65,204.13,0.0,0.0,20.62,902.88,,2023-09-25 16:00:00
2023-09-26 00:00:00,15.07,44.45,5.3,10.49,9.89,15.0,5.85,0.67,21.35,0.18,0.36,,,,0.15,21.81,93.56,0.49,240.44,0.0,0.0,11.33,900.48,,2023-09-26 00:00:00
2023-09-26 08:00:00,13.12,44.9,5.12,10.18,9.57,15.0,5.89,0.68,21.35,0.14,0.18,,,,0.18,27.27,64.51,0.76,229.74,0.0,0.0,463.73,912.98,,2023-09-26 08:00:00
2023-09-26 16:00:00,23.72,56.19,5.16,10.31,9.68,15.01,6.15,0.73,21.35,0.26,0.73,,,,0.33,25.58,70.3,0.56,202.12,0.0,0.0,43.63,906.26,,2023-09-26 16:00:00
2023-09-27 00:00:00,20.3,57.47,5.0,10.25,9.52,15.03,5.92,0.65,21.35,0.24,0.27,,,,0.25,21.83,86.87,0.49,188.28,0.0,0.0,22.98,900.19,,2023-09-27 00:00:00
2023-09-27 08:00:00,23.51,76.0,5.0,10.1,9.43,15.02,5.88,0.65,21.35,0.16,0.32,,,,0.13,27.41,61.48,1.04,241.14,0.0,0.0,430.6,911.34,,2023-09-27 08:00:00
2023-09-27 16:00:00,31.51,72.43,5.05,10.64,9.76,15.06,6.04,0.8,21.35,0.46,1.27,,,,1.02,24.53,72.62,0.47,183.23,0.0,0.0,20.25,905.72,,2023-09-27 16:00:00
2023-09-28 00:00:00,21.92,65.27,5.04,10.31,9.58,15.04,6.04,0.69,21.35,0.46,0.55,,,,0.51,21.25,89.91,0.53,175.62,0.0,0.0,24.77,899.21,,2023-09-28 00:00:00
2023-09-28 08:00:00,32.01,121.86,5.01,10.44,9.63,15.06,6.05,0.67,21.35,0.25,0.35,,,,0.22,26.14,68.65,0.67,220.31,0.0,0.0,277.44,909.33,,2023-09-28 08:00:00
2023-09-28 16:00:00,32.76,60.04,5.01,10.31,9.57,15.04,6.16,0.73,21.35,0.42,0.87,,,,0.73,22.14,90.75,0.46,178.92,0.0,0.0,9.43,901.64,,2023-09-28 16:00:00
2023-09-29 00:00:00,15.71,35.81,5.04,10.34,9.6,15.04,5.71,0.69,21.35,0.27,0.48,,,,0.35,21.18,88.63,0.56,171.36,0.0,0.0,35.15,898.83,,2023-09-29 00:00:00
2023-09-29 08:00:00,14.38,32.62,5.02,10.33,9.57,15.03,5.76,0.68,21.35,0.13,0.27,,,,0.1,26.2,66.8,0.92,226.82,0.0,0.0,377.94,910.22,,2023-09-29 08:00:00
2023-09-29 16:00:00,27.3,48.55,5.07,10.51,9.71,15.05,5.78,0.73,21.35,0.26,0.46,,,,0.32,24.0,72.42,0.56,201.45,0.0,0.0,32.28,904.97,,2023-09-29 16:00:00
2023-09-30 00:00:00,19.94,58.55,5.09,10.28,9.6,15.03,5.29,0.77,21.35,0.29,0.55,,,,0.57,21.52,86.99,0.44,167.38,0.0,0.0,25.53,900.18,,2023-09-30 00:00:00
2023-09-30 08:00:00,33.29,63.42,5.16,10.48,9.76,15.04,5.25,0.78,21.35,0.23,0.37,,,,0.29,26.25,69.12,0.69,211.6,0.0,0.0,314.14,909.97,,2023-09-30 08:00:00
2023-09-30 16:00:00,32.95,60.77,5.19,10.55,9.83,15.04,5.31,0.79,21.35,0.2,0.55,,,,0.43,23.61,77.07,0.71,220.02,0.0,0.0,21.53,903.54,,2023-09-30 16:00:00
2023-10-01 00:00:00,11.59,35.55,5.31,10.41,9.86,15.04,6.08,0.54,21.35,0.11,0.21,,,,0.09,21.88,86.06,0.39,183.7,0.0,0.0,11.65,901.56,,2023-10-01 00:00:00
2023-10-01 08:00:00,52.86,79.24,5.35,10.49,9.93,15.02,6.21,0.56,21.35,0.14,0.18,,,,0.09,27.21,63.38,0.98,219.37,0.0,0.0,430.87,911.52,,2023-10-01 08:00:00
2023-10-01 16:00:00,48.83,70.71,5.33,10.49,9.9,15.02,6.25,0.6,21.35,0.24,0.4,,,,0.22,24.41,70.88,0.53,198.75,0.0,0.0,25.87,904.94,,2023-10-01 16:00:00
2023-10-02 00:00:00,20.51,51.27,5.0,10.18,9.48,15.07,6.15,0.61,21.35,0.19,0.24,,,,0.1,21.55,86.64,0.41,190.25,0.0,0.0,27.78,900.18,,2023-10-02 00:00:00
2023-10-02 08:00:00,48.5,113.65,5.0,10.07,9.42,15.04,6.3,0.69,21.35,0.18,0.18,,,,0.22,28.27,53.83,1.07,229.6,0.0,0.0,483.79,914.02,,2023-10-02 08:00:00
2023-10-02 16:00:00,88.32,282.32,5.01,10.63,9.74,15.08,6.52,0.96,21.35,1.16,1.89,,,,1.25,25.19,63.51,0.56,169.53,0.0,0.0,27.07,906.46,,2023-10-02 16:00:00
2023-10-03 00:00:00,67.44,186.22,5.0,10.08,9.42,15.04,5.76,0.8,21.35,0.55,0.68,,,,0.32,20.95,86.22,0.52,171.34,0.0,0.0,22.21,898.5,,2023-10-03 00:00:00
2023-10-03 08:00:00,74.26,170.75,5.0,10.27,9.53,15.12,5.82,0.79,21.35,0.27,0.45,,,,0.1,27.82,57.41,0.92,262.99,0.0,0.0,492.53,914.02,,2023-10-03 08:00:00
2023-10-03 16:00:00,123.27,350.81,5.01,10.37,9.59,15.06,6.31,1.31,21.35,3.92,4.39,,,,0.79,26.05,64.52,0.55,166.77,0.0,0.0,34.31,908.26,,2023-10-03 16:00:00
2023-10-04 00:00:00,,,,,,,,,,,,,,,,,,,,,0.0,,,,2023-10-04 00:00:00
2023-10-04 08:00:00,,,,,,,,,,,,,,,,,,,,,0.0,,,,2023-10-04 08:00:00
2023-10-04 16:00:00,,,,,,,,,,,,,,,,,,,,,0.0,,,,2023-10-04 16:00:00
2023-10-05 00:00:00,,,,,,,,,,,,,,,,,,,,,0.0,,,,2023-10-05 00:00:00
2023-10-05 08:00:00,,,,,,,,,,,,,,,,,,,,,0.0,,,,2023-10-05 08:00:00
2023-10-05 16:00:00,,,,,,,,,,,,,,,,,,,,,0.0,,,,2023-10-05 16:00:00
2023-10-06 00:00:00,,,,,,,,,,,,,,,,,,,,,0.0,,,,2023-10-06 00:00:00
2023-10-06 08:00:00,,,,,,,,,,,,,,,,,,,,,0.0,,,,2023-10-06 08:00:00
2023-10-06 16:00:00,,,,,,,,,,,,,,,,,,,,,0.0,,,,2023-10-06 16:00:00
2023-10-07 00:00:00,,,,,,,,,,,,,,,,,,,,,0.0,,,,2023-10-07 00:00:00
2023-10-07 08:00:00,,,,,,,,,,,,,,,,,,,,,0.0,,,,2023-10-07 08:00:00
2023-10-07 16:00:00,,,,,,,,,,,,,,,,,,,,,0.0,,,,2023-10-07 16:00:00
2023-10-08 00:00:00,,,,,,,,,,,,,,,,,,,,,0.0,,,,2023-10-08 00:00:00
2023-10-08 08:00:00,,,,,,,,,,,,,,,,,,,,,0.0,,,,2023-10-08 08:00:00
2023-10-08 16:00:00,,,,,,,,,,,,,,,,,,,,,0.0,,,,2023-10-08 16:00:00
2023-10-09 00:00:00,,,,,,,,,,,,,,,,,,,,,0.0,,,,2023-10-09 00:00:00
2023-10-09 08:00:00,,,,,,,,,,,,,,,,,,,,,0.0,,,,2023-10-09 08:00:00
2023-10-09 16:00:00,,,,,,,,,,,,,,,,,,,,,0.0,,,,2023-10-09 16:00:00
2023-10-10 00:00:00,,,,,,,,,,,,,,,,,,,,,0.0,,,,2023-10-10 00:00:00
2023-10-10 08:00:00,,,,,,,,,,,,,,,,,,,,,0.0,,,,2023-10-10 08:00:00
2023-10-10 16:00:00,,,,,,,,,,,,,,,,,,,,,0.0,,,,2023-10-10 16:00:00
2023-10-11 00:00:00,,,,,,,,,,,,,,,,,,,,,0.0,,,,2023-10-11 00:00:00
2023-10-11 08:00:00,,,,,,,,,,,,,,,,,,,,,0.0,,,,2023-10-11 08:00:00
2023-10-11 16:00:00,,,,,,,,,,,,,,,,,,,,,0.0,,,,2023-10-11 16:00:00
2023-10-12 00:00:00,,,,,,,,,,,,,,,,,,,,,0.0,,,,2023-10-12 00:00:00
2023-10-12 08:00:00,,,,,,,,,,,,,,,,,,,,,0.0,,,,2023-10-12 08:00:00
2023-10-12 16:00:00,,,,,,,,,,,,,,,,,,,,,0.0,,,,2023-10-12 16:00:00
2023-10-13 00:00:00,,,,,,,,,,,,,,,,,,,,,0.0,,,,2023-10-13 00:00:00
2023-10-13 08:00:00,,,,,,,,,,,,,,,,,,,,,0.0,,,,2023-10-13 08:00:00
2023-10-13 16:00:00,,,,,,,,,,,,,,,,,,,,,0.0,,,,2023-10-13 16:00:00
2023-10-14 00:00:00,,,,,,,,,,,,,,,,,,,,,0.0,,,,2023-10-14 00:00:00
2023-10-14 08:00:00,,,,,,,,,,,,,,,,,,,,,0.0,,,,2023-10-14 08:00:00
2023-10-14 16:00:00,,,,,,,,,,,,,,,,,,,,,0.0,,,,2023-10-14 16:00:00
2023-10-15 00:00:00,,,,,,,,,,,,,,,,,,,,,0.0,,,,2023-10-15 00:00:00
2023-10-15 08:00:00,,,,,,,,,,,,,,,,,,,,,0.0,,,,2023-10-15 08:00:00
2023-10-15 16:00:00,,,,,,,,,,,,,,,,,,,,,0.0,,,,2023-10-15 16:00:00
2023-10-16 00:00:00,,,,,,,,,,,,,,,,,,,,,0.0,,,,2023-10-16 00:00:00
2023-10-16 08:00:00,,,,,,,,,,,,,,,,,,,,,0.0,,,,2023-10-16 08:00:00
2023-10-16 16:00:00,,,,,,,,,,,,,,,,,,,,,0.0,,,,2023-10-16 16:00:00
2023-10-17 00:00:00,,,,,,,,,,,,,,,,,,,,,0.0,,,,2023-10-17 00:00:00
2023-10-17 08:00:00,,,,,,,,,,,,,,,,,,,,,0.0,,,,2023-10-17 08:00:00
2023-10-17 16:00:00,,,,,,,,,,,,,,,,,,,,,0.0,,,,2023-10-17 16:00:00
2023-10-18 00:00:00,,,,,,,,,,,,,,,,,,,,,0.0,,,,2023-10-18 00:00:00
2023-10-18 08:00:00,16.95,46.56,4.66,11.6,10.01,9.36,6.41,0.98,21.35,0.3,0.39,,,,0.15,30.1,40.71,1.14,53.35,0.0,0.0,398.06,916.2,,2023-10-18 08:00:00
2023-10-18 16:00:00,17.63,55.93,4.63,11.71,9.77,9.38,6.42,1.12,21.35,1.25,4.33,,,,,21.8,79.23,0.44,152.16,0.0,0.0,2.71,897.52,,2023-10-18 16:00:00
2023-10-19 00:00:00,19.23,57.33,4.66,11.81,9.92,9.37,5.55,0.79,21.35,1.32,3.68,,,,0.96,20.32,89.09,0.46,133.72,0.0,0.0,27.39,898.6,,2023-10-19 00:00:00
2023-10-19 08:00:00,14.11,50.29,4.67,11.73,9.93,9.4,5.56,0.86,21.35,0.7,1.07,,,,0.53,28.59,44.89,1.16,56.58,0.0,0.0,466.76,914.99,,2023-10-19 08:00:00
2023-10-19 16:00:00,20.52,64.67,4.68,11.66,10.01,9.38,5.76,0.92,21.35,0.78,1.17,,,,1.02,25.88,55.98,0.85,85.31,0.0,0.0,17.67,907.57,,2023-10-19 16:00:00
2023-10-20 00:00:00,21.67,67.4,4.64,11.7,10.01,9.36,5.75,0.74,21.35,0.65,0.73,,,,0.62,21.59,81.0,0.55,108.0,0.0,0.0,25.75,900.74,,2023-10-20 00:00:00
2023-10-20 08:00:00,17.87,51.98,4.62,11.71,9.98,9.34,5.88,0.82,21.35,0.56,0.5,,,,0.73,28.68,45.75,1.24,51.86,0.0,0.0,495.24,915.65,,2023-10-20 08:00:00
2023-10-20 16:00:00,20.11,55.74,4.66,11.71,9.95,9.34,6.01,0.87,21.35,0.8,1.08,,,,1.18,26.32,56.3,0.85,89.13,0.0,0.0,21.22,909.64,,2023-10-20 16:00:00
2023-10-21 00:00:00,18.88,54.03,4.67,11.75,9.94,9.35,6.1,0.96,21.35,0.64,0.56,,,,0.97,22.26,79.82,0.64,102.81,0.0,0.0,22.67,902.3,,2023-10-21 00:00:00
2023-10-21 08:00:00,12.59,32.45,4.66,11.65,9.98,9.37,6.12,1.07,21.35,0.59,0.46,,,,0.17,28.5,49.48,1.13,55.46,0.0,0.0,465.47,915.85,,2023-10-21 08:00:00
2023-10-21 16:00:00,19.48,57.85,4.65,11.74,10.0,9.39,6.35,1.22,21.35,1.14,1.58,,,,0.58,26.17,58.4,0.87,84.11,0.0,0.0,20.55,909.07,,2023-10-21 16:00:00
2023-10-22 00:00:00,13.29,41.69,4.66,11.68,10.09,9.35,6.17,0.8,21.35,0.54,0.52,,,,0.92,23.29,69.76,0.55,120.79,0.0,0.0,22.84,904.63,,2023-10-22 00:00:00
2023-10-22 08:00:00,14.49,45.19,4.65,11.68,9.97,9.38,6.45,0.9,21.35,0.71,0.56,,,,0.47,28.94,43.98,0.99,97.11,0.0,0.0,454.35,915.86,,2023-10-22 08:00:00
2023-10-22 16:00:00,17.67,46.65,4.67,11.68,9.99,9.4,6.57,1.13,21.35,1.37,1.6,,,,0.69,26.0,54.17,0.67,82.63,0.0,0.0,21.35,909.31,,2023-10-22 16:00:00
2023-10-23 00:00:00,22.15,66.46,4.64,11.79,9.95,9.35,5.59,1.17,21.35,2.72,3.28,,,,,20.38,85.23,0.51,109.38,0.0,0.0,26.16,898.92,,2023-10-23 00:00:00
2023-10-23 08:00:00,16.01,39.42,4.64,11.66,10.03,9.36,5.82,0.88,21.35,0.53,0.35,,,,0.56,28.6,38.27,1.23,192.23,0.0,0.0,522.5,915.45,,2023-10-23 08:00:00
2023-10-23 16:00:00,16.87,49.29,4.64,11.71,10.0,9.36,6.4,1.66,21.35,2.58,3.84,,,,1.01,23.14,53.16,0.55,125.46,0.0,0.0,22.59,904.38,,2023-10-23 16:00:00
2023-10-24 00:00:00,19.69,57.69,4.66,11.71,9.97,9.34,6.01,1.16,21.35,4.41,4.24,,,,,18.2,76.18,0.52,106.09,0.0,0.0,27.31,894.43,,2023-10-24 00:00:00
2023-10-24 08:00:00,12.91,42.7,4.66,11.66,10.02,9.38,6.58,0.75,21.35,1.35,1.01,,,,0.59,29.15,27.81,0.97,222.4,0.0,0.0,543.37,917.02,,2023-10-24 08:00:00
2023-10-24 16:00:00,14.57,43.68,4.66,11.69,9.92,9.37,6.39,1.08,21.35,1.71,2.34,,,,0.64,24.32,40.54,0.53,146.14,0.0,0.0,21.69,906.88,,2023-10-24 16:00:00
2023-10-25 00:00:00,15.13,51.54,4.64,11.73,10.11,9.33,5.76,1.26,21.35,3.57,3.88,,,,,18.0,74.88,0.45,101.34,0.0,0.0,26.95,895.75,,2023-10-25 00:00:00
2023-10-25 08:00:00,17.77,58.75,4.66,11.7,9.95,9.39,6.87,0.8,21.35,1.06,0.8,,,,0.82,28.99,32.5,1.0,81.86,0.0,0.0,534.36,916.17,,2023-10-25 08:00:00
2023-10-25 16:00:00,19.84,178.68,4.64,11.69,9.92,9.36,6.77,1.33,21.35,2.2,3.21,,,,0.62,24.61,39.73,0.5,145.13,0.0,0.0,21.54,907.46,,2023-10-25 16:00:00
2023-10-26 00:00:00,17.98,55.03,4.64,11.71,10.0,9.37,6.29,1.09,21.35,2.01,3.12,,,,1.69,19.06,75.43,0.43,132.92,0.0,0.0,24.76,896.7,,2023-10-26 00:00:00
2023-10-26 08:00:00,16.76,44.42,4.65,11.62,9.95,9.37,6.86,0.88,21.35,0.96,0.81,,,,0.8,28.29,42.39,0.94,97.67,0.0,0.0,495.79,915.86,,2023-10-26 08:00:00
2023-10-26 16:00:00,16.04,53.05,4.64,11.71,10.03,9.36,7.18,1.32,21.35,1.95,2.95,,,,0.44,25.15,49.69,0.56,83.45,0.0,0.0,20.68,907.47,,2023-10-26 16:00:00
2023-10-27 00:00:00,15.75,45.21,4.66,11.72,9.99,9.35,6.0,0.82,21.35,0.83,1.58,,,,0.7,21.06,79.26,0.57,93.63,0.0,0.0,25.02,898.93,,2023-10-27 00:00:00
2023-10-27 08:00:00,16.16,43.38,4.64,11.67,10.03,9.33,7.02,0.91,21.35,0.45,0.43,,,,0.53,28.18,43.51,1.08,66.16,0.0,0.0,493.0,915.87,,2023-10-27 08:00:00
2023-10-27 16:00:00,18.31,61.05,4.66,11.67,9.94,9.38,6.99,1.03,21.35,1.04,1.62,,,,0.54,25.65,55.05,0.93,88.25,0.0,0.0,20.23,908.66,,2023-10-27 16:00:00
2023-10-28 00:00:00,12.88,32.24,4.68,11.65,9.95,9.36,5.84,0.72,21.35,0.41,0.34,,,,0.52,22.24,79.76,0.81,74.51,0.0,0.0,25.46,902.36,,2023-10-28 00:00:00
2023-10-28 08:00:00,11.49,26.35,4.67,11.66,10.0,9.35,5.98,0.84,21.35,0.52,0.45,,,,0.28,28.22,53.46,1.06,71.3,0.0,0.0,424.92,914.67,,2023-10-28 08:00:00
2023-10-28 16:00:00,13.37,32.64,4.65,11.67,9.98,9.34,6.21,0.95,21.35,0.72,1.44,,,,0.86,26.09,59.06,0.9,91.61,0.0,0.0,20.39,909.41,,2023-10-28 16:00:00
2023-10-29 00:00:00,11.29,35.75,4.68,11.72,10.01,9.35,5.96,0.77,21.35,0.35,0.45,,,,0.29,22.8,80.15,0.89,92.67,0.0,0.0,17.78,903.23,,2023-10-29 00:00:00
2023-10-29 08:00:00,11.25,23.02,4.66,11.72,10.05,9.37,6.09,0.81,21.35,0.27,0.29,,,,,28.16,55.84,1.21,68.71,0.0,0.0,434.86,913.53,,2023-10-29 08:00:00
2023-10-29 16:00:00,10.89,23.69,4.64,11.73,9.98,9.34,6.12,0.87,21.35,0.38,0.48,,,,0.59,25.78,63.6,1.17,91.46,0.0,0.0,22.97,908.94,,2023-10-29 16:00:00
2023-10-30 00:00:00,9.09,26.09,4.66,11.67,9.99,9.37,6.32,0.67,21.35,0.33,0.32,,,,0.56,22.38,80.15,0.84,106.7,0.0,0.0,16.35,902.2,,2023-10-30 00:00:00
2023-10-30 08:00:00,8.0,26.18,4.64,11.66,9.98,9.38,6.39,0.76,21.35,0.41,0.54,,,,0.52,26.66,62.34,1.22,93.32,0.0,0.0,374.94,911.39,,2023-10-30 08:00:00
2023-10-30 16:00:00,10.83,34.24,4.64,11.69,9.98,9.4,6.47,0.83,21.35,0.72,1.36,,,,0.83,24.04,75.23,0.89,107.05,0.0,0.0,20.23,905.36,,2023-10-30 16:00:00
2023-10-31 00:00:00,11.95,32.94,4.63,11.73,9.96,9.35,5.5,0.82,21.35,0.29,0.29,,,,0.14,21.93,80.8,0.82,85.84,0.0,0.0,16.9,902.01,,2023-10-31 00:00:00
2023-10-31 08:00:00,11.96,38.26,4.66,11.69,10.05,9.36,5.7,0.96,21.35,0.53,0.51,,,,0.4,26.7,59.96,1.07,71.77,0.0,0.0,323.25,911.07,,2023-10-31 08:00:00
2023-10-31 16:00:00,17.63,56.97,4.68,11.79,9.96,9.33,5.9,1.11,21.35,0.99,1.31,,,,0.37,25.1,65.89,0.95,76.87,0.0,0.0,19.25,907.0,,2023-10-31 16:00:00
2023-11-01 00:00:00,11.82,39.04,4.64,11.68,9.97,9.36,5.2,0.75,21.35,0.35,0.24,,,,,21.96,79.02,0.83,76.13,0.0,0.0,21.35,901.91,,2023-11-01 00:00:00
2023-11-01 08:00:00,10.23,28.75,4.64,11.7,9.97,9.36,5.34,0.83,21.35,0.45,0.38,,,,0.16,27.45,56.67,1.07,66.65,0.0,0.0,409.98,913.23,,2023-11-01 08:00:00
2023-11-01 16:00:00,14.33,40.34,4.66,11.67,10.06,9.36,5.52,0.98,21.35,0.93,1.32,,,,0.97,26.18,59.55,0.92,68.34,0.0,0.0,19.71,909.2,,2023-11-01 16:00:00
2023-11-02 00:00:00,13.88,42.75,4.66,11.63,10.08,9.35,5.73,0.74,21.35,0.41,0.3,,,,,22.12,80.24,0.84,72.7,0.0,0.0,17.36,901.84,,2023-11-02 00:00:00
2023-11-02 08:00:00,5.97,19.36,4.77,11.21,9.88,11.25,5.97,0.83,21.35,0.44,0.53,,,,0.36,27.55,58.38,1.03,69.43,0.0,0.0,384.78,913.26,,2023-11-02 08:00:00
2023-11-02 16:00:00,8.45,32.16,5.0,10.0,9.38,15.0,5.96,1.02,21.35,0.92,1.49,,,,0.63,26.06,66.28,0.85,86.8,0.0,0.0,20.78,909.13,,2023-11-02 16:00:00
2023-11-03 00:00:00,5.29,16.43,5.01,10.28,9.54,15.07,6.07,0.64,21.35,0.22,0.28,,,,0.11,23.04,80.49,0.78,77.42,0.0,0.0,29.05,904.54,,2023-11-03 00:00:00
2023-11-03 08:00:00,7.23,14.06,5.0,10.0,9.38,15.0,6.18,0.76,21.35,0.32,0.48,,,,0.24,28.84,53.62,1.35,55.72,0.0,0.0,502.93,914.7,,2023-11-03 08:00:00
2023-11-03 16:00:00,7.72,20.07,5.0,10.0,9.38,15.04,6.2,0.79,21.35,0.49,1.02,,,,1.37,25.26,71.48,1.19,73.44,0.0,0.0,18.2,908.51,,2023-11-03 16:00:00
2023-11-04 00:00:00,4.39,13.03,5.0,10.68,9.75,15.15,6.47,0.76,21.35,0.22,0.32,,,,0.35,22.7,81.62,0.78,59.19,0.0,0.0,16.24,904.01,,2023-11-04 00:00:00
2023-11-04 08:00:00,6.76,20.63,5.01,10.93,9.88,15.17,6.85,0.95,21.35,0.48,0.69,,,,0.7,27.77,59.92,1.17,53.04,0.0,0.0,419.53,913.99,,2023-11-04 08:00:00
2023-11-04 16:00:00,6.96,17.27,5.01,11.0,9.92,15.17,6.71,0.93,21.35,0.44,1.01,,,,1.25,23.33,82.57,1.03,76.1,0.0,0.0,9.32,905.61,,2023-11-04 16:00:00
2023-11-05 00:00:00,2.76,7.46,5.0,10.32,9.55,15.21,6.19,0.82,21.35,0.13,0.28,,,,0.32,22.33,84.17,0.81,78.39,0.0,0.0,31.79,903.45,,2023-11-05 00:00:00
2023-11-05 08:00:00,3.82,10.96,5.0,10.47,9.63,15.19,6.36,0.97,21.35,0.25,0.42,,,,0.29,27.5,60.5,1.17,73.96,0.0,0.0,397.33,912.64,,2023-11-05 08:00:00
2023-11-05 16:00:00,6.04,15.71,5.0,10.63,9.72,15.2,6.41,0.98,21.35,0.4,0.88,,,,0.86,25.17,73.08,1.06,109.27,0.0,0.0,17.73,907.69,,2023-11-05 16:00:00
2023-11-06 00:00:00,7.04,14.45,5.0,10.12,9.44,15.24,6.12,0.86,21.35,0.19,0.32,,,,,22.89,84.73,0.66,141.5,0.0,0.0,16.34,904.66,,2023-11-06 00:00:00
2023-11-06 08:00:00,4.78,18.59,5.0,10.24,9.51,15.25,6.35,0.97,21.35,0.25,0.4,,,,0.57,27.46,62.84,0.72,134.67,0.39,0.39,297.14,912.17,,2023-11-06 08:00:00
2023-11-06 16:00:00,8.78,23.39,5.15,11.14,10.12,15.21,6.61,1.39,21.35,1.66,4.63,,,,0.45,22.07,92.43,0.65,134.82,0.0,0.0,13.52,902.54,,2023-11-06 16:00:00
2023-11-07 00:00:00,2.58,8.81,5.06,10.74,9.82,15.23,6.35,0.64,21.35,0.32,2.27,,,,0.54,20.11,97.35,0.45,157.38,0.0,0.0,10.7,900.36,,2023-11-07 00:00:00
2023-11-07 08:00:00,19.73,51.81,5.14,11.11,10.09,15.28,6.55,0.98,21.35,1.33,1.77,,,,0.81,25.16,73.66,0.65,132.8,0.0,0.0,289.77,909.36,,2023-11-07 08:00:00
2023-11-07 16:00:00,31.9,64.62,5.72,11.8,10.93,15.14,6.82,1.2,21.35,1.86,3.03,,,,,23.47,83.84,0.68,99.73,0.0,0.0,14.98,904.46,,2023-11-07 16:00:00
2023-11-08 00:00:00,21.46,42.9,5.0,10.52,9.66,15.22,5.65,0.53,21.35,0.22,0.42,,,,0.46,22.14,90.34,0.6,95.09,0.0,0.0,26.67,902.99,,2023-11-08 00:00:00
2023-11-08 08:00:00,15.02,25.5,5.02,10.45,9.63,15.15,5.94,0.74,9.05,0.45,0.82,,,,0.42,26.6,69.28,0.74,119.54,0.0,0.0,345.51,909.46,,2023-11-08 08:00:00
2023-11-08 16:00:00,20.98,53.93,6.0,12.0,11.26,15.0,3.2,1.06,1.12,1.1,2.14,,,,0.45,23.82,79.34,0.73,109.65,0.0,0.0,18.11,902.74,,2023-11-08 16:00:00
2023-11-09 00:00:00,30.03,66.61,6.03,12.07,11.32,15.01,3.05,0.66,1.21,0.3,0.34,,,,0.56,22.22,86.1,0.64,86.99,0.0,0.0,13.1,900.48,,2023-11-09 00:00:00
2023-11-09 08:00:00,24.04,61.16,6.01,12.01,11.28,15.0,3.11,0.8,1.18,0.51,0.73,,,,0.64,25.67,69.68,1.01,73.29,0.0,0.0,251.9,908.02,,2023-11-09 08:00:00
2023-11-09 16:00:00,37.51,86.82,6.01,12.0,11.27,15.0,3.15,0.97,1.2,1.05,1.69,,,,,24.47,73.16,0.79,82.77,0.0,0.0,15.01,904.52,,2023-11-09 16:00:00
2023-11-10 00:00:00,44.04,95.02,6.07,12.03,11.33,15.0,2.95,0.83,1.25,0.32,0.24,,,,,21.89,81.83,0.83,68.89,0.0,0.0,17.52,900.81,,2023-11-10 00:00:00
2023-11-10 08:00:00,37.4,90.47,5.25,11.18,10.22,14.99,3.05,0.89,26.86,0.96,0.47,,,,0.54,26.52,63.43,1.05,82.17,0.0,0.0,344.36,907.99,,2023-11-10 08:00:00
2023-11-10 16:00:00,51.17,105.73,3.32,9.24,7.63,15.03,2.93,0.99,35.31,1.19,1.36,,,,0.44,24.7,68.7,0.84,82.66,0.0,0.0,17.91,906.03,,2023-11-10 16:00:00
2023-11-11 00:00:00,64.79,133.61,3.17,9.13,7.45,15.03,2.93,0.86,35.34,0.79,0.69,,,,0.59,20.79,80.07,0.65,74.61,0.0,0.0,24.0,898.12,,2023-11-11 00:00:00
2023-11-11 08:00:00,45.39,88.93,3.16,9.15,7.45,15.02,3.24,0.92,41.01,0.55,0.64,,,,0.6,28.05,33.61,1.21,59.96,0.0,0.0,512.99,912.84,,2023-11-11 08:00:00
2023-11-11 16:00:00,48.44,93.18,3.21,9.22,7.53,15.05,3.12,0.89,42.48,0.57,0.71,,,,0.66,24.59,56.78,1.02,78.04,0.0,0.0,20.43,905.9,,2023-11-11 16:00:00
2023-11-12 00:00:00,44.06,80.86,3.15,9.12,7.43,15.02,2.94,0.88,42.51,0.6,0.49,,,,0.39,20.14,80.46,0.71,72.99,0.0,0.0,25.99,897.34,,2023-11-12 00:00:00
2023-11-12 08:00:00,32.26,54.31,3.13,9.1,7.4,15.01,3.06,0.92,42.53,0.49,0.34,,,,0.23,26.78,47.72,1.25,56.35,0.0,0.0,480.34,910.14,,2023-11-12 08:00:00
2023-11-12 16:00:00,125.82,198.06,7.77,17.43,21.06,17.49,5.22,1.39,42.52,0.81,0.71,,,,0.7,24.25,59.68,0.86,70.09,0.0,0.0,21.04,904.7,,2023-11-12 16:00:00
2023-11-13 00:00:00,99.25,111.82,17.81,33.63,53.28,20.36,6.2,1.5,42.52,0.59,0.43,,,,0.04,20.0,72.64,0.89,78.85,0.0,0.0,26.21,897.29,,2023-11-13 00:00:00
2023-11-13 08:00:00,55.86,91.98,16.13,31.5,48.93,22.95,6.63,1.53,42.54,0.6,0.32,,,,,26.37,50.43,1.39,51.54,0.0,0.0,465.6,909.61,,2023-11-13 08:00:00
2023-11-13 16:00:00,76.55,179.5,21.3,38.07,62.05,24.2,7.0,1.88,44.32,0.99,1.07,,,,0.91,24.38,56.01,0.93,52.92,0.0,0.0,17.17,905.63,,2023-11-13 16:00:00
2023-11-14 00:00:00,57.36,203.13,15.64,29.76,47.57,14.49,6.59,1.86,43.89,0.69,0.33,,,,,21.11,75.1,1.02,41.21,0.0,0.0,8.58,899.24,,2023-11-14 00:00:00
2023-11-14 08:00:00,48.15,183.18,14.08,27.7,44.09,12.9,7.38,1.77,43.04,0.81,0.5,,,,0.44,23.98,59.63,1.48,40.53,0.0,0.0,208.88,906.16,,2023-11-14 08:00:00
2023-11-14 16:00:00,76.47,234.72,17.56,33.03,53.26,19.97,10.17,1.98,41.69,1.08,0.94,,,,0.78,22.4,67.99,1.29,43.3,0.0,0.0,11.56,901.7,,2023-11-14 16:00:00
2023-11-15 00:00:00,74.67,230.21,17.02,33.81,53.45,15.42,8.9,1.77,39.71,0.87,0.33,,,,,21.23,75.91,1.0,44.37,0.0,0.0,19.31,899.53,,2023-11-15 00:00:00
2023-11-15 08:00:00,54.89,167.69,13.73,28.35,44.26,15.55,7.66,1.62,39.72,0.76,0.52,,,,,26.58,53.22,1.32,87.79,0.0,0.0,442.55,910.62,,2023-11-15 08:00:00
2023-11-15 16:00:00,44.0,180.86,13.42,28.25,43.77,15.6,6.81,1.36,39.7,1.49,1.85,,,,0.45,24.77,60.84,0.86,62.28,0.0,0.0,21.89,906.24,,2023-11-15 16:00:00
2023-11-16 00:00:00,43.82,166.47,14.01,29.24,45.44,16.37,6.63,1.37,39.7,0.97,0.94,,,,0.52,20.7,78.76,0.57,102.73,0.0,0.0,23.17,898.27,,2023-11-16 00:00:00
2023-11-16 08:00:00,41.08,170.47,11.92,28.02,45.43,14.74,7.31,1.34,39.71,0.7,0.58,,,,0.38,27.64,44.66,1.03,53.21,0.0,0.0,405.08,912.44,,2023-11-16 08:00:00
2023-11-16 16:00:00,47.06,146.1,14.77,32.89,51.23,17.25,7.14,1.32,39.65,1.3,1.73,,,,0.7,25.97,60.14,0.68,99.01,0.0,0.0,13.38,909.0,,2023-11-16 16:00:00
2023-11-17 00:00:00,51.69,152.56,16.05,34.37,52.46,18.38,6.89,1.04,39.75,0.71,0.46,,,,0.53,22.55,81.29,0.76,79.78,0.0,0.0,20.83,901.68,,2023-11-17 00:00:00
2023-11-17 08:00:00,43.94,104.63,10.86,25.12,35.98,16.24,7.62,1.11,39.72,0.7,0.53,,,,0.29,27.87,52.3,1.03,64.73,0.0,0.0,408.04,912.75,,2023-11-17 08:00:00
2023-11-17 16:00:00,45.43,114.36,10.64,25.39,34.81,17.62,7.46,1.21,39.67,1.15,1.85,,,,0.52,25.36,64.2,0.81,99.02,0.0,0.0,12.19,907.42,,2023-11-17 16:00:00
2023-11-18 00:00:00,37.76,60.39,11.41,26.91,37.15,18.38,6.3,0.93,39.68,0.41,0.37,,,,0.16,22.59,80.48,0.89,68.09,0.0,0.0,22.53,902.37,,2023-11-18 00:00:00
2023-11-18 08:00:00,38.52,46.7,11.39,26.94,37.14,18.38,6.5,1.05,39.7,0.6,0.58,,,,0.34,28.01,54.96,1.03,54.71,0.0,0.0,412.46,912.85,,2023-11-18 08:00:00
2023-11-18 16:00:00,40.8,67.91,9.71,25.27,33.8,16.7,5.97,1.07,39.7,0.64,0.85,,,,0.53,25.65,60.24,1.02,75.12,0.0,0.0,12.27,906.97,,2023-11-18 16:00:00
2023-11-19 00:00:00,35.14,48.27,9.37,24.91,33.13,16.35,6.48,0.98,39.66,0.32,0.27,,,,,21.33,72.94,0.97,62.15,0.0,0.0,28.11,899.98,,2023-11-19 00:00:00
2023-11-19 08:00:00,,,9.39,24.9,33.15,16.39,7.83,1.06,39.7,0.39,0.31,,,,,27.82,43.28,1.14,74.81,0.0,0.0,501.98,913.1,,2023-11-19 08:00:00
2023-11-19 16:00:00,37.71,48.4,9.4,24.93,33.15,16.4,6.96,1.05,39.67,0.46,0.74,,,,0.62,24.76,57.41,1.03,81.2,0.0,0.0,16.17,906.14,,2023-11-19 16:00:00
2023-11-20 00:00:00,35.19,53.96,9.39,24.91,33.14,16.39,6.05,0.98,39.71,0.46,0.43,,,,,20.87,74.82,0.78,65.8,0.0,0.0,23.43,898.56,,2023-11-20 00:00:00
2023-11-20 08:00:00,37.41,49.73,7.82,22.77,29.37,15.46,6.25,1.1,39.82,0.55,0.57,,,,0.42,27.25,47.95,1.42,32.73,0.0,0.0,447.19,910.26,,2023-11-20 08:00:00
2023-11-20 16:00:00,36.61,51.59,4.4,17.9,21.1,13.38,5.45,1.1,39.66,0.64,0.94,,,,0.57,24.44,67.09,1.1,51.35,0.0,0.0,19.43,905.7,,2023-11-20 16:00:00
2023-11-21 00:00:00,34.13,52.4,4.33,17.94,21.08,13.38,6.0,1.02,39.72,0.46,0.39,,,,,22.61,73.78,1.12,37.57,0.0,0.0,23.29,902.15,,2023-11-21 00:00:00
2023-11-21 08:00:00,27.0,39.11,5.96,21.1,25.92,17.08,6.11,1.03,39.64,0.46,0.64,,,,0.33,25.64,66.38,1.75,32.31,0.0,0.0,283.74,908.2,,2023-11-21 08:00:00
2023-11-21 16:00:00,23.6,34.17,9.14,28.27,36.24,22.97,6.23,1.18,39.7,0.84,1.6,,,,,24.1,73.81,1.33,43.86,0.0,0.0,12.58,904.7,,2023-11-21 16:00:00
2023-11-22 00:00:00,21.92,29.29,9.37,28.9,37.14,23.37,6.37,0.86,39.7,0.51,0.65,,,,0.61,22.76,82.44,0.87,50.78,0.0,0.0,16.84,902.78,,2023-11-22 00:00:00
2023-11-22 08:00:00,20.03,27.5,8.56,27.3,34.73,20.96,6.88,0.99,39.74,0.71,1.03,,,,0.49,26.96,64.14,0.91,90.7,0.0,0.0,307.07,911.63,,2023-11-22 08:00:00
2023-11-22 16:00:00,19.32,27.44,7.39,24.93,31.15,17.38,7.57,1.04,39.68,0.9,2.0,,,,0.82,23.17,86.1,0.85,70.18,0.0,0.0,11.48,903.46,,2023-11-22 16:00:00
2023-11-23 00:00:00,9.42,,7.4,24.92,31.16,17.39,7.58,0.76,39.67,0.2,0.29,,,,,22.24,82.82,0.85,79.47,0.0,0.0,12.73,901.32,,2023-11-23 00:00:00
2023-11-23 08:00:00,25.25,47.97,7.37,24.91,31.19,17.39,7.55,0.84,39.84,1.52,0.65,,,,,26.09,68.76,0.91,139.7,0.0,0.0,248.44,908.29,,2023-11-23 08:00:00
2023-11-23 16:00:00,32.18,98.03,7.39,24.9,31.15,17.37,7.57,0.91,39.57,0.93,1.22,,,,0.85,24.36,73.18,0.98,106.29,0.0,0.0,14.0,906.0,,2023-11-23 16:00:00
2023-11-24 00:00:00,36.06,117.78,7.38,24.92,31.11,17.36,7.55,0.81,39.7,0.24,0.37,,,,,21.95,82.88,0.96,103.97,0.0,0.0,22.93,901.8,,2023-11-24 00:00:00
2023-11-24 08:00:00,25.72,89.2,7.38,24.92,31.11,17.39,7.56,0.87,39.69,0.3,0.64,,,,0.38,25.98,61.99,1.14,101.55,0.0,0.0,286.73,910.27,,2023-11-24 08:00:00
2023-11-24 16:00:00,32.66,125.96,7.39,24.92,31.13,17.38,7.57,0.95,39.7,0.53,1.3,,,,0.7,24.38,72.25,0.9,97.86,0.0,0.0,17.22,906.2,,2023-11-24 16:00:00
2023-11-25 00:00:00,23.29,66.05,7.39,24.9,31.08,17.37,7.56,0.81,39.63,0.18,0.26,,,,,21.96,82.5,0.89,75.93,0.0,0.0,18.78,902.54,,2023-11-25 00:00:00
2023-11-25 08:00:00,26.71,82.69,7.38,24.93,31.11,17.43,7.56,0.9,39.71,0.35,0.54,,,,0.34,25.19,68.78,1.15,73.09,0.0,0.0,228.86,908.46,,2023-11-25 08:00:00
2023-11-25 16:00:00,32.0,111.37,7.38,24.92,31.14,17.38,7.56,1.05,39.68,0.66,1.19,,,,1.12,23.4,76.54,1.01,64.52,0.0,0.0,13.18,904.45,,2023-11-25 16:00:00
2023-11-26 00:00:00,31.99,111.32,7.4,24.92,31.12,17.41,7.57,0.76,39.71,0.28,0.2,,,,,21.25,77.56,1.11,65.46,0.0,0.0,22.22,900.8,,2023-11-26 00:00:00
2023-11-26 08:00:00,35.34,119.67,7.37,24.93,31.17,17.38,7.55,0.79,39.71,0.4,0.27,,,,,25.73,60.41,1.29,82.94,0.0,0.0,343.51,910.29,,2023-11-26 08:00:00
2023-11-26 16:00:00,39.62,124.11,7.4,24.93,31.12,17.4,7.57,0.86,39.71,0.54,0.64,,,,0.85,24.25,67.61,1.04,83.54,0.0,0.0,21.26,906.17,,2023-11-26 16:00:00
2023-11-27 00:00:00,27.52,90.96,7.38,24.92,31.14,17.4,7.56,0.71,39.7,0.19,0.16,,,,,21.82,79.8,0.95,83.86,0.0,0.0,21.15,901.22,,2023-11-27 00:00:00
2023-11-27 08:00:00,29.79,126.73,7.36,24.92,31.19,17.4,7.54,0.79,39.7,0.36,0.47,,,,,26.87,57.52,1.2,91.35,0.0,0.0,387.6,911.38,,2023-11-27 08:00:00
2023-11-27 16:00:00,34.7,143.24,7.4,24.93,31.11,17.41,7.57,0.82,39.62,0.41,0.72,,,,0.93,24.46,67.53,1.04,81.32,0.0,0.0,23.24,906.72,,2023-11-27 16:00:00
2023-11-28 00:00:00,26.91,108.52,7.38,24.92,31.15,17.37,7.56,0.88,39.7,0.2,0.24,,,,0.12,21.57,81.63,0.8,79.5,0.0,0.0,15.68,901.5,,2023-11-28 00:00:00
2023-11-28 08:00:00,28.78,88.08,7.38,24.9,31.14,17.39,7.56,0.89,40.63,0.3,0.39,,,,0.2,26.76,59.4,1.12,94.21,0.0,0.0,365.36,909.78,,2023-11-28 08:00:00
2023-11-28 16:00:00,37.01,126.3,7.39,24.93,31.14,17.39,7.57,0.96,40.28,0.99,1.76,,,,0.8,24.16,71.4,0.9,94.03,0.0,0.0,20.8,906.06,,2023-11-28 16:00:00
2023-11-29 00:00:00,30.43,100.15,7.39,24.92,31.14,17.36,7.56,0.84,40.28,0.22,0.28,,,,,22.21,79.67,0.86,84.3,0.0,0.0,13.42,901.93,,2023-11-29 00:00:00
2023-11-29 08:00:00,28.32,85.0,7.41,24.92,31.14,17.36,7.58,0.93,40.28,0.3,0.41,,,,0.52,26.77,59.54,1.19,79.13,0.0,0.0,393.43,911.78,,2023-11-29 08:00:00
2023-11-29 16:00:00,30.75,90.24,7.37,24.93,31.15,17.38,7.55,0.95,40.28,0.34,0.68,,,,0.74,23.84,73.09,1.14,77.05,0.0,0.0,21.26,905.92,,2023-11-29 16:00:00
2023-11-30 00:00:00,24.56,52.72,7.4,24.92,31.08,17.4,7.57,0.87,40.28,0.14,0.25,,,,0.12,21.7,80.17,0.98,101.56,0.0,0.0,21.23,900.89,,2023-11-30 00:00:00
2023-11-30 08:00:00,22.02,71.79,7.42,24.9,31.13,17.37,5.79,0.95,40.28,0.24,0.37,,,,0.19,25.71,62.96,1.13,102.8,0.0,0.0,263.62,910.08,,2023-11-30 08:00:00
2023-11-30 16:00:00,28.56,97.41,7.37,24.91,31.12,17.38,3.55,1.03,40.28,0.44,0.84,,,,0.65,23.86,71.36,1.11,68.01,0.0,0.0,22.39,905.25,,2023-11-30 16:00:00
2023-12-01 00:00:00,23.39,63.47,7.38,24.92,31.13,17.39,3.56,0.91,40.28,0.2,0.23,,,,0.12,21.39,80.76,0.88,73.95,0.0,0.0,10.23,901.14,,2023-12-01 00:00:00
2023-12-01 08:00:00,26.46,82.07,7.39,24.91,31.14,17.4,3.57,1.08,40.28,0.49,0.82,,,,0.71,25.25,65.74,0.85,78.31,0.0,0.0,232.64,908.91,,2023-12-01 08:00:00
2023-12-01 16:00:00,36.36,135.06,7.37,24.93,31.12,17.37,3.54,1.2,40.28,1.0,1.77,,,,0.77,24.35,71.71,1.02,97.39,0.0,0.0,22.91,905.31,,2023-12-01 16:00:00
2023-12-02 00:00:00,30.54,95.64,7.39,24.92,31.13,17.4,3.57,0.94,40.28,0.44,0.38,,,,0.32,21.21,80.66,0.91,52.92,0.0,0.0,20.39,900.3,,2023-12-02 00:00:00
2023-12-02 08:00:00,36.27,130.23,7.38,24.93,31.12,17.37,3.56,1.13,40.13,0.83,0.76,,,,0.59,25.94,53.42,1.43,34.1,0.0,0.0,350.69,909.97,,2023-12-02 08:00:00
2023-12-02 16:00:00,36.3,138.43,7.37,24.92,31.1,17.39,3.55,1.12,39.72,0.88,0.82,,,,0.86,23.99,72.09,1.48,34.06,0.0,0.0,12.87,904.88,,2023-12-02 16:00:00
2023-12-03 00:00:00,28.48,101.42,7.37,24.92,31.12,17.38,3.54,0.83,39.74,0.37,0.26,,,,0.02,21.98,83.48,1.16,33.73,0.0,0.0,15.06,901.13,,2023-12-03 00:00:00
2023-12-03 08:00:00,31.28,105.98,7.38,24.91,31.16,17.38,3.56,0.85,,0.52,0.53,,,,0.56,23.96,75.17,1.36,169.64,0.0,0.0,182.98,906.3,,2023-12-03 08:00:00
2023-12-03 16:00:00,29.62,84.16,7.41,24.9,31.14,17.38,3.58,0.9,,0.44,0.54,,,,0.56,22.85,78.72,1.19,167.04,0.0,0.0,10.39,902.19,,2023-12-03 16:00:00
2023-12-04 00:00:00,27.73,90.6,7.38,24.91,31.11,17.4,3.56,0.83,,0.36,0.2,,,,0.48,21.68,82.22,1.13,319.55,0.0,0.0,7.69,900.45,,2023-12-04 00:00:00
2023-12-04 08:00:00,33.58,107.0,7.38,24.91,31.16,17.38,3.56,0.89,,0.52,0.42,,,,0.42,23.71,71.01,1.39,307.47,0.0,0.0,186.7,904.81,,2023-12-04 08:00:00
2023-12-04 16:00:00,36.09,124.9,7.38,24.92,31.11,17.4,3.56,1.01,,1.11,1.44,,,,0.82,23.15,74.64,1.01,283.4,0.0,0.0,12.54,903.04,,2023-12-04 16:00:00
2023-12-05 00:00:00,32.51,114.95,7.37,24.93,31.12,17.35,3.54,0.81,,0.6,0.47,,,,0.15,20.64,83.9,0.55,216.35,0.0,0.0,10.13,898.08,,2023-12-05 00:00:00
2023-12-05 08:00:00,35.27,123.29,7.4,24.91,31.17,17.42,3.57,0.83,,0.55,0.52,,,,0.18,25.29,65.17,0.85,251.24,0.0,0.0,263.2,907.59,,2023-12-05 08:00:00
2023-12-05 16:00:00,43.19,212.54,7.39,24.92,31.13,17.4,3.57,2.12,,3.84,5.48,,,,3.72,22.98,77.44,0.61,155.9,0.0,0.0,19.78,902.89,,2023-12-05 16:00:00
2023-12-06 00:00:00,50.01,259.99,7.41,24.9,31.15,17.38,3.58,1.95,,5.84,7.15,,,,,19.82,95.29,0.42,120.7,0.0,0.0,17.63,897.37,,2023-12-06 00:00:00
2023-12-06 08:00:00,40.3,134.75,7.36,24.91,31.12,17.37,3.54,0.96,,1.33,1.64,,,,0.32,28.32,52.71,0.55,221.92,0.0,0.0,383.72,914.5,,2023-12-06 08:00:00
2023-12-06 16:00:00,51.19,253.88,7.41,24.91,31.15,17.38,3.58,2.31,,4.8,5.65,,,,0.35,23.88,68.54,0.54,109.51,0.0,0.0,21.29,904.44,,2023-12-06 16:00:00
2023-12-07 00:00:00,46.6,161.18,7.39,24.91,31.14,17.41,3.56,0.96,,1.03,2.0,,,,0.78,21.31,91.15,0.52,138.12,0.0,0.0,14.43,900.07,,2023-12-07 00:00:00
2023-12-07 08:00:00,41.02,221.93,7.42,24.93,31.14,17.39,3.59,0.94,,0.6,0.49,,,,0.3,27.64,58.43,0.52,215.7,0.0,0.0,376.48,912.77,,2023-12-07 08:00:00
2023-12-07 16:00:00,52.77,226.09,7.37,24.91,31.15,17.39,3.56,1.24,,1.71,3.03,,,,1.92,25.21,67.88,0.64,107.68,0.0,0.0,18.55,906.12,,2023-12-07 16:00:00
2023-12-08 00:00:00,48.15,159.48,7.4,24.91,31.14,17.4,3.57,1.0,,0.54,0.66,,,,0.78,22.54,83.92,0.69,94.51,0.0,0.0,13.91,902.21,,2023-12-08 00:00:00
2023-12-08 08:00:00,37.52,132.49,7.36,24.9,31.14,17.4,3.58,1.1,,0.63,0.82,,,,0.52,26.63,63.04,0.96,97.62,0.0,0.0,246.29,910.24,,2023-12-08 08:00:00
2023-12-08 16:00:00,49.03,190.84,7.38,24.92,31.13,17.37,3.55,1.24,,0.98,1.54,,,,1.44,24.95,69.55,0.83,98.63,0.0,0.0,14.25,905.92,,2023-12-08 16:00:00
2023-12-09 00:00:00,39.11,129.73,7.37,24.93,31.13,17.38,3.55,0.85,,0.4,0.46,,,,0.26,23.12,82.04,0.81,96.77,0.0,0.0,16.91,902.62,,2023-12-09 00:00:00
2023-12-09 08:00:00,36.76,104.15,7.38,24.92,31.15,17.37,3.57,0.96,,0.48,0.52,,,,0.33,26.79,63.39,1.06,69.15,0.0,0.0,290.28,910.78,,2023-12-09 08:00:00
2023-12-09 16:00:00,44.76,131.04,7.38,24.92,31.13,17.38,3.57,1.01,,0.66,0.95,,,,1.07,24.56,71.52,0.92,76.97,0.0,0.0,16.28,905.27,,2023-12-09 16:00:00
2023-12-10 00:00:00,44.15,152.63,7.39,24.92,31.13,17.37,3.53,0.98,,0.37,0.34,,,,0.2,21.84,82.46,0.77,67.02,0.0,0.0,17.51,900.94,,2023-12-10 00:00:00
2023-12-10 08:00:00,38.12,117.63,7.38,24.91,31.15,17.39,3.56,1.05,,0.42,0.39,,,,0.24,27.52,57.41,1.13,85.21,0.0,0.0,393.06,912.59,,2023-12-10 08:00:00
2023-12-10 16:00:00,39.9,113.93,7.37,24.94,31.16,17.38,3.56,1.08,,0.49,0.54,,,,0.6,24.43,67.84,1.08,75.92,0.0,0.0,10.83,905.44,,2023-12-10 16:00:00
2023-12-11 00:00:00,34.99,107.83,7.37,24.92,31.2,17.4,3.55,0.81,,0.33,0.23,,,,0.2,21.7,79.56,0.81,71.29,0.0,0.0,16.36,901.36,,2023-12-11 00:00:00
2023-12-11 08:00:00,37.38,118.74,7.41,24.93,31.17,17.39,3.55,0.94,,0.56,0.55,,,,0.34,26.82,55.1,0.8,121.17,0.0,0.0,316.71,911.17,,2023-12-11 08:00:00
2023-12-11 16:00:00,49.88,184.2,7.41,24.91,31.14,17.37,3.57,1.09,,1.1,1.81,,,,0.88,25.09,63.83,0.9,95.49,0.0,0.0,17.92,907.07,,2023-12-11 16:00:00
2023-12-12 00:00:00,43.02,139.24,7.38,24.9,31.12,17.39,3.54,0.94,,0.34,0.21,,,,0.08,21.19,79.17,0.86,76.88,0.0,0.0,16.66,899.79,,2023-12-12 00:00:00
2023-12-12 08:00:00,39.97,124.64,7.38,24.92,31.11,17.39,3.57,1.11,,0.61,0.63,,,,0.48,26.03,54.64,1.1,54.96,0.0,0.0,338.93,910.51,,2023-12-12 08:00:00
2023-12-12 16:00:00,45.87,165.54,7.42,24.93,31.16,17.4,3.56,1.16,,0.91,1.29,,,,0.79,23.95,62.03,0.93,79.01,0.0,0.0,18.55,905.18,,2023-12-12 16:00:00
2023-12-13 00:00:00,42.87,141.72,7.39,24.92,31.16,17.37,3.57,0.89,,0.4,0.32,,,,0.2,19.76,81.22,0.86,63.3,0.0,0.0,14.9,897.66,,2023-12-13 00:00:00
2023-12-13 08:00:00,42.63,144.06,7.39,24.92,31.09,17.4,3.56,1.02,,0.55,0.58,,,,0.51,25.29,52.51,1.23,40.93,0.0,0.0,394.02,908.91,,2023-12-13 08:00:00
2023-12-13 16:00:00,45.74,151.02,7.39,24.91,31.11,17.38,3.57,1.08,,0.82,1.09,,,,0.51,23.24,56.97,1.01,68.57,0.0,0.0,20.66,903.69,,2023-12-13 16:00:00
2023-12-14 00:00:00,40.81,132.29,7.36,24.93,31.12,17.37,3.55,0.8,,0.32,0.22,,,,0.15,19.4,80.19,0.92,70.21,0.0,0.0,13.76,897.07,,2023-12-14 00:00:00
2023-12-14 08:00:00,39.76,124.33,7.38,24.92,31.13,17.39,3.56,0.91,,0.4,0.38,,,,0.16,24.32,54.42,1.1,64.42,0.0,0.0,383.49,908.53,,2023-12-14 08:00:00
2023-12-14 16:00:00,47.67,159.97,7.39,24.92,31.1,17.4,3.57,0.99,,0.79,0.92,,,,0.56,23.14,61.5,1.03,75.59,0.0,0.0,21.08,904.22,,2023-12-14 16:00:00
2023-12-15 00:00:00,44.45,172.21,7.42,24.9,31.14,17.39,3.55,0.97,,0.41,0.34,,,,0.32,19.34,82.8,0.91,64.6,0.0,0.0,16.08,896.32,,2023-12-15 00:00:00
2023-12-15 08:00:00,45.26,153.38,7.39,24.9,31.09,17.39,3.54,1.1,,0.7,0.67,,,,0.56,24.54,63.55,1.1,64.31,0.0,0.0,354.79,908.52,,2023-12-15 08:00:00
2023-12-15 16:00:00,45.97,166.94,7.35,24.93,31.16,17.36,3.57,1.13,,0.91,1.13,,,,1.19,23.29,72.69,0.9,64.65,0.0,0.0,13.9,903.78,,2023-12-15 16:00:00
2023-12-16 00:00:00,31.42,72.42,7.38,24.9,31.17,17.38,3.55,0.98,,0.41,0.28,,,,0.21,21.31,80.32,0.95,60.53,0.0,0.0,16.9,900.37,,2023-12-16 00:00:00
2023-12-16 08:00:00,34.42,105.27,7.4,24.95,31.11,17.39,3.56,1.04,,0.54,0.48,,,,0.37,25.6,62.3,1.09,63.76,0.0,0.0,288.71,908.95,,2023-12-16 08:00:00
2023-12-16 16:00:00,36.77,106.4,7.38,24.9,31.15,17.37,3.55,1.12,,0.78,1.09,,,,0.91,23.7,72.59,1.25,43.82,0.0,0.0,11.72,904.31,,2023-12-16 16:00:00
2023-12-17 00:00:00,31.49,89.54,7.4,24.9,31.17,17.4,3.56,0.93,,0.36,0.27,,,,0.26,21.82,81.29,0.91,68.3,0.0,0.0,7.84,901.46,,2023-12-17 00:00:00
2023-12-17 08:00:00,33.99,105.77,7.37,24.92,31.13,17.37,3.56,1.04,,0.59,0.46,,,,0.42,23.96,68.23,1.25,58.59,0.0,0.0,176.83,905.43,,2023-12-17 08:00:00
2023-12-17 16:00:00,35.66,103.22,7.4,24.93,31.1,17.38,3.55,1.15,,0.86,0.99,,,,0.95,23.15,69.49,0.96,60.88,0.0,0.0,20.5,904.01,,2023-12-17 16:00:00
2023-12-18 00:00:00,33.93,105.66,7.4,24.94,31.11,17.38,3.57,0.97,,0.34,0.19,,,,,20.58,80.12,0.97,64.86,0.0,0.0,7.28,898.7,,2023-12-18 00:00:00
2023-12-18 08:00:00,37.33,128.5,7.38,24.89,31.13,17.37,3.58,1.08,,0.58,0.48,,,,0.43,23.22,66.53,1.21,60.5,0.0,0.0,163.62,904.95,,2023-12-18 08:00:00
2023-12-18 16:00:00,43.84,153.87,7.36,24.92,31.16,17.38,3.56,1.15,,0.79,1.02,,,,1.0,22.69,69.9,1.0,64.97,0.0,0.0,15.6,903.15,,2023-12-18 16:00:00
2023-12-19 00:00:00,46.03,168.73,7.36,24.91,31.13,17.38,3.56,1.0,,0.38,0.19,,,,0.11,19.7,76.02,1.32,55.62,0.0,0.0,9.53,897.66,,2023-12-19 00:00:00
2023-12-19 08:00:00,51.41,175.03,7.39,24.93,31.12,17.39,3.59,1.12,,0.71,0.68,,,,0.49,24.9,54.83,1.24,46.8,0.0,0.0,386.12,909.06,,2023-12-19 08:00:00
2023-12-19 16:00:00,55.19,189.55,7.4,24.92,31.15,17.38,3.57,1.18,,0.95,1.23,,,,0.85,23.68,58.88,0.97,64.02,0.0,0.0,20.59,904.22,,2023-12-19 16:00:00
2023-12-20 00:00:00,52.16,193.87,7.36,24.93,31.16,17.38,3.55,0.99,,0.5,0.25,,,,0.32,19.62,75.74,1.15,47.53,0.0,0.0,9.44,897.39,,2023-12-20 00:00:00
2023-12-20 08:00:00,49.2,176.43,7.39,24.91,31.11,17.36,3.56,1.02,,0.7,0.56,,,,0.5,24.57,61.73,1.02,66.41,0.0,0.0,290.0,908.4,,2023-12-20 08:00:00
2023-12-20 16:00:00,50.56,149.08,7.4,24.91,31.15,17.38,3.55,1.12,,0.99,1.68,,,,1.0,23.71,67.15,0.91,82.43,0.0,0.0,20.58,904.58,,2023-12-20 16:00:00
2023-12-21 00:00:00,52.48,202.04,7.41,24.92,31.16,17.37,3.56,0.89,,0.61,0.38,,,,0.91,20.04,82.79,1.0,54.93,0.0,0.0,16.1,898.16,,2023-12-21 00:00:00
2023-12-21 08:00:00,42.43,159.54,7.39,24.91,31.15,17.4,3.55,0.91,,0.61,0.54,,,,0.6,25.22,62.27,1.07,84.45,0.0,0.0,375.11,909.49,,2023-12-21 08:00:00
2023-12-21 16:00:00,52.06,304.64,7.42,24.91,31.1,17.37,3.56,1.37,,2.13,2.92,,,,1.17,23.12,68.44,0.66,109.38,0.0,0.0,24.07,903.06,,2023-12-21 16:00:00
2023-12-22 00:00:00,52.11,165.99,7.39,24.92,31.1,17.39,3.55,0.93,,0.82,1.19,,,,0.56,19.88,86.46,0.62,92.7,0.0,0.0,14.16,897.3,,2023-12-22 00:00:00
2023-12-22 08:00:00,48.34,173.28,7.38,24.94,31.13,17.39,3.57,1.06,,1.13,1.02,,,,1.11,26.92,54.83,0.92,116.69,0.0,0.0,371.11,912.76,,2023-12-22 08:00:00
2023-12-22 16:00:00,54.67,210.25,7.38,24.92,31.11,17.39,3.55,1.21,,1.39,1.76,,,,0.69,24.91,55.22,0.88,108.82,0.0,0.0,16.0,906.96,,2023-12-22 16:00:00
2023-12-23 00:00:00,61.6,250.8,7.38,24.91,31.15,17.38,3.57,1.01,,1.2,0.81,,,,0.52,19.06,84.52,0.71,76.72,0.0,0.0,16.29,896.49,,2023-12-23 00:00:00
2023-12-23 08:00:00,48.86,183.47,7.38,24.95,31.17,17.39,3.57,1.09,,0.75,0.65,,,,0.31,26.81,32.06,1.0,86.36,0.0,0.0,437.49,913.42,,2023-12-23 08:00:00
2023-12-23 16:00:00,58.77,201.92,7.38,24.92,31.14,17.38,3.56,1.17,,1.26,1.43,,,,0.72,22.76,41.85,0.98,88.7,0.0,0.0,22.89,905.07,,2023-12-23 16:00:00
2023-12-24 00:00:00,57.63,209.19,7.41,24.9,31.21,17.41,3.56,1.12,,1.36,0.89,,,,0.8,17.09,82.59,0.61,92.5,0.0,0.0,17.5,892.4,,2023-12-24 00:00:00
2023-12-24 08:00:00,49.72,157.61,7.37,24.94,31.15,17.38,3.59,1.05,,1.02,0.83,,,,0.24,26.78,44.76,1.12,55.45,0.0,0.0,428.35,912.62,,2023-12-24 08:00:00
2023-12-24 16:00:00,50.74,112.59,7.37,24.9,31.15,17.41,3.55,0.97,,0.57,0.52,,,,0.39,24.55,62.96,1.18,75.41,0.0,0.0,20.6,906.18,,2023-12-24 16:00:00
2023-12-25 00:00:00,45.77,140.24,7.38,24.92,31.15,17.37,3.57,0.7,,0.36,0.22,,,,,20.44,80.83,1.12,57.43,0.0,0.0,13.41,898.44,,2023-12-25 00:00:00
2023-12-25 08:00:00,41.93,95.8,7.38,24.94,31.12,17.36,3.54,0.72,,0.38,0.28,,,,,25.48,61.15,1.33,65.39,0.0,0.0,329.11,909.23,,2023-12-25 08:00:00
2023-12-25 16:00:00,46.89,107.12,7.4,24.93,31.13,17.4,3.54,0.84,,0.81,1.27,,,,0.72,23.39,66.07,0.93,94.65,0.0,0.0,23.42,903.74,,2023-12-25 16:00:00
2023-12-26 00:00:00,41.32,126.98,7.4,24.93,31.15,17.4,3.57,0.97,,0.46,0.27,,,,0.15,18.88,81.26,0.84,80.5,0.0,0.0,15.7,896.38,,2023-12-26 00:00:00
2023-12-26 08:00:00,44.29,116.69,7.38,24.93,31.15,17.36,3.58,1.08,,0.47,0.39,,,,,26.52,38.83,1.27,67.79,0.0,0.0,460.63,913.06,,2023-12-26 08:00:00
2023-12-26 16:00:00,46.55,113.79,7.41,24.93,31.13,17.37,3.56,1.14,,0.75,0.96,,,,1.0,23.77,50.9,0.91,77.57,0.0,0.0,23.09,905.77,,2023-12-26 16:00:00
2023-12-27 00:00:00,39.41,115.41,7.38,24.91,31.14,17.39,3.56,0.92,,0.34,0.39,,,,0.05,18.27,79.23,0.89,76.53,0.0,0.0,14.98,894.6,,2023-12-27 00:00:00
2023-12-27 08:00:00,37.68,99.54,7.37,24.9,31.14,17.37,3.56,1.01,,0.34,0.37,,,,0.27,26.13,43.0,1.36,65.06,0.0,0.0,471.05,912.64,,2023-12-27 08:00:00
2023-12-27 16:00:00,41.49,104.52,7.36,24.94,31.13,17.37,3.56,1.17,,0.89,1.15,,,,0.75,23.82,49.25,0.95,77.64,0.0,0.0,23.09,904.78,,2023-12-27 16:00:00
2023-12-28 00:00:00,43.92,129.11,7.38,24.92,31.13,17.39,3.56,1.01,,0.58,0.44,,,,0.17,19.57,76.63,0.99,54.2,0.0,0.0,14.79,897.17,,2023-12-28 00:00:00
2023-12-28 08:00:00,35.79,104.27,7.38,24.92,31.13,17.4,3.56,0.98,,0.47,0.65,,,,0.36,25.5,57.37,1.28,87.86,0.0,0.0,416.54,910.34,,2023-12-28 08:00:00
2023-12-28 16:00:00,37.78,119.99,7.39,24.92,31.18,17.4,3.56,1.13,,0.91,1.52,,,,0.75,23.88,61.86,1.01,93.5,0.0,0.0,23.67,904.34,,2023-12-28 16:00:00
2023-12-29 00:00:00,35.6,109.98,7.38,24.91,31.14,17.38,3.57,0.97,,1.25,1.82,,,,0.07,20.54,80.52,1.04,60.16,0.0,0.0,6.65,897.4,,2023-12-29 00:00:00
2023-12-29 08:00:00,29.16,87.84,7.36,24.93,31.14,17.42,3.55,2.05,40.0,0.29,0.4,,,,,25.95,53.51,1.34,92.84,0.0,0.0,249.9,905.61,,2023-12-29 08:00:00
2023-12-29 16:00:00,35.65,111.07,7.39,24.92,31.11,17.43,3.57,2.24,39.93,0.87,1.15,,,,0.73,22.79,65.31,0.95,79.18,0.0,0.0,28.04,902.88,,2023-12-29 16:00:00
2023-12-30 00:00:00,32.45,88.07,7.39,24.9,31.14,17.39,3.57,0.91,39.93,0.35,0.23,,,,,19.62,81.43,0.86,73.91,0.0,0.0,14.48,897.41,,2023-12-30 00:00:00
2023-12-30 08:00:00,31.52,87.84,7.39,24.93,31.16,17.38,3.57,0.95,39.93,0.4,0.4,,,,,26.1,53.98,1.09,81.93,0.0,0.0,434.4,911.96,,2023-12-30 08:00:00
2023-12-30 16:00:00,39.24,128.4,7.4,24.91,31.14,17.39,3.57,1.12,39.93,1.29,1.39,,,,,23.98,60.99,0.98,104.93,0.0,0.0,20.31,904.53,,2023-12-30 16:00:00
2023-12-31 00:00:00,35.07,105.69,7.37,24.9,31.12,17.38,3.55,0.84,39.93,0.47,0.44,,,,,19.27,81.39,0.84,73.45,0.0,0.0,14.96,896.38,,2023-12-31 00:00:00
2023-12-31 08:00:00,38.43,117.54,7.37,24.93,31.15,17.39,3.55,0.88,39.93,0.46,0.39,,,,,24.61,55.44,1.24,80.73,0.0,0.0,453.06,908.83,,2023-12-31 08:00:00
2023-12-31 16:00:00,42.47,131.07,7.39,24.94,31.12,17.39,3.57,1.03,39.93,0.91,0.95,,,,,22.89,60.08,0.98,107.67,0.0,0.0,24.93,902.95,,2023-12-31 16:00:00
2024-01-01 00:00:00,44.29,154.79,7.39,24.91,31.14,17.36,3.56,0.77,39.93,0.73,0.5,,,,,19.08,80.45,0.8,81.58,0.0,0.0,13.16,896.32,,2024-01-01 00:00:00
2024-01-01 08:00:00,39.21,139.49,7.39,24.91,31.16,17.39,3.56,0.84,40.13,0.75,0.49,,,,,25.62,50.84,0.8,85.71,0.0,0.0,408.98,910.31,,2024-01-01 08:00:00
2024-01-01 16:00:00,51.53,134.62,7.4,24.93,31.18,17.37,3.57,0.92,40.41,0.89,1.08,,,,,23.41,57.99,0.93,105.67,0.0,0.0,7.66,904.09,,2024-01-01 16:00:00
2024-01-02 00:00:00,46.66,141.73,7.4,24.92,31.1,17.38,3.58,0.91,,0.43,0.24,,,,,20.26,77.38,0.96,78.97,0.0,0.0,9.88,898.12,,2024-01-02 00:00:00
2024-01-02 08:00:00,52.18,163.5,7.41,24.91,31.12,17.38,3.58,1.06,39.84,0.69,0.58,,,,0.52,25.14,55.07,1.03,71.24,0.0,0.0,347.39,909.06,,2024-01-02 08:00:00
2024-01-02 16:00:00,55.01,154.1,7.38,24.92,31.17,17.38,3.56,1.02,39.84,0.62,0.87,,,,,24.07,56.56,1.08,88.79,0.0,0.0,17.07,904.77,,2024-01-02 16:00:00
2024-01-03 00:00:00,46.22,161.65,7.38,24.92,31.16,17.4,3.56,0.92,39.84,0.45,0.35,,,,,20.22,77.83,0.93,78.06,0.0,0.0,11.36,897.85,,2024-01-03 00:00:00
2024-01-03 08:00:00,42.18,148.06,7.4,24.92,31.17,17.4,3.57,1.0,41.73,0.66,0.62,,,,,24.36,57.56,0.99,70.67,0.0,0.0,276.75,906.45,,2024-01-03 08:00:00
2024-01-03 16:00:00,45.87,136.49,7.37,24.94,31.14,17.37,3.54,0.99,42.23,0.75,1.05,,,,,24.06,55.89,0.97,84.65,0.0,0.0,22.67,905.02,,2024-01-03 16:00:00
2024-01-04 00:00:00,48.21,163.98,7.37,24.91,31.16,17.37,3.55,0.84,42.23,0.47,0.24,,,,,20.73,78.38,1.05,74.38,0.0,0.0,10.87,898.72,,2024-01-04 00:00:00
2024-01-04 08:00:00,46.34,166.82,7.39,24.96,31.14,17.41,3.57,0.97,42.23,0.72,0.68,,,,,24.51,60.89,0.84,111.13,0.0,0.0,205.5,907.04,,2024-01-04 08:00:00
2024-01-04 16:00:00,59.48,208.15,7.38,24.91,31.14,17.39,3.56,1.06,42.23,1.38,1.34,,,,,22.75,70.43,0.7,168.76,0.0,0.0,9.93,902.44,,2024-01-04 16:00:00
2024-01-05 00:00:00,44.21,141.27,7.38,24.92,31.14,17.4,3.56,1.01,42.23,0.52,0.58,,,,,20.98,79.2,0.87,102.33,0.0,0.0,12.14,898.84,,2024-01-05 00:00:00
2024-01-05 08:00:00,43.63,120.27,7.37,24.92,31.14,17.39,3.55,1.11,42.23,0.7,0.86,,,,,25.59,60.43,1.04,97.8,0.0,0.0,333.33,909.06,,2024-01-05 08:00:00
2024-01-05 16:00:00,48.3,154.16,7.39,24.94,31.16,17.39,3.56,1.14,42.23,0.88,1.34,,,,,23.26,70.82,1.14,95.99,0.0,0.0,20.15,903.89,,2024-01-05 16:00:00
2024-01-06 00:00:00,39.19,133.69,7.39,24.93,31.14,17.38,3.56,0.91,42.23,0.41,0.23,,,,,20.81,78.38,0.95,61.29,0.0,0.0,13.12,898.87,,2024-01-06 00:00:00
2024-01-06 08:00:00,36.6,123.94,7.4,24.92,31.16,17.35,3.57,1.06,42.23,0.88,0.99,,,,,22.34,73.34,1.3,57.55,0.0,0.0,253.17,901.72,,2024-01-06 08:00:00
2024-01-06 16:00:00,35.51,117.97,7.36,24.93,31.1,17.34,3.54,1.07,,,,,,,,23.42,69.39,1.17,77.2,0.0,0.0,8.49,904.93,,2024-01-06 16:00:00
2024-01-07 00:00:00,34.48,104.28,7.37,24.93,31.16,17.37,3.55,0.84,,,,,,,,20.69,80.22,0.92,61.87,0.0,0.0,12.6,898.98,,2024-01-07 00:00:00
2024-01-07 08:00:00,36.88,95.2,7.4,24.94,31.11,17.38,3.57,0.9,,,,,,,,26.54,51.29,1.24,68.6,0.0,0.0,415.98,911.75,,2024-01-07 08:00:00
2024-01-07 16:00:00,39.17,94.19,7.38,24.92,31.13,17.38,3.55,0.89,,,,,,,,24.23,64.87,1.2,68.17,0.0,0.0,16.22,905.19,,2024-01-07 16:00:00
2024-01-08 00:00:00,34.87,101.99,7.38,24.92,31.14,17.38,3.56,0.82,,,,,,,,21.31,79.58,1.16,58.41,0.0,0.0,11.65,899.72,,2024-01-08 00:00:00
2024-01-08 08:00:00,27.84,68.8,7.39,24.89,31.17,17.37,3.56,0.87,,,,,,,,23.48,73.1,1.2,66.18,0.0,0.0,146.9,904.37,,2024-01-08 08:00:00
2024-01-08 16:00:00,23.64,47.28,7.38,24.92,31.16,17.38,3.56,0.86,,,,,,,,22.19,78.97,1.0,87.45,0.0,0.0,15.4,901.4,,2024-01-08 16:00:00
2024-01-09 00:00:00,29.99,75.04,7.38,24.93,31.16,17.42,3.55,0.83,,,,,,,,20.91,82.32,1.0,58.31,0.0,0.0,9.86,898.91,,2024-01-09 00:00:00
2024-01-09 08:00:00,34.03,86.46,7.38,24.92,31.15,17.4,3.56,0.95,,,,,,,,24.21,58.07,1.23,77.96,0.0,0.0,205.6,906.52,,2024-01-09 08:00:00
2024-01-09 16:00:00,38.25,105.62,7.36,24.94,31.14,17.42,3.54,0.99,,,,,,,,22.64,58.57,1.09,68.34,0.0,0.0,21.68,902.23,,2024-01-09 16:00:00
2024-01-10 00:00:00,35.79,111.87,7.37,24.91,31.14,17.39,3.55,0.97,,,,,,,,19.87,73.41,0.98,83.11,0.0,0.0,16.24,897.64,,2024-01-10 00:00:00
2024-01-10 08:00:00,39.64,117.59,7.38,24.93,31.19,17.37,3.56,1.06,45.26,0.29,0.3,,,,,25.34,45.54,1.17,101.13,0.0,0.0,320.36,910.23,,2024-01-10 08:00:00
2024-01-10 16:00:00,44.25,133.89,7.37,24.92,31.18,17.37,3.55,1.08,,0.52,0.65,,,,0.56,23.59,55.11,0.99,88.96,0.0,0.0,17.59,904.53,,2024-01-10 16:00:00
2024-01-11 00:00:00,42.14,161.57,7.36,24.91,31.16,17.4,3.54,0.95,,0.4,0.26,,,,,19.67,78.75,0.82,72.66,0.0,0.0,12.42,896.65,,2024-01-11 00:00:00
2024-01-11 08:00:00,42.47,115.91,7.38,24.91,31.15,17.39,3.55,1.07,39.95,0.42,0.38,,,,,27.31,39.94,1.16,82.44,0.0,0.0,455.06,913.77,,2024-01-11 08:00:00
2024-01-11 16:00:00,44.81,126.31,7.38,24.92,31.15,17.37,3.56,1.01,39.69,0.58,0.67,,,,0.73,24.49,53.86,1.16,72.13,0.0,0.0,27.61,906.06,,2024-01-11 16:00:00
2024-01-12 00:00:00,36.49,109.42,7.38,24.92,31.12,17.38,3.55,0.9,39.68,0.38,0.23,,,,,18.94,73.04,0.86,67.24,0.0,0.0,12.92,895.66,,2024-01-12 00:00:00
2024-01-12 08:00:00,44.89,142.44,7.39,24.94,31.13,17.38,3.57,0.9,39.63,0.43,0.36,,,,0.3,26.3,43.66,1.43,79.51,0.0,0.0,469.72,911.6,,2024-01-12 08:00:00
2024-01-12 16:00:00,52.04,160.77,7.39,24.93,31.16,17.4,3.56,0.89,39.68,0.64,0.74,,,,0.7,23.98,55.04,1.11,84.11,0.0,0.0,29.52,905.13,,2024-01-12 16:00:00
2024-01-13 00:00:00,54.22,197.11,7.38,24.93,31.13,17.39,3.56,0.92,39.71,0.78,0.6,,,,1.42,18.78,85.65,0.72,115.06,0.0,0.0,14.08,895.33,,2024-01-13 00:00:00
2024-01-13 08:00:00,37.16,124.35,7.4,24.91,31.14,17.37,3.57,0.92,39.69,0.61,0.47,,,,0.19,25.37,55.14,1.07,82.35,0.0,0.0,418.56,909.86,,2024-01-13 08:00:00
2024-01-13 16:00:00,45.65,176.3,7.4,24.93,31.15,17.36,3.57,1.06,,0.98,1.8,,,,0.78,24.39,56.89,0.91,101.9,0.0,0.0,24.89,904.83,,2024-01-13 16:00:00
2024-01-14 00:00:00,56.9,217.62,7.39,24.92,31.12,17.39,3.56,1.04,,1.04,0.89,,,,0.44,20.03,80.3,0.69,77.39,0.0,0.0,12.39,897.02,,2024-01-14 00:00:00
2024-01-14 08:00:00,58.72,144.08,7.4,24.93,31.1,17.39,3.57,1.13,,0.95,0.52,,,,0.71,27.07,44.53,1.34,40.66,0.0,0.0,460.63,912.28,,2024-01-14 08:00:00
2024-01-14 16:00:00,68.02,197.45,7.39,24.93,31.18,17.38,3.56,1.27,,1.15,1.16,,,,0.7,24.99,49.99,0.95,61.81,0.0,0.0,27.25,905.91,,2024-01-14 16:00:00
2024-01-15 00:00:00,63.14,234.38,7.37,24.92,31.15,17.4,3.55,1.21,,0.83,0.52,,,,,19.05,80.42,0.65,112.01,0.0,0.0,11.9,895.28,,2024-01-15 00:00:00
2024-01-15 08:00:00,55.79,156.58,7.38,24.94,31.13,17.38,3.56,1.31,42.0,0.78,0.48,,,,0.27,26.74,43.63,0.87,64.99,0.0,0.0,459.9,912.05,,2024-01-15 08:00:00
2024-01-15 16:00:00,65.27,215.46,7.4,24.93,31.14,17.38,3.58,1.49,,1.33,1.35,,,,1.14,24.35,50.1,0.76,82.77,0.0,0.0,26.65,905.2,,2024-01-15 16:00:00
2024-01-16 00:00:00,57.73,196.03,7.4,24.93,31.11,17.37,3.58,0.93,,0.53,0.26,,,,0.33,19.37,79.75,0.89,86.44,0.0,0.0,11.55,895.8,,2024-01-16 00:00:00
2024-01-16 08:00:00,52.2,165.06,7.38,24.91,31.1,17.41,3.56,1.11,,0.81,0.62,,,,0.24,25.9,46.63,0.82,83.48,0.0,0.0,439.08,911.32,,2024-01-16 08:00:00
2024-01-16 16:00:00,70.63,273.04,7.38,24.95,31.1,17.39,3.55,1.62,,2.29,2.26,,,,0.53,23.79,51.69,0.64,95.99,0.0,0.0,26.19,903.54,,2024-01-16 16:00:00
2024-01-17 00:00:00,52.0,165.78,7.39,24.92,31.1,17.37,3.57,0.93,,0.85,1.36,,,,0.62,19.37,78.8,0.77,104.92,0.0,0.0,11.32,895.64,,2024-01-17 00:00:00
2024-01-17 08:00:00,60.68,144.63,7.4,24.91,31.16,17.37,3.57,0.95,,0.55,0.39,,,,0.83,26.09,51.58,0.71,153.43,0.0,0.0,374.42,910.95,,2024-01-17 08:00:00
2024-01-17 16:00:00,71.28,207.77,7.4,24.92,31.13,17.37,3.58,1.15,,1.04,1.53,,,,0.78,24.54,48.2,0.62,131.95,0.0,0.0,32.52,905.34,,2024-01-17 16:00:00
2024-01-18 00:00:00,52.24,146.46,7.38,24.94,31.11,17.38,3.56,0.83,,0.7,2.18,,,,0.84,19.28,77.79,0.75,109.42,0.0,0.0,11.62,895.37,,2024-01-18 00:00:00
2024-01-18 08:00:00,57.99,161.02,7.4,24.92,31.14,17.37,3.57,0.88,39.69,0.4,0.26,,,,0.6,26.6,45.62,0.62,190.04,0.0,0.0,437.48,912.21,,2024-01-18 08:00:00
2024-01-18 16:00:00,62.22,227.37,7.37,24.93,31.14,17.4,3.55,1.25,,1.73,2.18,,,,,24.17,46.62,0.63,115.16,0.0,0.0,33.26,905.45,,2024-01-18 16:00:00
2024-01-19 00:00:00,37.75,103.79,7.38,24.91,31.15,17.37,3.56,1.07,,0.64,0.96,,,,0.37,19.43,80.16,0.66,100.54,0.0,0.0,12.09,895.91,,2024-01-19 00:00:00
2024-01-19 08:00:00,55.28,138.73,7.4,24.91,31.14,17.38,3.58,1.09,46.37,0.74,1.0,,,,0.28,27.14,48.72,0.67,124.2,0.0,0.0,401.32,912.85,,2024-01-19 08:00:00
2024-01-19 16:00:00,60.47,185.77,7.39,24.92,31.16,17.38,3.57,1.12,46.37,0.89,1.83,,,,0.51,25.1,52.84,0.99,83.32,0.0,0.0,27.84,906.22,,2024-01-19 16:00:00
2024-01-20 00:00:00,48.05,151.04,7.38,24.93,31.16,17.37,3.56,0.92,46.37,0.41,0.46,,,,,20.18,79.16,0.95,91.66,0.0,0.0,12.11,896.86,,2024-01-20 00:00:00
2024-01-20 08:00:00,43.0,128.82,7.4,24.91,31.17,17.36,3.58,1.06,43.49,0.57,0.66,,,,0.26,27.02,40.6,1.07,69.69,0.0,0.0,428.75,909.9,,2024-01-20 08:00:00
2024-01-20 16:00:00,60.13,176.0,7.42,24.91,31.1,17.39,3.59,1.05,40.33,0.87,1.87,,,,0.44,24.85,51.57,0.88,105.88,0.0,0.0,20.8,905.74,,2024-01-20 16:00:00
2024-01-21 00:00:00,45.54,134.61,7.37,24.91,31.12,17.42,3.55,0.96,40.33,0.74,0.88,,,,0.26,20.0,78.99,0.77,97.67,0.0,0.0,11.93,896.54,,2024-01-21 00:00:00
2024-01-21 08:00:00,60.09,144.72,7.41,24.93,31.13,17.39,3.58,1.06,40.33,0.66,0.75,,,,,27.83,42.68,0.86,119.56,0.0,0.0,461.41,912.49,,2024-01-21 08:00:00
2024-01-21 16:00:00,69.71,216.54,7.39,24.94,31.16,17.37,3.56,1.49,40.33,1.98,1.6,,,,0.87,25.27,48.48,0.72,95.71,0.0,0.0,30.3,906.71,,2024-01-21 16:00:00
2024-01-22 00:00:00,38.53,107.35,7.4,24.93,31.15,17.38,3.58,0.83,40.33,0.66,1.04,,,,,20.03,81.16,0.61,126.08,0.0,0.0,11.95,896.07,,2024-01-22 00:00:00
2024-01-22 08:00:00,45.32,139.98,7.38,24.93,31.16,17.4,3.56,0.96,40.33,0.59,0.54,,,,0.71,28.09,39.51,1.07,75.14,0.0,0.0,457.88,912.76,,2024-01-22 08:00:00
2024-01-22 16:00:00,56.11,184.4,7.37,24.93,31.11,17.36,3.54,1.1,40.33,0.98,1.2,,,,0.49,25.65,46.43,0.86,97.23,0.0,0.0,31.29,907.14,,2024-01-22 16:00:00
2024-01-23 00:00:00,39.64,124.63,7.38,24.9,31.14,17.38,3.56,0.8,40.33,0.77,1.1,,,,,19.51,77.82,0.59,113.83,0.0,0.0,12.28,895.67,,2024-01-23 00:00:00
2024-01-23 08:00:00,48.31,158.24,7.39,24.92,31.13,17.39,3.57,0.88,40.33,0.87,0.86,,,,0.47,27.85,34.15,0.86,101.16,0.0,0.0,469.29,913.37,,2024-01-23 08:00:00
2024-01-23 16:00:00,51.78,164.71,7.4,24.93,31.11,17.39,3.58,0.85,40.33,0.83,1.19,,,,0.64,25.26,49.29,0.91,113.4,0.0,0.0,31.15,906.09,,2024-01-23 16:00:00
2024-01-24 00:00:00,41.72,119.21,7.39,24.92,31.14,17.39,3.57,0.77,40.33,0.56,0.97,,,,,19.68,79.28,0.66,119.66,0.0,0.0,11.67,896.15,,2024-01-24 00:00:00
2024-01-24 08:00:00,45.73,150.0,7.39,24.92,31.08,17.37,3.57,0.77,40.33,0.42,0.48,,,,,26.71,51.1,0.73,195.78,0.0,0.0,407.69,911.0,,2024-01-24 08:00:00
2024-01-24 16:00:00,81.4,265.82,7.37,24.92,31.14,17.38,3.55,1.05,40.33,1.47,1.48,,,,,24.92,50.76,0.68,129.31,0.0,0.0,21.02,905.17,,2024-01-24 16:00:00
2024-01-25 00:00:00,53.31,143.56,7.4,24.92,31.14,17.38,3.57,0.88,40.33,0.55,0.8,,,,,20.63,73.13,0.69,120.38,0.0,0.0,11.11,897.42,,2024-01-25 00:00:00
2024-01-25 08:00:00,65.51,182.01,7.38,24.91,31.08,17.4,3.56,0.94,40.33,0.45,0.36,,,,,27.69,45.12,0.79,133.65,0.0,0.0,412.61,912.81,,2024-01-25 08:00:00
2024-01-25 16:00:00,74.8,221.49,7.37,24.9,31.14,17.4,3.54,0.94,40.33,0.95,1.5,,,,,25.48,46.13,0.9,89.98,0.0,0.0,28.59,906.5,,2024-01-25 16:00:00
2024-01-26 00:00:00,38.48,141.76,7.38,24.93,31.12,17.39,3.55,0.83,40.33,0.37,0.44,,,,,19.9,77.15,0.88,92.32,0.0,0.0,12.86,896.54,,2024-01-26 00:00:00
2024-01-26 08:00:00,51.96,122.11,7.36,24.92,31.11,17.37,3.54,0.95,40.31,0.31,0.24,,,,,26.49,37.56,1.29,83.1,0.0,0.0,485.56,911.44,,2024-01-26 08:00:00
2024-01-26 16:00:00,51.86,124.89,7.38,24.91,31.15,17.39,3.56,1.03,39.69,0.65,0.75,,,,0.64,24.74,44.92,1.1,82.66,0.0,0.0,33.85,905.92,,2024-01-26 16:00:00
2024-01-27 00:00:00,37.3,107.99,7.4,24.93,31.12,17.38,3.57,0.96,39.73,0.3,0.17,,,,,19.6,76.52,1.04,77.93,0.0,0.0,12.46,896.22,,2024-01-27 00:00:00
2024-01-27 08:00:00,41.65,104.17,7.38,24.9,31.12,17.4,3.56,0.99,39.86,0.45,0.24,,,,,26.14,40.34,1.38,60.89,0.0,0.0,495.71,910.56,,2024-01-27 08:00:00
2024-01-27 16:00:00,47.93,114.89,7.39,24.9,31.15,17.36,3.56,1.03,39.68,,,,,,,24.76,47.56,1.13,78.5,0.0,0.0,34.57,906.08,,2024-01-27 16:00:00
2024-01-28 00:00:00,35.39,95.18,7.38,24.92,31.15,17.4,3.56,0.82,39.67,,,,,,,19.64,78.9,0.99,80.43,0.0,0.0,7.98,896.92,,2024-01-28 00:00:00
2024-01-28 08:00:00,36.58,80.93,7.39,24.93,31.15,17.39,3.56,0.9,41.11,,,,,,,25.76,48.09,1.22,72.48,0.0,0.0,435.14,909.09,,2024-01-28 08:00:00
2024-01-28 16:00:00,43.57,107.36,7.39,24.9,31.13,17.4,3.57,1.09,39.99,,,,,,,24.36,49.48,1.06,95.99,0.0,0.0,34.77,905.86,,2024-01-28 16:00:00
2024-01-29 00:00:00,37.78,114.07,7.38,24.93,31.13,17.39,3.56,0.93,39.67,,,,,,,19.52,75.83,1.28,59.13,0.0,0.0,13.59,896.39,,2024-01-29 00:00:00
2024-01-29 08:00:00,43.38,113.59,7.38,24.9,31.17,17.39,3.56,1.08,42.59,,,,,,,26.04,41.63,1.23,54.84,0.0,0.0,509.89,910.15,,2024-01-29 08:00:00
2024-01-29 16:00:00,52.66,149.54,7.37,24.92,31.13,17.39,3.55,1.19,,,,,,,,24.64,42.92,0.93,85.2,0.0,0.0,35.93,906.8,,2024-01-29 16:00:00
2024-01-30 00:00:00,42.14,143.26,7.4,24.93,31.13,17.39,3.57,0.99,,,,,,,,18.62,73.67,0.92,66.62,0.0,0.0,13.2,895.51,,2024-01-30 00:00:00
2024-01-30 08:00:00,48.96,153.98,7.37,24.9,31.13,17.38,3.55,1.19,40.22,,,,,,,26.8,40.97,0.72,95.58,0.0,0.0,474.43,911.69,,2024-01-30 08:00:00
2024-01-30 16:00:00,70.71,389.83,7.38,24.93,31.16,17.37,3.55,2.37,,,,,,,,24.28,46.42,0.56,106.12,0.0,0.0,33.57,905.49,,2024-01-30 16:00:00
2024-01-31 00:00:00,47.53,155.38,7.4,24.89,31.14,17.39,3.58,0.97,,,,,,,,19.91,77.77,0.87,92.96,0.0,0.0,12.12,897.1,,2024-01-31 00:00:00
2024-01-31 08:00:00,59.09,182.04,7.38,24.9,31.1,17.41,3.56,1.04,,,,,,,,28.4,44.31,0.67,212.77,0.0,0.0,475.57,913.68,,2024-01-31 08:00:00
2024-01-31 16:00:00,74.3,319.94,7.39,24.91,31.12,17.37,3.56,,,,,,,,,25.25,49.03,0.58,143.57,0.0,0.0,35.24,906.0,,2024-01-31 16:00:00
2024-02-01 00:00:00,41.0,142.86,7.4,24.94,31.13,17.36,3.58,1.1,,,,,,,,20.4,83.23,0.59,135.08,0.0,0.0,13.28,896.75,,2024-02-01 00:00:00
2024-02-01 08:00:00,57.45,173.03,7.39,24.92,31.16,17.37,3.56,1.08,44.41,,,,,,,27.92,44.37,0.65,171.59,0.0,0.0,458.46,911.45,,2024-02-01 08:00:00
2024-02-01 16:00:00,57.34,216.89,7.39,24.9,31.1,17.37,3.57,1.76,45.37,,,,,,,25.43,49.44,0.52,124.1,0.0,0.0,36.06,906.26,,2024-02-01 16:00:00
2024-02-02 00:00:00,,155.44,7.38,24.93,31.13,17.39,3.55,0.99,45.37,,,,,,,20.73,84.31,0.52,145.77,0.0,0.0,12.51,896.67,,2024-02-02 00:00:00
2024-02-02 08:00:00,29.48,113.21,7.38,24.91,31.14,17.38,3.56,0.92,46.22,,,,,,,28.85,43.37,0.67,193.3,0.0,0.0,457.34,911.54,,2024-02-02 08:00:00
2024-02-02 16:00:00,55.83,285.36,7.37,24.91,31.15,17.4,3.55,1.19,47.55,,,,,,,26.03,53.07,0.52,118.78,0.0,0.0,24.72,907.62,,2024-02-02 16:00:00
2024-02-03 00:00:00,44.62,135.57,7.37,24.9,31.12,17.41,3.55,0.99,47.55,,,,,,,22.66,79.24,0.81,117.75,0.0,0.0,12.22,901.58,,2024-02-03 00:00:00
2024-02-03 08:00:00,42.82,112.52,7.39,24.92,31.11,17.38,3.56,1.13,47.55,,,,,,,28.17,51.26,1.03,85.15,0.0,0.0,421.6,912.98,,2024-02-03 08:00:00
2024-02-03 16:00:00,46.8,154.88,7.4,24.91,31.13,17.4,3.57,1.27,47.55,,,,,,,26.55,49.76,1.08,83.9,0.0,0.0,28.52,908.33,,2024-02-03 16:00:00
2024-02-04 00:00:00,41.71,139.69,7.38,24.92,31.15,17.38,3.55,0.89,47.55,,,,,,,20.88,75.99,0.91,78.58,0.0,0.0,12.74,898.65,,2024-02-04 00:00:00
2024-02-04 08:00:00,26.22,149.0,7.37,24.92,31.11,17.36,3.55,0.99,47.55,,,,,,,26.85,42.3,1.09,96.56,0.0,0.0,494.22,910.57,,2024-02-04 08:00:00
2024-02-04 16:00:00,,,,,,,,,,,,,,,,,,,,,0.0,,,,2024-02-04 16:00:00
2024-02-05 00:00:00,,,,,,,,,,,,,,,,,,,,,0.0,,,,2024-02-05 00:00:00
2024-02-05 08:00:00,,,,,,,,,,,,,,,,,,,,,0.0,,,,2024-02-05 08:00:00
2024-02-05 16:00:00,,,,,,,,,,,,,,,,,,,,,0.0,,,,2024-02-05 16:00:00
2024-02-06 00:00:00,,,,,,,,,,,,,,,,,,,,,0.0,,,,2024-02-06 00:00:00
2024-02-06 08:00:00,,,,,,,,,,,,,,,,,,,,,0.0,,,,2024-02-06 08:00:00
2024-02-06 16:00:00,,,,,,,,,,,,,,,,,,,,,0.0,,,,2024-02-06 16:00:00
2024-02-07 00:00:00,,,,,,,,,,,,,,,,,,,,,0.0,,,,2024-02-07 00:00:00
2024-02-07 08:00:00,,,,,,,,,,,,,,,,,,,,,0.0,,,,2024-02-07 08:00:00
2024-02-07 16:00:00,,,,,,,,,,,,,,,,,,,,,0.0,,,,2024-02-07 16:00:00
2024-02-08 00:00:00,,,,,,,,,,,,,,,,,,,,,0.0,,,,2024-02-08 00:00:00
2024-02-08 08:00:00,,,,,,,,,,,,,,,,,,,,,0.0,,,,2024-02-08 08:00:00
2024-02-08 16:00:00,,,,,,,,,,,,,,,,,,,,,0.0,,,,2024-02-08 16:00:00
2024-02-09 00:00:00,,,,,,,,,,,,,,,,,,,,,0.0,,,,2024-02-09 00:00:00
2024-02-09 08:00:00,,,,,,,,,,,,,,,,,,,,,0.0,,,,2024-02-09 08:00:00
2024-02-09 16:00:00,,,,,,,,,,,,,,,,,,,,,0.0,,,,2024-02-09 16:00:00
2024-02-10 00:00:00,,,,,,,,,,,,,,,,,,,,,0.0,,,,2024-02-10 00:00:00
2024-02-10 08:00:00,,,,,,,,,,,,,,,,,,,,,0.0,,,,2024-02-10 08:00:00
2024-02-10 16:00:00,,,,,,,,,,,,,,,,,,,,,0.0,,,,2024-02-10 16:00:00
2024-02-11 00:00:00,,,,,,,,,,,,,,,,,,,,,0.0,,,,2024-02-11 00:00:00
2024-02-11 08:00:00,,,,,,,,,,,,,,,,,,,,,0.0,,,,2024-02-11 08:00:00
2024-02-11 16:00:00,,,,,,,,,,,,,,,,,,,,,0.0,,,,2024-02-11 16:00:00
2024-02-12 00:00:00,,,,,,,,,,,,,,,,,,,,,0.0,,,,2024-02-12 00:00:00
2024-02-12 08:00:00,,,,,,,,,,,,,,,,,,,,,0.0,,,,2024-02-12 08:00:00
2024-02-12 16:00:00,,,,,,,,,,,,,,,,,,,,,0.0,,,,2024-02-12 16:00:00
2024-02-13 00:00:00,,,,,,,,,,,,,,,,,,,,,0.0,,,,2024-02-13 00:00:00
2024-02-13 08:00:00,,,,,,,,,,,,,,,,,,,,,0.0,,,,2024-02-13 08:00:00
2024-02-13 16:00:00,,,,,,,,,,,,,,,,,,,,,0.0,,,,2024-02-13 16:00:00
2024-02-14 00:00:00,,,,,,,,,,,,,,,,,,,,,0.0,,,,2024-02-14 00:00:00
2024-02-14 08:00:00,,,,,,,,,,,,,,,,,,,,,0.0,,,,2024-02-14 08:00:00
2024-02-14 16:00:00,,,,,,,,,,,,,,,,,,,,,0.0,,,,2024-02-14 16:00:00
2024-02-15 00:00:00,,,,,,,,,,,,,,,,,,,,,0.0,,,,2024-02-15 00:00:00
2024-02-15 08:00:00,,,,,,,,,,,,,,,,,,,,,0.0,,,,2024-02-15 08:00:00
2024-02-15 16:00:00,,,,,,,,,,,,,,,,,,,,,0.0,,,,2024-02-15 16:00:00
2024-02-16 00:00:00,,,,,,,,,,,,,,,,,,,,,0.0,,,,2024-02-16 00:00:00
2024-02-16 08:00:00,,,,,,,,,,,,,,,,,,,,,0.0,,,,2024-02-16 08:00:00
2024-02-16 16:00:00,,,,,,,,,,,,,,,,,,,,,0.0,,,,2024-02-16 16:00:00
2024-02-17 00:00:00,,,,,,,,,,,,,,,,,,,,,0.0,,,,2024-02-17 00:00:00
2024-02-17 08:00:00,,,,,,,,,,,,,,,,,,,,,0.0,,,,2024-02-17 08:00:00
2024-02-17 16:00:00,,,,,,,,,,,,,,,,,,,,,0.0,,,,2024-02-17 16:00:00
2024-02-18 00:00:00,,,,,,,,,,,,,,,,,,,,,0.0,,,,2024-02-18 00:00:00
2024-02-18 08:00:00,,,,,,,,,,,,,,,,,,,,,0.0,,,,2024-02-18 08:00:00
2024-02-18 16:00:00,,,,,,,,,,,,,,,,,,,,,0.0,,,,2024-02-18 16:00:00
2024-02-19 00:00:00,,,,,,,,,,,,,,,,,,,,,0.0,,,,2024-02-19 00:00:00
2024-02-19 08:00:00,,,,,,,,,,,,,,,,,,,,,0.0,,,,2024-02-19 08:00:00
2024-02-19 16:00:00,,,,,,,,,,,,,,,,,,,,,0.0,,,,2024-02-19 16:00:00
2024-02-20 00:00:00,,,,,,,,,,,,,,,,,,,,,0.0,,,,2024-02-20 00:00:00
2024-02-20 08:00:00,,,,,,,,,,,,,,,,,,,,,0.0,,,,2024-02-20 08:00:00
2024-02-20 16:00:00,,,,,,,,,,,,,,,,,,,,,0.0,,,,2024-02-20 16:00:00
2024-02-21 00:00:00,,,,,,,,,,,,,,,,,,,,,0.0,,,,2024-02-21 00:00:00
2024-02-21 08:00:00,10.36,265.83,21.84,78.69,23.41,,8.16,1.08,21.84,,,,,,,,81.26,1.77,216.87,0.0,0.0,180.0,930.0,,2024-02-21 08:00:00
2024-02-21 16:00:00,86.2,469.21,21.22,70.91,43.57,,8.41,1.77,21.22,0.0,0.0,,,,,,89.37,1.29,188.0,0.0,0.0,34.48,930.0,,2024-02-21 16:00:00
2024-02-22 00:00:00,73.7,144.93,23.46,77.47,73.96,,5.26,0.51,23.46,0.6,0.85,,,,,,,1.82,186.43,0.0,0.0,15.96,930.0,,2024-02-22 00:00:00
2024-02-22 08:00:00,27.89,185.78,42.82,52.12,55.69,,7.17,0.68,42.76,0.44,0.31,,,,0.01,,77.75,1.92,260.3,0.0,0.0,585.19,930.0,,2024-02-22 08:00:00
2024-02-22 16:00:00,93.21,300.14,49.48,42.87,50.36,,6.78,1.54,49.28,3.26,0.84,,,,,,84.2,1.45,176.33,0.0,0.0,41.28,930.0,,2024-02-22 16:00:00
2024-02-23 00:00:00,61.6,136.52,49.63,42.86,50.24,,6.29,0.9,49.44,1.47,1.47,,,,,,98.21,1.59,141.21,0.0,0.0,17.26,930.0,,2024-02-23 00:00:00
2024-02-23 08:00:00,26.47,154.17,49.48,42.7,50.24,,8.04,0.84,49.32,1.49,0.62,,,,,,76.97,1.81,240.81,0.0,0.0,607.42,930.0,,2024-02-23 08:00:00
2024-02-23 16:00:00,71.92,246.99,49.54,42.85,50.31,,7.28,1.39,49.43,2.52,1.05,,,,,,86.35,1.28,152.61,0.0,0.0,42.02,930.0,,2024-02-23 16:00:00
2024-02-24 00:00:00,54.72,132.54,49.62,42.78,50.17,,6.43,0.84,49.3,1.36,1.64,,,,,,,1.47,163.09,0.0,0.0,16.82,930.0,,2024-02-24 00:00:00
2024-02-24 08:00:00,25.83,141.36,24.65,50.48,55.21,,8.77,0.7,24.19,0.44,0.65,,,,,,87.27,1.63,219.54,0.0,0.0,548.43,930.0,,2024-02-24 08:00:00
2024-02-24 16:00:00,68.92,172.98,64.61,66.43,67.03,,7.01,0.71,64.54,0.63,1.04,,,,,,94.45,1.48,126.04,0.0,0.0,25.16,930.0,,2024-02-24 16:00:00
2024-02-25 00:00:00,33.06,108.54,67.85,67.39,67.84,,8.76,0.93,67.7,0.3,1.54,,,,,,94.73,1.41,122.82,0.0,0.0,9.27,930.0,,2024-02-25 00:00:00
2024-02-25 08:00:00,15.42,113.57,67.75,67.54,67.79,,10.64,0.9,67.88,0.32,0.33,,,,,,88.93,1.08,116.44,0.0,0.0,565.0,930.0,,2024-02-25 08:00:00
2024-02-25 16:00:00,52.74,125.63,40.49,59.32,52.91,,6.94,0.93,40.56,0.4,0.38,,,,,,91.62,1.13,108.73,0.0,0.0,41.34,930.0,,2024-02-25 16:00:00
2024-02-26 00:00:00,37.32,95.3,29.32,55.91,46.53,,5.98,0.84,29.32,0.2,0.15,,,,,,,1.08,110.01,0.0,0.0,19.19,930.0,,2024-02-26 00:00:00
2024-02-26 08:00:00,15.34,91.42,29.24,56.07,46.51,,6.3,0.92,29.24,0.22,0.33,,,,,,89.55,1.2,117.44,0.0,0.0,626.23,930.0,,2024-02-26 08:00:00
2024-02-26 16:00:00,37.72,118.9,29.27,55.87,46.55,,6.48,0.66,29.27,0.36,0.61,,,,0.57,,92.12,1.25,111.37,0.0,0.0,44.33,930.0,,2024-02-26 16:00:00
2024-02-27 00:00:00,32.38,85.77,29.25,55.86,46.54,,6.54,0.54,29.25,0.22,0.27,,,,,,,0.98,93.16,0.0,0.0,19.97,930.0,,2024-02-27 00:00:00
2024-02-27 08:00:00,11.67,100.26,21.4,37.39,44.77,,7.2,0.62,21.4,0.33,0.34,,,,,,86.94,0.8,92.02,0.0,0.0,641.34,930.0,,2024-02-27 08:00:00
2024-02-27 16:00:00,37.35,128.06,34.33,34.58,61.69,,7.23,0.64,34.33,,,,,,,,89.54,1.16,111.22,0.0,0.0,49.43,930.0,,2024-02-27 16:00:00
2024-02-28 00:00:00,64.75,97.09,42.61,30.84,65.85,,6.12,0.7,42.61,,,,,,,,,1.25,124.18,0.0,0.0,19.53,930.0,,2024-02-28 00:00:00
2024-02-28 08:00:00,16.04,94.5,42.66,30.81,66.02,,6.64,0.95,42.66,,,,,,,,74.16,0.72,110.71,0.0,0.0,660.05,930.0,,2024-02-28 08:00:00
2024-02-28 16:00:00,30.1,142.98,42.53,30.83,66.01,,6.66,0.97,42.53,,,,,,,,81.44,0.94,90.85,0.0,0.0,48.52,930.0,,2024-02-28 16:00:00
2024-02-29 00:00:00,59.39,115.21,42.64,30.83,66.05,,6.7,0.78,42.64,,,,,,,,98.02,1.18,105.67,0.0,0.0,21.82,930.0,,2024-02-29 00:00:00
2024-02-29 08:00:00,19.34,103.24,42.61,30.81,66.07,,8.54,0.98,42.61,,,,,,,,70.29,0.97,101.6,0.0,0.0,680.34,930.0,,2024-02-29 08:00:00
2024-02-29 16:00:00,42.86,127.79,42.51,30.81,65.86,,7.51,0.93,42.51,,,,,,,,81.3,0.98,93.87,0.0,0.0,48.91,930.0,,2024-02-29 16:00:00
2024-03-01 00:00:00,50.88,87.64,42.57,30.8,66.08,,6.22,0.85,42.57,,,,,,,,,1.33,121.67,0.0,0.0,19.42,930.0,,2024-03-01 00:00:00
2024-03-01 08:00:00,31.45,107.12,42.48,30.81,65.93,,6.53,0.92,42.48,,,,,,,,77.54,1.1,112.34,0.0,0.0,661.75,930.0,,2024-03-01 08:00:00
2024-03-01 16:00:00,33.01,110.29,42.61,30.81,66.04,,6.55,1.01,42.61,,,,,,,,81.33,1.1,104.1,0.0,0.0,49.93,930.0,,2024-03-01 16:00:00
2024-03-02 00:00:00,61.97,107.68,53.31,39.99,46.24,,6.64,0.76,53.31,,,,,,,,,1.59,144.93,0.0,0.0,19.76,930.0,,2024-03-02 00:00:00
2024-03-02 08:00:00,31.66,134.11,70.04,54.54,15.03,,7.51,0.81,70.04,,,,,,,,74.33,1.16,124.8,0.0,0.0,571.78,930.0,,2024-03-02 08:00:00
2024-03-02 16:00:00,37.83,138.02,15.61,59.32,17.88,,7.51,0.94,15.61,1.08,0.99,,,,,,79.4,1.45,129.11,0.0,0.0,51.53,930.0,,2024-03-02 16:00:00
2024-03-03 00:00:00,61.11,164.18,15.57,59.6,17.84,,12.1,0.93,15.57,1.26,0.97,,,,,,96.92,1.43,137.94,0.0,0.0,14.88,930.0,,2024-03-03 00:00:00
2024-03-03 08:00:00,24.88,184.55,15.58,59.36,17.88,,21.29,0.89,15.58,0.95,0.37,,,,0.06,,80.03,0.74,132.43,0.0,0.0,605.29,930.0,,2024-03-03 08:00:00
2024-03-03 16:00:00,52.15,147.67,15.58,59.71,17.85,,14.84,0.98,15.58,0.88,0.7,,,,0.51,,83.13,1.35,115.38,0.0,0.0,47.03,930.0,,2024-03-03 16:00:00
2024-03-04 00:00:00,72.1,129.58,15.59,59.32,17.85,,7.3,0.88,15.59,0.9,0.73,,,,,,,1.59,171.24,0.0,0.0,19.5,930.0,,2024-03-04 00:00:00
2024-03-04 08:00:00,34.42,159.43,38.68,66.17,15.34,,10.32,1.03,38.68,3.46,1.01,,,,0.3,,78.9,1.39,210.56,0.0,0.0,593.75,930.0,,2024-03-04 08:00:00
2024-03-04 16:00:00,58.59,229.61,58.21,75.39,13.15,,9.1,1.22,58.21,,,,,,,,82.79,1.24,158.46,0.0,0.0,43.66,930.0,,2024-03-04 16:00:00
2024-03-05 00:00:00,74.62,119.67,58.24,75.25,13.17,,6.81,0.79,58.24,,,,,,,,,1.52,158.76,0.0,0.0,19.82,930.0,,2024-03-05 00:00:00
2024-03-05 08:00:00,34.94,175.91,58.37,75.22,13.16,,14.26,0.94,58.37,,,,,,,,72.82,1.29,177.6,0.0,0.0,633.78,930.0,,2024-03-05 08:00:00
2024-03-05 16:00:00,48.49,153.98,58.13,75.26,13.16,,8.1,0.96,58.13,,,,,,,,79.89,1.31,119.72,0.0,0.0,49.11,930.0,,2024-03-05 16:00:00
2024-03-06 00:00:00,58.02,113.13,58.32,75.27,13.15,,7.46,0.78,58.32,,,,,,,,,1.77,166.15,0.0,0.0,20.49,930.0,,2024-03-06 00:00:00
2024-03-06 08:00:00,28.18,152.27,59.42,72.71,15.37,,12.11,0.85,59.42,,,,,,,,77.54,1.57,189.54,0.0,0.0,552.16,930.0,,2024-03-06 08:00:00
2024-03-06 16:00:00,,,,,,,,,,,,,,,,,,,,,0.0,,,,2024-03-06 16:00:00
2024-03-07 00:00:00,,,,,,,,,,,,,,,,,,,,,0.0,,,,2024-03-07 00:00:00
2024-03-07 08:00:00,,,12.06,61.46,26.84,,8.99,0.85,12.06,,,,,,,,70.29,1.23,197.94,0.0,0.0,683.56,930.0,,2024-03-07 08:00:00
2024-03-07 16:00:00,184.67,220.86,12.09,61.42,26.88,,14.15,1.24,12.09,1.92,1.67,,,,1.0,,78.42,1.09,147.89,0.0,0.0,43.62,930.0,,2024-03-07 16:00:00
2024-03-08 00:00:00,166.17,194.55,13.22,43.98,50.15,,16.57,0.9,13.22,1.35,1.33,,,,0.28,,96.89,1.78,157.83,0.0,0.0,18.93,930.0,,2024-03-08 00:00:00
2024-03-08 08:00:00,129.25,184.86,20.49,27.51,55.34,,13.59,0.83,20.87,3.06,0.07,,,,,,79.65,1.64,207.89,0.0,0.0,578.33,930.0,,2024-03-08 08:00:00
2024-03-08 16:00:00,161.63,223.42,20.75,27.55,54.81,,9.43,1.14,21.05,,,,,,,,81.23,1.34,126.74,0.0,0.0,45.1,930.0,,2024-03-08 16:00:00
2024-03-09 00:00:00,107.35,194.19,20.74,27.48,54.92,,8.17,0.83,21.08,,,,,,,,94.97,1.55,173.89,0.0,0.0,19.7,930.0,,2024-03-09 00:00:00
2024-03-09 08:00:00,111.93,154.04,20.77,27.61,54.86,,10.11,0.8,21.06,,,,,,,,80.78,1.97,222.42,0.0,0.0,566.32,930.0,,2024-03-09 08:00:00
2024-03-09 16:00:00,136.82,166.73,20.8,27.56,54.94,,8.26,0.95,21.06,,,,,,,,81.98,1.56,148.4,0.0,0.0,44.82,930.0,,2024-03-09 16:00:00
2024-03-10 00:00:00,127.8,155.08,20.8,27.5,54.95,,6.77,0.68,21.09,,,,,,,,,1.6,138.9,0.0,0.0,18.64,930.0,,2024-03-10 00:00:00
2024-03-10 08:00:00,78.94,109.14,20.71,27.46,54.9,,7.9,0.82,21.12,,,,,,,,81.12,1.46,177.53,0.0,0.0,556.28,930.0,,2024-03-10 08:00:00
2024-03-10 16:00:00,118.12,140.32,20.74,27.46,54.87,,11.07,0.97,21.06,,,,,,,,87.73,1.42,126.33,0.0,0.0,34.56,930.0,,2024-03-10 16:00:00
2024-03-11 00:00:00,115.65,150.77,20.74,27.55,54.81,,9.95,0.85,21.06,,,,,,,,99.48,1.35,127.37,0.0,0.0,18.21,930.0,,2024-03-11 00:00:00
2024-03-11 08:00:00,108.05,,36.04,74.89,55.19,,10.91,0.96,36.07,,,,,,,,80.21,1.22,167.25,0.0,0.0,616.79,930.0,,2024-03-11 08:00:00
2024-03-11 16:00:00,138.62,,37.13,78.53,55.07,,8.29,1.03,37.13,,,,,,,,84.51,1.28,118.18,0.0,0.0,48.12,930.0,,2024-03-11 16:00:00
2024-03-12 00:00:00,131.45,,37.1,78.2,54.92,,8.58,0.86,37.1,,,,,,,,,1.33,155.2,0.0,0.0,20.17,930.0,,2024-03-12 00:00:00
2024-03-12 08:00:00,115.92,23.44,37.1,78.36,55.13,,9.77,0.94,37.1,,,,,,,,77.95,1.21,164.69,0.0,0.0,622.91,930.0,,2024-03-12 08:00:00
2024-03-12 16:00:00,,,37.14,78.07,55.28,,9.25,1.13,37.14,,,,,,,,82.52,1.31,113.61,0.0,0.0,46.77,930.0,,2024-03-12 16:00:00
2024-03-13 00:00:00,,,37.13,77.73,54.86,,8.58,0.77,37.13,,,,,,,,98.85,1.64,187.13,0.0,0.0,20.39,930.0,,2024-03-13 00:00:00
2024-03-13 08:00:00,116.96,10.7,63.26,61.32,63.42,,8.99,0.86,56.01,,,,,,,,76.31,1.61,223.75,0.0,0.0,592.51,930.0,,2024-03-13 08:00:00
2024-03-13 16:00:00,287.46,476.08,65.93,51.23,65.81,,7.94,1.32,10.0,,,,,,,,83.96,1.28,148.9,0.0,0.0,38.08,930.0,,2024-03-13 16:00:00
2024-03-14 00:00:00,102.87,134.83,10.47,10.43,62.55,,6.47,0.65,10.0,,,,,,,,94.52,1.86,201.46,0.0,0.0,18.65,930.0,,2024-03-14 00:00:00
2024-03-14 08:00:00,74.97,135.02,47.0,19.53,58.4,,6.95,0.78,10.0,,,,,,,,84.9,1.85,219.51,0.0,0.0,570.3,930.0,,2024-03-14 08:00:00
2024-03-14 16:00:00,234.84,519.66,76.82,27.0,54.87,,6.42,1.46,10.0,,,,,,,,87.17,1.58,162.24,0.0,0.0,45.99,930.0,,2024-03-14 16:00:00
2024-03-15 00:00:00,161.37,208.57,54.78,21.15,44.82,,6.27,0.61,10.0,,,,,,,,92.77,1.95,192.9,0.0,0.0,20.63,930.0,,2024-03-15 00:00:00
2024-03-15 08:00:00,114.65,185.46,50.96,19.74,43.26,,7.05,0.7,10.0,,,,,,,,84.88,1.72,221.21,0.0,0.0,485.26,930.0,,2024-03-15 08:00:00
2024-03-15 16:00:00,152.42,194.37,51.05,19.64,43.31,,7.5,0.85,10.0,,,,,,,,84.77,1.39,125.45,0.0,0.0,29.97,930.0,,2024-03-15 16:00:00
2024-03-16 00:00:00,114.22,222.13,51.83,22.29,42.69,,6.9,0.69,10.0,,,,,,,,98.56,1.41,152.03,0.0,0.0,17.68,930.0,,2024-03-16 00:00:00
2024-03-16 08:00:00,123.22,189.45,64.49,59.58,33.32,,8.67,0.7,10.0,,,,,,,,84.96,1.45,208.83,0.0,0.0,518.96,930.0,,2024-03-16 08:00:00
2024-03-16 16:00:00,150.36,184.08,5.37,13.42,11.55,,11.26,0.84,10.0,0.39,0.31,,,,,,85.37,1.41,119.74,0.0,0.0,31.2,930.0,,2024-03-16 16:00:00
2024-03-17 00:00:00,91.66,147.73,5.42,13.53,11.49,,6.3,0.67,10.0,0.58,1.0,,,,,,99.16,1.49,129.07,0.0,0.0,21.14,930.0,,2024-03-17 00:00:00
2024-03-17 08:00:00,95.34,144.45,5.38,13.46,11.54,,10.62,0.77,10.0,0.3,0.22,,,,,,77.8,1.18,142.49,0.0,0.0,644.35,930.0,,2024-03-17 08:00:00
2024-03-17 16:00:00,152.32,174.79,5.38,13.5,11.52,,18.39,0.83,10.0,0.46,0.52,,,,,,83.77,1.38,117.05,0.0,0.0,46.91,930.0,,2024-03-17 16:00:00
2024-03-18 00:00:00,136.35,200.99,5.38,13.44,11.51,,11.05,0.64,10.0,0.48,0.49,,,,,,,1.72,174.54,0.0,0.0,21.43,930.0,,2024-03-18 00:00:00
2024-03-18 08:00:00,121.41,211.18,5.35,13.54,11.55,,8.8,0.72,10.0,0.44,0.32,,,,,,80.56,1.41,226.75,0.0,0.0,615.19,930.0,,2024-03-18 08:00:00
2024-03-18 16:00:00,154.28,190.72,5.34,13.51,11.59,,9.87,0.85,10.0,0.54,0.98,,,,0.32,,80.74,1.38,128.98,0.0,0.0,44.75,930.0,,2024-03-18 16:00:00
2024-03-19 00:00:00,152.26,307.52,5.37,13.43,11.53,,21.79,0.6,10.0,0.52,0.45,,,,,,95.02,1.45,169.02,0.0,0.0,21.85,930.0,,2024-03-19 00:00:00
2024-03-19 08:00:00,115.57,182.23,5.33,13.51,11.53,,11.15,0.6,10.0,0.46,0.3,,,,,,77.34,1.32,210.13,0.0,0.0,637.64,930.0,,2024-03-19 08:00:00
2024-03-19 16:00:00,175.07,256.19,4.8,13.59,11.47,,12.93,,10.0,0.88,0.87,,,,,,78.54,1.38,119.25,0.0,0.0,46.1,930.0,,2024-03-19 16:00:00
2024-03-20 00:00:00,132.35,169.3,4.72,13.5,11.56,,11.15,0.78,10.0,0.45,0.68,,,,,,98.02,1.56,151.52,0.0,0.0,21.74,930.0,,2024-03-20 00:00:00
2024-03-20 08:00:00,113.16,185.79,4.73,13.6,11.56,,18.75,0.91,10.0,0.32,0.33,,,,0.01,,77.75,1.09,180.76,0.0,0.0,641.55,930.0,,2024-03-20 08:00:00
2024-03-20 16:00:00,196.86,133.51,5.36,13.65,11.56,,13.97,1.0,10.0,0.75,0.92,,,,,,81.1,1.3,112.37,0.0,0.0,46.1,930.0,,2024-03-20 16:00:00
2024-03-21 00:00:00,40.39,80.29,5.29,13.47,11.62,,6.65,0.7,10.0,0.28,0.19,,,,,,,0.97,89.92,0.0,0.0,23.47,930.0,,2024-03-21 00:00:00
2024-03-21 08:00:00,39.4,61.58,5.28,13.4,11.64,,6.85,0.82,10.0,,,,,,,,84.42,0.96,122.96,0.0,0.0,672.98,930.0,,2024-03-21 08:00:00
2024-03-21 16:00:00,,,5.33,13.44,11.62,,7.07,0.91,10.0,,,,,,,,86.85,1.11,111.77,0.0,0.0,52.92,930.0,,2024-03-21 16:00:00
2024-03-22 00:00:00,,,5.27,13.5,11.56,,6.68,0.73,10.0,,,,,,,,,1.23,119.29,0.0,0.0,16.34,930.0,,2024-03-22 00:00:00
2024-03-22 08:00:00,,,5.27,13.55,11.55,,7.53,0.91,10.0,,,,,,,,82.97,0.94,222.99,0.0,0.0,598.48,930.0,,2024-03-22 08:00:00
2024-03-22 16:00:00,,,5.34,13.47,11.49,,7.14,1.1,10.0,,,,,,,,82.98,0.99,91.62,0.0,0.0,46.61,930.0,,2024-03-22 16:00:00
2024-03-23 00:00:00,,,5.29,13.49,11.5,,6.19,0.68,10.0,,,,,,,,,1.5,135.67,0.0,0.0,22.96,930.0,,2024-03-23 00:00:00
2024-03-23 08:00:00,,,5.28,13.57,11.57,,8.08,0.86,10.0,,,,,,,,77.13,0.82,119.54,0.0,0.0,617.33,930.0,,2024-03-23 08:00:00
2024-03-23 16:00:00,,,5.29,13.33,11.54,,7.11,0.96,10.0,,,,,,,,82.8,1.21,111.24,0.0,0.0,48.53,930.0,,2024-03-23 16:00:00
2024-03-24 00:00:00,,,5.29,13.37,11.51,,6.45,0.62,10.0,,,,,,,,98.25,1.61,165.46,0.0,0.0,22.42,930.0,,2024-03-24 00:00:00
2024-03-24 08:00:00,,,5.31,13.49,11.46,,15.87,0.82,10.0,,,,,,,,74.46,1.26,145.43,0.0,0.0,639.24,930.0,,2024-03-24 08:00:00
2024-03-24 16:00:00,91.37,,5.36,13.45,11.5,,10.89,0.96,10.0,,,,,,,,78.14,1.41,119.63,0.0,0.0,53.6,930.0,,2024-03-24 16:00:00
2024-03-25 00:00:00,64.38,,5.34,13.52,11.42,,6.73,0.91,10.0,,,,,,,,98.44,1.53,149.35,0.0,0.0,23.7,930.0,,2024-03-25 00:00:00
2024-03-25 08:00:00,39.05,92.17,5.39,13.46,11.54,,8.7,0.97,10.0,0.25,0.19,,,,0.01,,72.11,1.06,134.46,0.0,0.0,612.45,930.0,,2024-03-25 08:00:00
2024-03-25 16:00:00,68.18,115.62,5.3,13.5,11.5,,8.79,1.02,10.0,0.59,0.68,,,,,,80.4,1.09,105.51,0.0,0.0,48.28,930.0,,2024-03-25 16:00:00
2024-03-26 00:00:00,46.25,77.39,5.33,13.58,11.56,,6.72,0.85,10.0,0.47,0.52,,,,,,,1.4,137.3,0.0,0.0,25.21,930.0,,2024-03-26 00:00:00
2024-03-26 08:00:00,53.09,109.75,5.32,13.4,11.51,,8.72,1.02,10.0,0.4,0.25,,,,0.01,,72.88,1.11,138.96,0.0,0.0,610.13,930.0,,2024-03-26 08:00:00
2024-03-26 16:00:00,194.73,122.93,5.36,13.52,11.49,,7.71,1.09,10.0,0.66,0.73,,,,,,77.01,1.14,101.7,0.0,0.0,52.12,930.0,,2024-03-26 16:00:00
2024-03-27 00:00:00,41.07,81.81,5.28,13.58,11.57,,7.11,0.84,10.0,0.7,0.73,,,,,,98.82,1.54,145.56,0.0,0.0,26.12,930.0,,2024-03-27 00:00:00
2024-03-27 08:00:00,50.23,105.38,5.29,13.43,11.51,,8.45,0.91,10.0,0.58,0.49,,,,,,75.8,1.04,120.64,0.0,0.0,642.73,930.0,,2024-03-27 08:00:00
2024-03-27 16:00:00,61.87,95.56,5.33,13.45,11.48,,9.31,0.87,10.0,0.56,0.86,,,,,,79.22,1.36,120.66,0.0,0.0,57.32,930.0,,2024-03-27 16:00:00
2024-03-28 00:00:00,86.36,132.02,5.34,13.58,11.64,,7.99,0.7,10.0,0.77,0.86,,,,,,,1.61,140.33,0.0,0.0,27.04,930.0,,2024-03-28 00:00:00
2024-03-28 08:00:00,36.84,67.4,5.33,13.5,11.52,,10.9,0.82,10.0,0.29,0.28,,,,0.01,,77.95,0.94,148.53,0.0,0.0,637.36,930.0,,2024-03-28 08:00:00
2024-03-28 16:00:00,61.55,98.53,5.3,13.46,11.5,,9.49,1.07,10.0,0.73,0.77,,,,,,75.64,1.09,102.17,0.0,0.0,56.19,930.0,,2024-03-28 16:00:00
2024-03-29 00:00:00,65.41,98.55,5.3,13.39,11.59,,9.17,0.69,10.0,0.42,0.72,,,,,,97.52,1.3,147.94,0.0,0.0,9.35,930.0,,2024-03-29 00:00:00
2024-03-29 08:00:00,48.18,107.35,5.29,13.39,11.48,,9.7,0.79,10.0,0.28,0.35,,,,,,76.91,1.26,170.49,0.0,0.0,621.28,930.0,,2024-03-29 08:00:00
2024-03-29 16:00:00,66.18,117.74,5.33,13.45,11.51,,8.97,0.93,10.0,0.55,0.64,,,,,,78.63,1.44,129.61,0.0,0.0,48.75,930.0,,2024-03-29 16:00:00
2024-03-30 00:00:00,59.1,110.17,5.27,13.5,11.48,,7.98,0.82,10.0,0.77,0.68,,,,,,95.73,1.52,169.89,0.0,0.0,29.25,930.0,,2024-03-30 00:00:00
2024-03-30 08:00:00,51.2,103.01,5.27,13.45,11.53,,9.59,0.8,10.0,0.37,0.32,,,,0.02,,76.3,1.17,174.41,0.0,0.0,626.89,930.0,,2024-03-30 08:00:00
2024-03-30 16:00:00,60.99,106.42,5.26,13.51,11.47,,9.02,0.99,10.0,0.59,0.6,,,,,,74.84,1.15,113.26,0.0,0.0,58.82,930.0,,2024-03-30 16:00:00
2024-03-31 00:00:00,66.92,129.04,5.34,13.45,11.52,,8.86,0.6,10.0,0.78,0.56,,,,,,95.72,1.49,156.91,0.0,0.0,29.67,930.0,,2024-03-31 00:00:00
2024-03-31 08:00:00,43.02,71.77,5.26,13.5,11.52,,9.71,0.56,10.0,0.24,0.15,,,,,,77.19,1.56,205.07,0.0,0.0,654.8,930.0,,2024-03-31 08:00:00
2024-03-31 16:00:00,54.22,85.52,5.34,13.47,11.58,,9.24,0.85,10.0,1.13,0.45,,,,,,73.1,1.24,119.05,0.0,0.0,60.64,930.0,,2024-03-31 16:00:00
2024-04-01 00:00:00,52.61,84.93,5.36,13.45,11.5,,6.94,0.54,10.0,0.62,0.61,,,,,,94.15,1.61,179.5,0.0,0.0,29.59,930.0,,2024-04-01 00:00:00
2024-04-01 08:00:00,41.48,83.65,5.26,13.45,11.53,,8.46,0.66,10.0,0.5,0.45,,,,,,78.74,1.22,220.9,0.0,0.0,641.34,930.0,,2024-04-01 08:00:00
2024-04-01 16:00:00,71.87,161.18,5.29,13.5,11.53,,9.94,,10.0,,,,,,,,79.84,1.25,128.94,0.0,0.0,58.77,930.0,,2024-04-01 16:00:00
2024-04-02 00:00:00,48.55,90.58,5.28,13.58,11.5,,5.93,,10.0,,,,,,,,,1.67,171.51,0.0,0.0,21.59,930.0,,2024-04-02 00:00:00
2024-04-02 08:00:00,59.29,106.93,5.3,13.44,11.56,,7.99,,10.0,,,,,,,,75.94,1.03,191.75,0.0,0.0,632.7,930.0,,2024-04-02 08:00:00
2024-04-02 16:00:00,72.34,105.37,5.31,13.61,11.5,,,,10.0,,,,,,,,78.88,1.11,105.62,0.0,0.0,57.61,930.0,,2024-04-02 16:00:00
2024-04-03 00:00:00,50.47,85.42,5.31,13.45,11.43,,5.93,,10.0,,,,,,,,98.66,1.59,164.49,0.0,0.0,27.59,930.0,,2024-04-03 00:00:00
2024-04-03 08:00:00,41.36,85.66,5.25,13.47,11.54,,6.55,0.8,10.0,0.34,0.44,,,,,,79.7,1.21,170.03,0.0,0.0,629.71,930.0,,2024-04-03 08:00:00
2024-04-03 16:00:00,62.28,113.86,5.25,13.5,11.48,,4.93,1.01,10.0,1.23,0.52,,,,,,78.15,1.2,105.38,0.0,0.0,53.14,930.0,,2024-04-03 16:00:00
2024-04-04 00:00:00,46.14,79.14,5.38,13.42,11.57,,6.84,0.81,10.0,0.64,0.68,,,,,,94.85,1.56,175.1,0.0,0.0,23.42,930.0,,2024-04-04 00:00:00
2024-04-04 08:00:00,42.63,95.93,5.29,13.35,11.64,,8.35,0.84,10.0,0.31,0.33,,,,0.01,,74.64,1.15,172.35,0.0,0.0,646.63,930.0,,2024-04-04 08:00:00
2024-04-04 16:00:00,56.7,102.38,5.27,13.46,11.49,,7.87,1.1,10.0,0.89,0.74,,,,,,74.9,1.3,118.6,0.0,0.0,62.69,930.0,,2024-04-04 16:00:00
2024-04-05 00:00:00,50.93,87.37,5.3,13.58,11.55,,6.63,0.59,10.0,0.6,0.81,,,,,,95.09,1.52,163.25,0.0,0.0,30.29,930.0,,2024-04-05 00:00:00
2024-04-05 08:00:00,46.45,112.93,5.28,13.53,11.65,,8.27,0.73,17.98,0.78,0.97,,,0.64,0.49,,71.84,1.03,148.85,0.0,0.0,615.97,930.0,,2024-04-05 08:00:00
2024-04-05 16:00:00,68.88,126.73,5.33,13.53,11.49,,8.19,1.02,38.97,0.84,1.98,,,0.68,0.53,,72.27,1.24,103.75,0.0,0.0,62.15,930.0,,2024-04-05 16:00:00
2024-04-06 00:00:00,65.09,110.56,5.4,13.45,11.44,,7.88,0.87,39.05,0.85,1.98,,,0.68,0.53,,95.21,1.31,154.73,0.0,0.0,29.95,930.0,,2024-04-06 00:00:00
2024-04-06 08:00:00,59.35,125.44,5.33,13.45,11.63,,9.12,0.79,38.96,0.84,1.98,,,0.68,0.53,,73.88,1.38,158.28,0.0,0.0,589.99,930.0,,2024-04-06 08:00:00
2024-04-06 16:00:00,73.85,128.04,5.34,13.52,11.52,,9.45,0.96,38.89,0.84,1.98,,,0.68,0.53,,73.75,1.39,117.6,0.0,0.0,59.22,930.0,,2024-04-06 16:00:00
2024-04-07 00:00:00,55.49,104.5,5.25,13.48,11.47,,7.22,0.72,38.93,0.84,1.98,,,0.68,0.53,,91.95,1.87,174.06,0.0,0.0,31.2,930.0,,2024-04-07 00:00:00
2024-04-07 08:00:00,45.96,84.03,5.29,13.45,11.59,,7.38,0.74,38.86,0.84,1.98,,,0.68,0.53,,74.01,1.25,186.72,0.0,0.0,646.96,930.0,,2024-04-07 08:00:00
2024-04-07 16:00:00,53.9,91.02,5.36,13.48,11.59,,7.3,1.01,39.01,0.84,1.98,,,0.68,0.53,,68.3,1.34,128.11,0.0,0.0,58.11,930.0,,2024-04-07 16:00:00
2024-04-08 00:00:00,62.7,101.0,5.32,13.44,11.6,,6.81,0.64,38.95,0.84,1.97,,,0.68,0.53,,85.81,1.54,172.82,0.0,0.0,32.46,930.0,,2024-04-08 00:00:00
2024-04-08 08:00:00,37.64,98.85,5.29,13.42,11.52,,8.06,0.81,39.0,0.84,1.98,,,0.68,0.53,,73.78,1.4,184.46,0.0,0.0,648.34,930.0,,2024-04-08 08:00:00
2024-04-08 16:00:00,59.36,110.92,5.28,13.51,11.49,,9.1,0.89,39.0,0.84,1.98,,,0.68,0.53,,76.36,1.25,114.74,0.0,0.0,58.34,930.0,,2024-04-08 16:00:00
2024-04-09 00:00:00,47.04,80.83,5.28,13.54,11.53,,10.32,0.71,38.91,0.84,1.98,,,0.68,0.53,,88.33,1.44,133.83,0.0,0.0,35.31,930.0,,2024-04-09 00:00:00
2024-04-09 08:00:00,45.63,91.2,5.28,13.48,11.52,,10.0,0.71,38.9,0.84,1.98,,,0.68,0.53,,78.08,0.96,127.12,0.0,0.0,660.87,930.0,,2024-04-09 08:00:00
2024-04-09 16:00:00,55.73,93.79,5.35,13.49,11.61,,6.53,0.74,38.99,0.84,1.98,,,0.68,0.53,,84.63,1.27,114.85,0.0,0.0,58.48,930.0,,2024-04-09 16:00:00
2024-04-10 00:00:00,63.44,103.56,5.34,13.48,11.57,,5.84,0.8,38.97,0.84,1.98,,,0.68,0.53,,,1.36,131.89,0.0,0.0,33.95,930.0,,2024-04-10 00:00:00
2024-04-10 08:00:00,44.52,92.3,5.37,13.46,11.46,,6.62,1.06,39.01,0.84,1.98,,,0.68,0.53,,75.57,0.88,123.87,0.0,0.0,664.64,930.0,,2024-04-10 08:00:00
2024-04-10 16:00:00,58.31,91.68,5.3,13.56,11.62,,6.72,0.56,38.92,0.84,1.99,,,0.68,0.53,,82.36,1.36,119.9,0.0,0.0,42.32,930.0,,2024-04-10 16:00:00
2024-04-11 00:00:00,52.28,83.71,5.32,13.35,11.42,,6.62,0.74,38.95,0.84,1.97,,,0.67,0.53,,,1.48,139.64,0.0,0.0,7.93,930.0,,2024-04-11 00:00:00
2024-04-11 08:00:00,,,,,,,,,,,,,,,,,,,,,0.0,,,,2024-04-11 08:00:00
2024-04-11 16:00:00,,,,,,,,,,,,,,,,,,,,,0.0,,,,2024-04-11 16:00:00
2024-04-12 00:00:00,,,,,,,,,,,,,,,,,,,,,0.0,,,,2024-04-12 00:00:00
2024-04-12 08:00:00,47.23,72.18,,,11.77,,,,,,,,,0.69,0.53,,80.69,,,,0.0,451.44,,,2024-04-12 08:00:00
2024-04-12 16:00:00,54.33,91.18,5.35,13.52,11.45,,6.24,0.83,38.99,0.84,1.98,,,0.68,0.53,,86.47,1.21,114.63,0.0,0.0,60.98,930.0,,2024-04-12 16:00:00
2024-04-13 00:00:00,42.87,124.86,5.33,13.5,11.5,,7.0,0.64,38.96,0.84,1.98,,,0.68,0.53,,,1.46,141.93,0.0,0.0,31.16,930.0,,2024-04-13 00:00:00
2024-04-13 08:00:00,49.3,68.34,5.25,13.47,11.63,,11.03,0.77,38.85,0.84,1.98,,,0.68,0.53,,82.19,1.03,115.47,0.0,0.0,597.01,930.0,,2024-04-13 08:00:00
2024-04-13 16:00:00,67.55,94.63,5.33,13.44,11.5,,8.58,0.84,38.96,0.84,1.98,,,0.68,0.53,,87.72,1.34,121.4,0.0,0.0,59.04,930.0,,2024-04-13 16:00:00
2024-04-14 00:00:00,43.24,67.61,5.32,13.57,11.59,,6.51,0.8,38.95,0.84,1.99,,,0.68,0.53,,97.28,1.45,145.86,0.0,0.0,30.62,930.0,,2024-04-14 00:00:00
2024-04-14 08:00:00,45.52,82.69,5.35,13.41,11.54,,7.8,0.87,38.99,0.84,1.98,,,0.68,0.53,,78.5,0.66,97.27,0.0,0.0,654.13,930.0,,2024-04-14 08:00:00
2024-04-14 16:00:00,55.42,84.69,5.38,13.47,11.44,,7.29,0.91,39.01,0.84,1.99,,,0.68,0.53,,80.95,0.96,94.75,0.0,0.0,56.87,930.0,,2024-04-14 16:00:00
2024-04-15 00:00:00,44.38,71.73,5.32,13.52,11.55,,5.69,0.74,38.91,0.84,1.98,,,0.68,0.53,,97.1,1.04,141.24,0.0,0.0,39.2,930.0,,2024-04-15 00:00:00
2024-04-15 08:00:00,38.92,78.09,5.34,13.4,11.5,,6.17,0.8,38.93,0.84,1.98,,,0.68,0.53,,76.56,0.97,110.8,0.0,0.0,690.88,930.0,,2024-04-15 08:00:00
2024-04-15 16:00:00,54.82,92.05,5.35,13.42,11.52,,6.38,0.82,38.99,0.84,1.97,,,0.68,0.53,,83.82,1.22,112.99,0.0,0.0,59.06,930.0,,2024-04-15 16:00:00
2024-04-16 00:00:00,40.98,68.12,5.29,13.42,11.62,,6.27,0.75,38.91,0.84,1.98,,,0.68,0.53,,95.14,1.48,161.55,0.0,0.0,37.43,930.0,,2024-04-16 00:00:00
2024-04-16 08:00:00,34.44,67.4,5.34,13.44,11.54,,8.19,0.95,38.97,0.84,1.98,,,0.68,0.53,,69.89,0.89,116.97,0.0,0.0,699.22,930.0,,2024-04-16 08:00:00
2024-04-16 16:00:00,51.8,91.01,5.31,13.41,11.57,,6.99,1.02,38.94,0.84,1.97,,,0.68,0.53,,75.39,1.27,116.0,0.0,0.0,59.72,930.0,,2024-04-16 16:00:00
2024-04-17 00:00:00,113.41,397.22,5.29,13.43,11.55,,7.1,0.67,38.91,0.84,1.98,,,0.68,0.53,,93.59,1.6,181.09,0.0,0.0,32.71,930.0,,2024-04-17 00:00:00
2024-04-17 08:00:00,84.61,134.97,5.33,13.44,11.56,,7.48,0.68,38.96,0.84,1.98,,,0.68,0.53,,83.93,1.26,200.94,0.0,0.0,562.39,930.0,,2024-04-17 08:00:00
2024-04-17 16:00:00,121.53,227.53,5.28,13.39,11.57,,7.96,1.01,38.9,0.84,1.97,,,0.68,0.53,,80.8,1.3,137.85,0.0,0.0,36.56,930.0,,2024-04-17 16:00:00
2024-04-18 00:00:00,90.25,287.14,5.29,13.45,11.57,,6.07,0.52,38.92,0.84,1.98,,,0.68,0.53,,99.99,1.68,172.83,0.0,0.0,33.73,930.0,,2024-04-18 00:00:00
2024-04-18 08:00:00,80.7,118.65,5.33,13.54,11.51,,7.13,0.62,38.96,0.84,1.98,,,0.68,0.53,,82.68,1.53,210.6,0.0,0.0,546.84,930.0,,2024-04-18 08:00:00
2024-04-18 16:00:00,86.96,110.7,5.34,13.58,11.61,,7.2,0.72,38.98,0.84,1.99,,,0.68,0.53,,79.0,1.34,137.37,0.0,0.0,50.38,930.0,,2024-04-18 16:00:00
2024-04-19 00:00:00,44.48,,5.31,13.49,11.62,,6.79,0.6,38.94,0.84,1.98,,,0.68,0.53,,,1.78,191.4,0.0,0.0,18.62,930.0,,2024-04-19 00:00:00
2024-04-19 08:00:00,35.2,63.99,5.3,13.35,11.56,,7.2,0.88,38.93,0.84,1.97,,,0.68,0.53,,84.42,1.45,205.93,0.0,0.0,616.46,930.0,,2024-04-19 08:00:00
2024-04-19 16:00:00,71.13,155.47,5.32,13.57,11.49,,7.32,1.12,38.99,0.84,1.98,,,0.68,0.53,,89.28,1.71,203.79,0.0,0.0,41.31,930.0,,2024-04-19 16:00:00
2024-04-20 00:00:00,54.1,,5.3,13.43,11.56,,5.59,0.68,38.99,0.84,1.98,,,0.68,0.53,,,1.85,189.26,0.0,0.0,36.39,930.0,,2024-04-20 00:00:00
2024-04-20 08:00:00,30.59,55.11,5.3,13.49,11.55,,5.5,0.71,38.94,0.84,1.97,,,0.68,0.53,,92.76,2.1,233.23,0.0,0.0,440.86,930.0,,2024-04-20 08:00:00
2024-04-20 16:00:00,53.29,130.87,5.31,13.45,11.63,,5.82,1.15,38.89,0.84,1.98,,,0.68,0.53,,99.94,1.77,258.36,0.0,0.0,23.93,930.0,,2024-04-20 16:00:00
2024-04-21 00:00:00,61.15,,5.31,13.61,11.6,,5.98,0.84,38.92,0.84,1.98,,,0.68,0.53,,,1.74,278.18,0.0,0.0,5.7,930.0,,2024-04-21 00:00:00
2024-04-21 08:00:00,,,,,,,,,,,,,,,,,,,,,0.0,,,,2024-04-21 08:00:00
2024-04-21 16:00:00,,,,,,,,,,,,,,,,,,,,,0.0,,,,2024-04-21 16:00:00
2024-04-22 00:00:00,,,,,,,,,,,,,,,,,,,,,0.0,,,,2024-04-22 00:00:00
2024-04-22 08:00:00,30.26,66.68,5.29,13.31,11.55,,6.88,0.72,38.85,0.84,1.98,,,0.68,0.53,,78.64,1.01,184.86,0.0,0.0,739.88,930.0,,2024-04-22 08:00:00
2024-04-22 16:00:00,51.35,91.94,5.29,13.51,11.56,,6.8,0.85,38.92,0.85,1.98,,,0.68,0.53,,75.37,1.34,131.57,0.0,0.0,57.58,930.0,,2024-04-22 16:00:00
2024-04-23 00:00:00,44.04,,5.28,13.51,11.5,,6.03,0.82,38.97,0.84,1.98,,,0.68,0.53,,,1.48,170.16,0.0,0.0,40.66,930.0,,2024-04-23 00:00:00
2024-04-23 08:00:00,29.11,69.48,5.35,13.42,11.57,,8.22,0.94,38.97,0.84,1.98,,,0.68,0.53,,75.51,1.41,168.31,0.0,0.0,721.97,930.0,,2024-04-23 08:00:00
2024-04-23 16:00:00,46.35,86.48,5.26,13.4,11.52,,11.99,1.1,38.88,0.84,1.98,,,0.68,0.53,,69.55,1.29,118.62,0.0,0.0,63.76,930.0,,2024-04-23 16:00:00
2024-04-24 00:00:00,48.62,96.94,5.29,13.46,11.59,,10.31,0.87,38.91,0.84,1.98,,,0.68,0.53,,92.73,1.7,168.12,0.0,0.0,40.92,930.0,,2024-04-24 00:00:00
2024-04-24 08:00:00,35.08,82.32,5.33,13.57,11.63,,10.37,0.87,38.93,0.84,1.99,,,0.68,0.53,,73.15,1.2,144.78,0.0,0.0,710.34,930.0,,2024-04-24 08:00:00
2024-04-24 16:00:00,47.36,98.45,5.37,13.6,11.55,,8.2,0.99,39.01,0.84,1.99,,,0.68,0.53,,72.26,1.33,114.67,0.0,0.0,55.73,930.0,,2024-04-24 16:00:00
2024-04-25 00:00:00,49.59,105.44,5.3,13.44,11.56,,8.88,0.69,38.93,0.84,1.98,,,0.68,0.53,,92.2,1.32,167.22,0.0,0.0,41.39,930.0,,2024-04-25 00:00:00
2024-04-25 08:00:00,44.23,108.8,5.33,13.57,11.56,,10.11,0.76,38.96,0.84,1.99,,,0.68,0.53,,76.48,1.05,135.46,0.0,0.0,606.88,930.0,,2024-04-25 08:00:00
2024-04-25 16:00:00,57.52,117.95,5.27,13.63,11.54,,9.25,0.82,38.89,0.84,1.99,,,0.68,0.53,,82.44,1.26,118.48,0.0,0.0,42.01,930.0,,2024-04-25 16:00:00
2024-04-26 00:00:00,80.12,173.04,5.3,13.59,11.53,,9.11,0.81,38.93,0.84,1.99,,,0.68,0.53,,,1.56,153.24,0.0,0.0,40.42,930.0,,2024-04-26 00:00:00
2024-04-26 08:00:00,33.74,74.15,5.29,13.48,11.52,,9.58,0.75,38.91,0.84,1.98,,,0.68,0.53,,75.2,1.33,151.35,0.0,0.0,691.98,930.0,,2024-04-26 08:00:00
2024-04-26 16:00:00,48.68,93.89,5.32,13.45,11.55,,10.63,0.87,38.95,0.84,1.98,,,0.68,0.53,,76.22,1.4,127.77,0.0,0.0,56.36,930.0,,2024-04-26 16:00:00
2024-04-27 00:00:00,73.19,156.5,5.36,13.48,11.5,,11.82,0.99,39.0,0.84,1.98,,,0.68,0.53,,93.63,1.6,170.47,0.0,0.0,43.87,930.0,,2024-04-27 00:00:00
2024-04-27 08:00:00,46.69,90.88,5.33,13.45,11.55,,11.1,0.8,38.96,0.84,1.98,,,0.68,0.53,,72.17,0.9,132.36,0.0,0.0,733.39,930.0,,2024-04-27 08:00:00
2024-04-27 16:00:00,52.65,92.09,5.36,13.48,11.5,,7.0,0.98,39.0,0.84,1.98,,,0.68,0.54,,75.24,1.27,113.83,0.0,0.0,59.6,930.0,,2024-04-27 16:00:00
2024-04-28 00:00:00,52.44,102.06,5.35,13.47,11.55,,6.67,0.82,38.99,0.84,1.98,,,0.68,0.53,,94.27,1.38,168.19,0.0,0.0,44.44,930.0,,2024-04-28 00:00:00
2024-04-28 08:00:00,40.53,76.09,5.36,13.48,11.53,,7.17,0.8,39.0,0.84,1.98,,,0.68,0.53,,70.51,1.18,163.51,0.0,0.0,726.19,930.0,,2024-04-28 08:00:00
2024-04-28 16:00:00,39.79,75.02,5.3,13.45,11.49,,7.82,0.6,38.93,0.84,1.98,,,0.68,0.53,,76.3,1.31,118.88,0.0,0.0,58.34,930.0,,2024-04-28 16:00:00
2024-04-29 00:00:00,32.1,64.58,5.33,13.45,11.47,,7.81,0.79,38.96,0.84,1.98,,,0.68,0.53,,96.98,1.55,166.75,0.0,0.0,42.4,930.0,,2024-04-29 00:00:00
2024-04-29 08:00:00,24.42,75.84,5.31,13.49,11.56,,8.07,0.85,38.93,0.84,1.98,,,0.68,0.53,,77.61,1.17,194.85,0.0,0.0,721.34,930.0,,2024-04-29 08:00:00
2024-04-29 16:00:00,39.9,90.94,5.32,13.41,11.55,,8.4,1.16,38.94,0.84,1.97,,,0.68,0.53,,73.28,1.32,122.5,0.0,0.0,58.72,930.0,,2024-04-29 16:00:00
2024-04-30 00:00:00,35.6,66.64,5.39,13.42,11.55,,7.32,0.82,39.04,0.84,1.98,,,0.68,0.53,,95.11,1.28,163.58,0.0,0.0,44.72,930.0,,2024-04-30 00:00:00
2024-04-30 08:00:00,30.72,77.47,5.32,13.55,11.52,,8.54,0.87,38.95,0.84,1.99,,,0.68,0.53,,79.25,1.36,200.25,0.0,0.0,706.75,930.0,,2024-04-30 08:00:00
2024-04-30 16:00:00,38.31,78.3,5.31,13.44,11.48,,8.32,0.99,38.94,0.84,1.98,,,0.68,0.53,,77.77,1.49,146.08,0.0,0.0,53.66,930.0,,2024-04-30 16:00:00
2024-05-01 00:00:00,47.45,102.75,5.32,13.58,11.58,,6.58,0.61,38.95,0.84,1.99,,,0.68,0.53,,,1.65,208.62,0.0,0.0,39.98,930.0,,2024-05-01 00:00:00
2024-05-01 08:00:00,29.96,66.3,5.34,13.47,11.6,,7.21,0.78,38.97,0.84,1.98,,,0.68,0.53,,82.0,1.68,222.78,0.0,0.0,689.44,930.0,,2024-05-01 08:00:00
2024-05-01 16:00:00,56.83,123.64,5.34,13.56,11.53,,8.11,1.71,38.98,0.84,1.99,,,0.68,0.53,,82.4,1.25,151.52,0.0,0.0,57.06,930.0,,2024-05-01 16:00:00
2024-05-02 00:00:00,47.98,99.59,5.31,13.44,11.5,,6.42,0.91,38.94,0.84,1.98,,,0.68,0.53,,,1.57,213.41,0.0,0.0,33.51,930.0,,2024-05-02 00:00:00
2024-05-02 08:00:00,33.27,74.46,5.32,13.57,11.56,,7.76,1.15,38.95,0.84,1.99,,,0.68,0.53,,80.98,1.74,243.34,0.0,0.0,619.34,930.0,,2024-05-02 08:00:00
2024-05-02 16:00:00,57.72,128.68,5.33,13.49,11.6,,8.42,1.27,38.96,0.84,1.98,,,0.68,0.53,,77.46,1.27,162.38,0.0,0.0,58.31,930.0,,2024-05-02 16:00:00
2024-05-03 00:00:00,55.38,123.12,5.33,13.5,11.49,,6.93,0.77,38.96,0.84,1.98,,,0.68,0.53,,,1.46,173.96,0.0,0.0,36.74,930.0,,2024-05-03 00:00:00
2024-05-03 08:00:00,32.03,77.27,5.35,13.48,11.58,,6.74,0.71,38.99,0.84,1.98,,,0.68,0.53,,93.16,1.86,211.06,0.0,0.0,465.56,930.0,,2024-05-03 08:00:00
2024-05-03 16:00:00,45.66,82.17,5.29,13.41,11.53,,6.38,0.83,38.91,0.84,1.97,,,0.68,0.53,,,1.49,191.83,0.0,0.0,8.26,930.0,,2024-05-03 16:00:00
2024-05-04 00:00:00,31.46,69.39,5.35,13.44,11.54,,6.52,0.72,38.99,0.84,1.98,,,0.68,0.53,,,1.62,165.16,0.0,0.0,40.63,930.0,,2024-05-04 00:00:00
2024-05-04 08:00:00,21.42,49.05,5.27,13.45,11.52,,7.6,0.72,38.92,0.84,1.98,,,0.68,0.53,,82.48,2.08,247.7,0.0,0.0,671.58,930.0,,2024-05-04 08:00:00
2024-05-04 16:00:00,44.69,110.3,5.33,13.51,11.57,,7.96,1.13,38.96,0.84,1.98,,,0.68,0.53,,80.55,1.84,198.34,0.0,0.0,57.37,930.0,,2024-05-04 16:00:00
2024-05-05 00:00:00,37.45,78.03,5.32,13.4,11.51,,5.82,0.57,38.95,0.84,1.98,,,0.68,0.53,,,1.61,210.13,0.0,0.0,41.34,930.0,,2024-05-05 00:00:00
2024-05-05 08:00:00,19.53,58.47,5.32,13.48,11.62,,6.44,0.71,38.95,0.84,1.98,,,0.68,0.53,,78.79,2.22,246.57,0.0,0.0,702.27,930.0,,2024-05-05 08:00:00
2024-05-05 16:00:00,40.17,101.3,5.3,13.35,11.5,,7.37,1.35,38.93,0.83,1.99,,,0.68,0.53,,83.14,1.54,161.71,0.0,0.0,60.32,930.0,,2024-05-05 16:00:00
2024-05-06 00:00:00,39.73,80.87,5.3,13.55,11.54,,6.3,0.59,38.93,0.84,1.98,,,0.68,0.53,,98.46,1.64,194.73,0.0,0.0,43.95,930.0,,2024-05-06 00:00:00
2024-05-06 08:00:00,35.03,85.45,5.34,13.53,11.54,,6.47,0.63,38.97,0.84,1.98,,,0.68,0.53,,87.71,1.86,233.13,0.0,0.0,664.07,930.0,,2024-05-06 08:00:00
2024-05-06 16:00:00,54.07,119.77,5.28,13.4,11.6,,8.0,0.79,38.89,0.84,1.97,,,0.68,0.53,,86.13,1.22,191.2,0.2,0.19,41.86,930.0,,2024-05-06 16:00:00
2024-05-07 00:00:00,15.57,43.09,5.31,13.44,11.57,,5.67,1.01,38.93,0.84,1.98,,,0.68,0.53,,,1.63,189.09,0.0,0.0,42.33,930.0,,2024-05-07 00:00:00
2024-05-07 08:00:00,15.04,30.51,5.4,13.52,11.53,,5.92,1.02,39.05,0.85,1.98,,,0.68,0.53,,87.62,1.26,187.0,0.0,0.0,722.94,930.0,,2024-05-07 08:00:00
2024-05-07 16:00:00,26.79,52.0,5.29,13.44,11.51,,6.29,1.27,38.92,0.84,1.98,,,0.68,0.53,,89.01,1.54,189.13,0.0,0.0,57.6,930.0,,2024-05-07 16:00:00
2024-05-08 00:00:00,31.05,73.89,5.32,13.5,11.48,,6.39,0.69,38.95,0.84,1.98,,,0.68,0.53,,,2.11,226.08,0.0,0.0,18.34,930.0,,2024-05-08 00:00:00
2024-05-08 08:00:00,15.27,,5.33,13.41,11.51,,7.03,0.54,38.95,0.84,1.98,,,0.68,0.53,,90.76,1.47,185.23,0.0,0.0,675.04,930.0,,2024-05-08 08:00:00
2024-05-08 16:00:00,49.69,,5.32,13.43,11.52,,7.21,0.85,38.95,0.84,1.98,,,0.68,0.53,,87.86,1.28,180.58,0.05,0.05,21.31,930.0,,2024-05-08 16:00:00
2024-05-09 00:00:00,28.88,,5.31,13.45,11.57,,5.12,0.55,38.93,0.84,1.98,,,0.68,0.53,,,1.52,196.56,0.0,0.0,45.66,930.0,,2024-05-09 00:00:00
2024-05-09 08:00:00,13.47,,5.32,13.46,11.49,,7.1,0.76,38.94,0.84,1.98,,,0.68,0.53,,91.47,1.67,219.51,0.0,0.0,642.38,930.0,,2024-05-09 08:00:00
2024-05-09 16:00:00,59.57,,5.32,13.52,11.57,,6.58,0.62,38.94,0.84,1.98,,,0.68,0.53,,93.9,1.39,212.33,0.0,0.0,51.56,930.0,,2024-05-09 16:00:00
2024-05-10 00:00:00,64.14,,5.33,13.43,11.63,,6.64,0.75,38.97,0.84,1.98,,,0.68,0.53,,,1.42,162.1,0.0,0.0,14.81,930.0,,2024-05-10 00:00:00
2024-05-10 08:00:00,5.78,,5.28,13.47,11.61,,6.21,0.9,38.9,0.84,1.98,,,0.68,0.53,,92.56,1.55,223.1,0.0,0.0,566.47,930.0,,2024-05-10 08:00:00
2024-05-10 16:00:00,26.67,,5.29,13.47,11.47,,7.32,1.07,38.92,0.84,1.98,,,0.68,0.53,,91.48,1.37,158.3,0.0,0.0,41.68,930.0,,2024-05-10 16:00:00
2024-05-11 00:00:00,23.75,,5.3,13.52,11.53,,6.21,0.66,38.94,0.84,1.99,,,0.68,0.53,,,1.59,198.21,0.0,0.0,41.58,930.0,,2024-05-11 00:00:00
2024-05-11 08:00:00,6.53,,5.31,13.46,11.44,,6.51,1.03,38.92,0.84,1.98,,,0.67,0.53,,92.49,1.02,146.06,0.0,0.0,640.69,930.0,,2024-05-11 08:00:00
2024-05-11 16:00:00,30.51,,5.32,13.41,11.49,,6.31,1.06,38.93,0.84,1.97,,,0.68,0.53,,91.03,1.37,153.2,0.0,0.0,60.31,930.0,,2024-05-11 16:00:00
2024-05-12 00:00:00,32.06,,5.4,13.56,11.54,,6.4,0.96,38.96,0.84,1.99,,,0.68,0.53,,,1.56,156.31,0.0,0.0,38.21,930.0,,2024-05-12 00:00:00
2024-05-12 08:00:00,16.22,,5.35,13.46,11.54,,6.18,0.99,38.99,0.84,1.98,,,0.68,0.53,,94.61,1.36,218.2,0.0,0.0,616.71,930.0,,2024-05-12 08:00:00
2024-05-12 16:00:00,47.73,,5.28,13.45,11.62,,6.04,0.96,38.9,0.84,1.98,,,0.68,0.53,,98.3,1.14,161.17,0.0,0.0,44.55,930.0,,2024-05-12 16:00:00
2024-05-13 00:00:00,32.68,,5.3,13.49,11.55,,6.93,0.68,39.02,0.84,1.98,,,0.68,0.53,,,1.54,188.3,0.0,0.0,30.5,930.0,,2024-05-13 00:00:00
2024-05-13 08:00:00,16.63,,5.4,13.47,11.5,,6.74,0.73,38.97,0.84,1.98,,,0.68,0.53,,99.43,0.68,200.94,0.0,0.0,488.84,930.0,,2024-05-13 08:00:00
2024-05-13 16:00:00,34.44,,5.36,13.44,11.52,,6.71,0.68,38.95,0.84,1.98,,,0.68,0.53,,97.63,1.33,182.65,0.0,0.0,64.96,930.0,,2024-05-13 16:00:00
2024-05-14 00:00:00,24.82,,5.27,13.49,11.41,,6.62,0.88,38.94,0.84,1.98,,,0.67,0.53,,,1.36,165.79,0.0,0.0,29.94,930.0,,2024-05-14 00:00:00
2024-05-14 08:00:00,12.13,,5.28,13.49,11.48,,6.42,0.95,38.9,0.84,1.98,,,0.68,0.53,,93.55,1.17,170.7,0.0,0.0,592.64,930.0,,2024-05-14 08:00:00
2024-05-14 16:00:00,25.95,,5.32,13.48,11.54,,6.32,0.9,38.95,0.84,1.98,,,0.68,0.53,,91.68,1.18,153.71,0.0,0.0,62.04,930.0,,2024-05-14 16:00:00
2024-05-15 00:00:00,33.83,,5.29,13.6,11.54,,6.09,0.64,38.91,0.84,1.99,,,0.68,0.53,,,1.65,168.04,0.0,0.0,32.1,930.0,,2024-05-15 00:00:00
2024-05-15 08:00:00,14.03,,5.3,13.62,11.46,,5.82,0.71,38.92,0.84,1.99,,,0.68,0.53,,92.35,1.27,185.47,0.0,0.0,534.34,930.0,,2024-05-15 08:00:00
2024-05-15 16:00:00,27.61,,5.37,13.49,11.5,,3.62,0.96,39.02,0.84,1.98,,,0.68,0.53,,94.48,1.07,100.31,0.0,0.0,61.85,930.0,,2024-05-15 16:00:00
2024-05-16 00:00:00,24.11,,5.34,13.38,11.47,,7.0,0.91,38.98,0.84,1.97,,,0.68,0.53,,,1.66,157.54,0.0,0.0,23.85,930.0,,2024-05-16 00:00:00
2024-05-16 08:00:00,26.73,,5.35,13.56,11.51,,6.94,0.89,38.99,0.84,1.99,,,0.68,0.53,,97.37,1.77,217.44,0.0,0.0,371.83,930.0,,2024-05-16 08:00:00
2024-05-16 16:00:00,28.43,,5.31,13.52,11.43,,6.71,0.92,38.93,0.84,1.98,,,0.68,0.53,,96.33,1.05,120.34,0.0,0.0,62.62,930.0,,2024-05-16 16:00:00
2024-05-17 00:00:00,18.49,,5.28,13.5,11.44,,6.07,0.98,38.89,0.84,1.98,,,0.68,0.53,,,1.79,192.39,0.0,0.0,13.18,930.0,,2024-05-17 00:00:00
2024-05-17 08:00:00,17.47,,5.32,13.49,11.62,,5.94,1.05,38.95,0.84,1.98,,,0.68,0.53,,99.78,1.34,227.26,0.0,0.0,417.22,930.0,,2024-05-17 08:00:00
2024-05-17 16:00:00,25.33,,5.32,13.46,11.46,,5.93,1.02,38.95,0.84,1.98,,,0.68,0.53,,,1.4,136.67,0.0,0.0,24.12,930.0,,2024-05-17 16:00:00
2024-05-18 00:00:00,15.84,,5.29,13.48,11.56,,6.31,0.9,38.92,0.84,1.98,,,0.68,0.53,,,1.78,168.37,0.0,0.0,34.6,930.0,,2024-05-18 00:00:00
2024-05-18 08:00:00,12.21,29.33,5.35,13.46,11.56,,6.11,0.81,38.99,0.84,1.98,,,0.68,0.53,,99.04,1.79,213.14,0.0,0.0,463.84,930.0,,2024-05-18 08:00:00
2024-05-18 16:00:00,22.54,49.46,5.28,13.54,11.54,,5.51,0.82,38.89,0.84,1.98,,,0.68,0.53,,,1.84,213.86,0.0,0.0,31.27,930.0,,2024-05-18 16:00:00
2024-05-19 00:00:00,28.7,49.11,5.31,13.41,11.57,,5.58,0.88,38.94,0.84,1.97,,,0.68,0.53,,,1.39,167.44,0.0,0.0,39.43,930.0,,2024-05-19 00:00:00
2024-05-19 08:00:00,15.04,32.01,5.33,13.45,11.51,,5.61,0.94,38.96,0.84,1.98,,,0.68,0.53,,,1.56,180.98,0.0,0.0,295.77,930.0,,2024-05-19 08:00:00
2024-05-19 16:00:00,23.67,36.85,5.26,13.43,11.53,,5.53,0.89,38.88,0.84,1.98,,,0.68,0.53,,,1.24,136.09,0.0,0.0,20.35,930.0,,2024-05-19 16:00:00
2024-05-20 00:00:00,21.99,36.96,5.34,13.52,11.52,,6.29,0.79,38.98,0.84,1.98,,,0.68,0.53,,,1.68,148.43,0.0,0.0,32.65,930.0,,2024-05-20 00:00:00
2024-05-20 08:00:00,15.03,35.15,5.28,13.5,11.52,,6.19,0.87,38.9,0.84,1.98,,,0.68,0.53,,,1.29,205.42,0.0,0.0,409.77,930.0,,2024-05-20 08:00:00
2024-05-20 16:00:00,32.85,52.24,5.27,13.47,11.51,,6.17,0.77,38.89,0.84,1.98,,,0.68,0.53,,,1.46,166.53,0.0,0.0,45.27,930.0,,2024-05-20 16:00:00
2024-05-21 00:00:00,13.93,42.56,5.27,13.39,11.54,,6.81,0.72,38.89,0.84,1.97,,,0.68,0.53,,,1.62,205.41,0.0,0.0,32.08,930.0,,2024-05-21 00:00:00
2024-05-21 08:00:00,11.88,29.16,5.36,13.53,11.52,,6.7,0.9,39.0,0.84,1.98,,,0.68,0.53,,98.59,1.51,192.67,0.0,0.0,436.88,930.0,,2024-05-21 08:00:00
2024-05-21 16:00:00,28.59,57.71,5.34,13.54,11.52,,6.71,0.79,38.98,0.84,1.98,,,0.68,0.53,,,1.82,194.53,0.0,0.0,19.74,930.0,,2024-05-21 16:00:00
2024-05-22 00:00:00,30.95,70.16,5.29,13.38,11.58,,5.99,1.06,38.91,0.84,1.97,,,0.68,0.53,,,1.45,178.89,0.0,0.0,38.34,930.0,,2024-05-22 00:00:00
2024-05-22 08:00:00,14.71,63.47,5.36,13.54,11.55,,6.78,1.17,39.01,0.84,1.98,,,0.68,0.53,,99.81,0.64,155.02,0.0,0.0,519.1,930.0,,2024-05-22 08:00:00
2024-05-22 16:00:00,,,5.32,13.52,11.58,,6.02,,38.95,0.84,1.98,,,0.68,0.53,,,0.95,123.55,0.0,0.0,34.07,930.0,,2024-05-22 16:00:00
2024-05-23 00:00:00,,,5.34,13.55,11.6,,6.78,,38.98,0.84,1.99,,,0.68,0.53,,,1.89,192.49,0.0,0.0,35.47,930.0,,2024-05-23 00:00:00
2024-05-23 08:00:00,3.76,19.85,5.31,13.54,11.54,,6.89,0.52,38.94,0.84,1.98,,,0.68,0.53,,97.48,1.09,167.07,0.0,0.0,537.35,930.0,,2024-05-23 08:00:00
2024-05-23 16:00:00,26.15,51.43,5.33,13.58,11.6,,6.34,0.62,38.96,0.84,1.99,,,0.68,0.53,,,1.56,171.78,0.0,0.0,34.61,930.0,,2024-05-23 16:00:00
2024-05-24 00:00:00,25.21,54.03,5.34,13.54,11.51,,6.3,1.1,38.97,0.84,1.98,,,0.68,0.53,,,1.71,188.35,0.0,0.0,31.72,930.0,,2024-05-24 00:00:00
2024-05-24 08:00:00,12.76,46.06,5.29,13.48,11.54,,6.25,1.18,38.92,0.84,1.98,,,0.68,0.53,,,1.73,206.8,0.0,0.0,414.6,930.0,,2024-05-24 08:00:00
2024-05-24 16:00:00,34.67,75.63,5.36,13.53,11.58,,6.52,0.89,39.0,0.84,1.98,,,0.68,0.53,,,1.85,224.68,0.0,0.0,26.78,930.0,,2024-05-24 16:00:00
2024-05-25 00:00:00,22.24,46.95,5.35,13.47,11.54,,6.06,0.68,38.99,0.84,1.98,,,0.68,0.53,,,1.99,213.98,0.0,0.0,27.34,930.0,,2024-05-25 00:00:00
2024-05-25 08:00:00,9.59,28.14,5.3,13.41,11.56,,6.02,0.74,38.93,0.84,1.98,,,0.68,0.53,,99.23,2.43,235.22,0.0,0.0,492.22,930.0,,2024-05-25 08:00:00
2024-05-25 16:00:00,24.22,,5.33,13.5,11.55,,5.98,0.66,38.97,0.84,1.98,,,0.68,0.53,,,2.42,231.69,0.0,0.0,31.02,930.0,,2024-05-25 16:00:00
2024-05-26 00:00:00,21.4,55.82,5.32,13.53,11.51,,6.61,0.9,38.95,0.84,1.98,,,0.68,0.53,,,1.4,195.4,0.0,0.0,27.22,930.0,,2024-05-26 00:00:00
2024-05-26 08:00:00,11.31,43.16,5.32,13.55,11.57,,6.51,0.96,38.96,0.84,1.99,,,0.68,0.53,,,2.34,224.83,0.0,0.0,472.37,930.0,,2024-05-26 08:00:00
2024-05-26 16:00:00,25.4,69.37,5.33,13.5,11.62,,6.46,0.91,38.97,0.84,1.98,,,0.68,0.53,,,1.95,210.31,0.0,0.0,43.95,930.0,,2024-05-26 16:00:00
2024-05-27 00:00:00,24.69,74.47,5.35,13.58,11.47,,6.44,0.61,38.98,0.84,1.99,,,0.68,0.53,,,1.75,197.31,0.0,0.0,39.81,930.0,,2024-05-27 00:00:00
2024-05-27 08:00:00,12.71,33.31,5.3,13.45,11.54,,7.37,0.82,38.92,0.84,1.98,,,0.68,0.53,,99.1,2.39,230.71,0.0,0.0,589.13,930.0,,2024-05-27 08:00:00
2024-05-27 16:00:00,25.73,92.14,5.28,13.53,11.51,,6.74,0.8,38.9,0.84,1.98,,,0.68,0.53,,99.24,2.18,214.13,0.0,0.0,45.14,930.0,,2024-05-27 16:00:00
2024-05-28 00:00:00,26.41,86.56,5.35,13.4,11.51,,6.4,0.7,38.94,0.84,1.97,,,0.68,0.53,,,1.8,207.64,0.0,0.0,43.19,930.0,,2024-05-28 00:00:00
2024-05-28 08:00:00,12.59,52.63,5.31,13.5,11.45,,6.38,0.79,38.94,0.84,1.98,,,0.68,0.53,,99.04,2.22,222.09,0.0,0.0,492.44,930.0,,2024-05-28 08:00:00
2024-05-28 16:00:00,25.17,84.73,5.33,13.55,11.61,,6.29,0.75,38.96,0.84,1.99,,,0.68,0.53,,96.84,1.92,206.87,0.0,0.0,54.61,930.0,,2024-05-28 16:00:00
2024-05-29 00:00:00,23.02,60.7,5.27,13.62,11.52,,6.33,0.54,38.89,0.84,1.99,,,0.68,0.53,,,1.87,200.4,0.0,0.0,29.28,930.0,,2024-05-29 00:00:00
2024-05-29 08:00:00,7.42,27.11,5.29,13.46,11.56,,6.28,0.56,38.91,0.84,1.98,,,0.68,0.53,,96.38,2.36,229.34,0.0,0.0,528.38,930.0,,2024-05-29 08:00:00
2024-05-29 16:00:00,27.82,71.48,5.32,13.57,11.61,,6.3,0.58,38.94,0.84,1.99,,,0.68,0.53,,97.19,2.3,222.44,0.0,0.0,38.95,930.0,,2024-05-29 16:00:00
2024-05-30 00:00:00,31.22,164.96,5.25,13.52,11.53,,6.42,1.29,38.86,0.84,1.98,,,0.68,0.53,,,1.84,193.82,0.0,0.0,39.09,930.0,,2024-05-30 00:00:00
2024-05-30 08:00:00,9.59,66.7,5.34,13.4,11.55,,6.61,1.02,38.98,0.84,1.97,,,0.68,0.53,,98.46,2.3,235.3,0.0,0.0,553.23,930.0,,2024-05-30 08:00:00
2024-05-30 16:00:00,26.7,98.62,5.34,13.41,11.51,,6.39,0.86,38.91,0.84,1.98,,,0.68,0.53,,97.81,2.53,252.09,0.0,0.0,63.5,930.0,,2024-05-30 16:00:00
2024-05-31 00:00:00,25.0,66.75,5.39,13.5,11.49,,6.43,0.76,38.99,0.84,1.98,,,0.68,0.53,,,2.11,224.72,0.0,0.0,37.54,930.0,,2024-05-31 00:00:00
2024-05-31 08:00:00,12.39,51.55,5.36,13.52,11.46,,6.27,0.75,39.0,0.84,1.98,,,0.68,0.53,,91.86,2.49,264.21,0.0,0.0,684.44,930.0,,2024-05-31 08:00:00
2024-05-31 16:00:00,31.34,,5.33,13.37,11.47,,6.33,0.79,38.98,0.84,1.98,,,0.68,0.53,,93.8,2.34,250.45,0.0,0.0,44.22,930.0,,2024-05-31 16:00:00
2024-06-01 00:00:00,30.58,,5.3,13.45,11.55,,6.52,0.99,38.92,0.84,1.97,,,0.68,0.53,,,1.96,214.84,0.0,0.0,33.74,930.0,,2024-06-01 00:00:00
2024-06-01 08:00:00,12.18,,5.3,13.4,11.48,,6.51,1.04,38.88,0.84,1.98,,,0.68,0.53,,99.74,2.13,236.86,0.0,0.0,519.07,930.0,,2024-06-01 08:00:00
2024-06-01 16:00:00,30.78,,5.32,13.61,11.62,,6.52,0.94,38.95,0.84,1.98,,,0.68,0.53,,,1.31,180.42,0.0,0.0,9.36,930.0,,2024-06-01 16:00:00
2024-06-02 00:00:00,20.47,,5.27,13.51,11.5,,6.05,0.75,39.03,0.84,1.99,,,0.68,0.53,,,1.3,193.33,0.0,0.0,47.78,930.0,,2024-06-02 00:00:00
2024-06-02 08:00:00,7.2,,5.31,13.52,11.51,,6.04,0.83,38.98,0.84,1.98,,,0.68,0.53,,98.64,2.26,239.46,0.0,0.0,685.22,930.0,,2024-06-02 08:00:00
2024-06-02 16:00:00,27.15,,5.3,13.5,11.53,,7.48,0.78,38.98,0.84,1.98,,,0.68,0.53,,98.55,1.52,179.55,0.0,0.0,66.07,930.0,,2024-06-02 16:00:00
2024-06-03 00:00:00,21.34,,5.29,13.47,11.53,,6.48,0.74,38.92,0.84,1.98,,,0.68,0.53,,,1.63,193.2,0.0,0.0,22.5,930.0,,2024-06-03 00:00:00
2024-06-03 08:00:00,11.1,,5.37,13.5,11.56,,6.25,0.84,38.92,0.84,1.98,,,0.68,0.53,,,1.77,265.27,0.0,0.0,554.32,930.0,,2024-06-03 08:00:00
2024-06-03 16:00:00,21.06,50.76,5.33,13.53,11.54,,5.94,0.69,38.97,0.84,1.97,,,0.68,0.53,,,1.73,197.52,0.0,0.0,53.88,930.0,,2024-06-03 16:00:00
2024-06-04 00:00:00,17.42,41.52,5.27,13.5,11.59,,7.17,0.71,38.89,0.84,1.98,,,0.68,0.54,,,1.69,163.03,0.0,0.0,24.02,930.0,,2024-06-04 00:00:00
2024-06-04 08:00:00,10.62,0.44,5.34,13.51,11.52,,9.63,0.74,38.96,0.84,1.99,,,0.68,0.53,,,1.98,216.99,0.0,0.0,588.53,930.0,,2024-06-04 08:00:00
2024-06-04 16:00:00,,,5.34,13.52,11.61,,9.37,1.03,38.96,0.84,1.98,,,0.68,0.53,,,1.78,188.26,0.0,0.0,59.94,930.0,,2024-06-04 16:00:00
2024-06-05 00:00:00,,,5.35,13.48,11.52,,6.6,0.56,38.95,0.84,1.98,,,0.68,0.53,,,2.2,232.52,0.0,0.0,34.87,930.0,,2024-06-05 00:00:00
2024-06-05 08:00:00,,,5.3,13.52,11.48,,6.73,0.6,38.93,0.84,1.98,,,0.68,0.53,,,2.0,229.78,0.0,0.0,493.3,930.0,,2024-06-05 08:00:00
2024-06-05 16:00:00,,,5.32,13.43,11.52,,5.57,0.66,39.02,0.84,1.98,,,0.68,0.53,,,1.56,209.04,0.02,0.02,24.86,930.0,,2024-06-05 16:00:00
2024-06-06 00:00:00,,,5.35,13.53,11.44,,6.81,1.14,39.02,0.84,1.98,,,0.68,0.53,,,1.76,179.83,0.0,0.0,24.93,930.0,,2024-06-06 00:00:00
2024-06-06 08:00:00,,,5.32,13.43,11.55,,7.11,1.08,38.95,0.84,1.98,,,0.68,0.53,,,2.15,228.86,0.0,0.0,437.91,930.0,,2024-06-06 08:00:00
2024-06-06 16:00:00,,29.48,5.33,13.39,11.62,,7.42,1.22,38.99,0.84,1.98,,,0.68,0.53,,,1.73,181.84,0.0,0.0,64.69,930.0,,2024-06-06 16:00:00
2024-06-07 00:00:00,,21.49,5.31,13.42,11.6,,5.68,0.95,38.97,0.84,1.98,,,0.68,0.53,,,1.67,177.5,0.0,0.0,17.84,930.0,,2024-06-07 00:00:00
2024-06-07 08:00:00,,10.5,5.29,13.49,11.48,,6.05,0.87,38.97,0.84,1.98,,,0.68,0.53,,,1.65,192.21,0.0,0.0,532.66,930.0,,2024-06-07 08:00:00
2024-06-07 16:00:00,,12.02,5.32,13.3,11.52,,6.11,0.95,38.86,0.84,1.98,,,0.68,0.53,,,1.5,188.4,0.0,0.0,115.22,930.0,,2024-06-07 16:00:00
2024-06-08 00:00:00,,,,,,,,,,,,,,,,,,,,,0.0,,,,2024-06-08 00:00:00
2024-06-08 08:00:00,,,,,,,,,,,,,,,,,,,,,0.0,,,,2024-06-08 08:00:00
2024-06-08 16:00:00,,,,,,,,,,,,,,,,,,,,,0.0,,,,2024-06-08 16:00:00
2024-06-09 00:00:00,,,,,,,,,,,,,,,,,,,,,0.0,,,,2024-06-09 00:00:00
2024-06-09 08:00:00,9.6,,5.34,13.36,11.6,,8.36,0.96,38.98,0.84,1.97,,,0.68,0.53,,,1.41,197.24,0.0,0.0,119.16,930.0,,2024-06-09 08:00:00
2024-06-09 16:00:00,6.3,,5.34,13.34,11.56,,8.77,0.82,39.0,0.84,1.97,,,0.68,0.52,,,1.55,195.76,0.0,0.0,24.56,930.0,,2024-06-09 16:00:00
2024-06-10 00:00:00,8.94,,5.31,13.49,11.55,,7.17,0.97,38.94,0.84,1.98,,,0.68,0.53,,,1.37,193.64,0.0,0.0,41.56,930.0,,2024-06-10 00:00:00
2024-06-10 08:00:00,4.96,,5.33,13.56,11.58,,7.26,0.93,38.92,0.84,1.99,,,0.68,0.53,,,2.2,223.52,0.0,0.0,476.13,930.0,,2024-06-10 08:00:00
2024-06-10 16:00:00,4.49,,5.35,13.48,11.52,,7.38,0.99,38.96,0.84,1.98,,,0.68,0.53,,,1.79,210.6,0.0,0.0,62.04,930.0,,2024-06-10 16:00:00
2024-06-11 00:00:00,11.24,,5.38,13.49,11.53,,6.65,0.89,38.93,0.84,1.98,,,0.67,0.53,,,1.44,211.14,0.0,0.0,30.69,930.0,,2024-06-11 00:00:00
2024-06-11 08:00:00,3.41,,5.37,13.48,11.61,,7.35,0.91,38.97,0.84,1.98,,,0.68,0.53,,,2.21,225.01,0.0,0.0,477.89,930.0,,2024-06-11 08:00:00
2024-06-11 16:00:00,7.53,,5.32,13.45,11.55,,7.49,0.94,38.96,0.84,1.98,,,0.68,0.53,,,1.98,218.56,0.0,0.0,32.87,930.0,,2024-06-11 16:00:00
2024-06-12 00:00:00,9.9,,5.26,13.43,11.62,,6.46,0.81,38.87,0.84,1.98,,,0.68,0.53,,,1.68,217.41,0.0,0.0,35.99,930.0,,2024-06-12 00:00:00
2024-06-12 08:00:00,3.7,,5.35,13.46,11.49,,6.47,0.81,38.99,0.84,1.98,,,0.68,0.53,,,2.16,231.4,0.0,0.0,419.91,930.0,,2024-06-12 08:00:00
2024-06-12 16:00:00,7.23,,5.35,13.49,11.5,,6.6,0.87,38.99,0.84,1.98,,,0.68,0.53,,,2.17,230.29,0.0,0.0,55.85,930.0,,2024-06-12 16:00:00
2024-06-13 00:00:00,11.64,,5.32,13.42,11.48,,6.52,0.78,38.95,0.84,1.97,,,0.68,0.53,,,1.74,203.99,0.0,0.0,27.99,930.0,,2024-06-13 00:00:00
2024-06-13 08:00:00,4.07,,5.31,13.42,11.5,,7.42,0.77,38.94,0.84,1.98,,,0.68,0.53,,,2.14,225.36,0.0,0.0,442.23,930.0,,2024-06-13 08:00:00
2024-06-13 16:00:00,12.86,,5.35,13.45,11.48,,7.53,0.89,38.98,0.84,1.98,,,0.68,0.53,,,1.35,164.82,0.0,0.0,11.93,930.0,,2024-06-13 16:00:00
2024-06-14 00:00:00,11.98,,5.35,13.49,11.61,,5.73,1.26,38.99,0.84,1.98,,,0.68,0.53,,,1.8,185.02,0.0,0.0,27.88,930.0,,2024-06-14 00:00:00
2024-06-14 08:00:00,7.19,,5.33,13.44,11.66,,5.79,1.16,38.97,0.84,1.98,,,0.68,0.53,,,2.23,223.35,0.0,0.0,547.31,930.0,,2024-06-14 08:00:00
2024-06-14 16:00:00,20.09,,5.37,13.54,11.53,,5.95,1.27,39.02,0.84,1.98,,,0.68,0.53,,,1.57,196.96,0.0,0.0,44.66,930.0,,2024-06-14 16:00:00
2024-06-15 00:00:00,20.88,,5.34,13.43,11.61,,6.16,1.21,38.97,0.84,1.98,,,0.68,0.53,,,1.59,184.66,0.0,0.0,45.67,930.0,,2024-06-15 00:00:00
2024-06-15 08:00:00,7.98,,5.29,13.44,11.53,,6.96,1.14,38.93,0.84,1.97,,,0.68,0.53,,96.54,2.2,223.02,0.0,0.0,644.23,930.0,,2024-06-15 08:00:00
2024-06-15 16:00:00,14.06,,5.33,13.56,11.53,,7.3,1.24,38.92,0.84,1.98,,,0.68,0.53,,97.41,1.51,179.79,0.0,0.0,54.85,930.0,,2024-06-15 16:00:00
2024-06-16 00:00:00,21.48,,5.28,13.39,11.55,,6.37,1.23,38.91,0.84,1.98,,,0.68,0.53,,,1.52,153.53,0.0,0.0,49.51,930.0,,2024-06-16 00:00:00
2024-06-16 08:00:00,9.61,,5.32,13.48,11.62,,6.72,1.19,38.96,0.84,1.99,,,0.68,0.53,,99.65,2.02,223.6,0.0,0.0,598.3,930.0,,2024-06-16 08:00:00
2024-06-16 16:00:00,8.36,,5.31,13.48,11.5,,7.95,1.31,38.94,0.84,1.98,,,0.68,0.53,,99.71,1.75,193.81,0.0,0.0,61.31,930.0,,2024-06-16 16:00:00
2024-06-17 00:00:00,14.23,,5.27,13.46,11.55,,5.79,1.19,38.89,0.84,1.98,,,0.68,0.53,,,1.57,156.71,0.0,0.0,49.01,930.0,,2024-06-17 00:00:00
2024-06-17 08:00:00,5.86,,5.35,13.48,11.56,,6.12,1.13,38.99,0.84,1.98,,,0.68,0.53,,,1.98,224.89,0.0,0.0,573.84,930.0,,2024-06-17 08:00:00
2024-06-17 16:00:00,7.98,,5.35,13.53,11.54,,6.68,1.2,38.99,0.84,1.98,,,0.68,0.53,,,1.83,205.35,0.0,0.0,62.08,930.0,,2024-06-17 16:00:00
2024-06-18 00:00:00,11.12,,5.36,13.45,11.54,,6.95,0.82,39.0,0.84,1.98,,,0.68,0.53,,,1.81,184.57,0.0,0.0,24.74,930.0,,2024-06-18 00:00:00
2024-06-18 08:00:00,6.14,,5.3,13.54,11.69,,7.09,0.83,38.92,0.84,1.98,,,0.69,0.53,,,2.02,221.79,0.0,0.0,542.66,930.0,,2024-06-18 08:00:00
2024-06-18 16:00:00,7.87,,5.35,13.48,11.64,,8.19,0.97,38.91,0.84,1.98,,,0.68,0.53,,,2.17,222.1,0.0,0.0,65.22,930.0,,2024-06-18 16:00:00
2024-06-19 00:00:00,11.15,,5.34,13.51,11.57,,5.49,0.9,38.96,0.84,1.98,,,0.68,0.53,,,1.5,196.12,0.0,0.0,36.56,930.0,,2024-06-19 00:00:00
2024-06-19 08:00:00,5.68,,5.34,13.39,11.56,,5.76,0.85,38.99,0.84,1.97,,,0.68,0.53,,98.86,2.33,228.5,0.0,0.0,522.54,930.0,,2024-06-19 08:00:00
2024-06-19 16:00:00,13.3,,5.33,13.54,11.49,,6.2,0.94,39.0,0.84,1.98,,,0.68,0.53,,,2.14,215.13,0.0,0.0,40.28,930.0,,2024-06-19 16:00:00
2024-06-20 00:00:00,13.41,,5.31,13.45,11.56,,6.53,0.96,38.97,0.84,1.98,,,0.68,0.53,,,1.75,196.1,0.0,0.0,27.56,930.0,,2024-06-20 00:00:00
2024-06-20 08:00:00,6.11,,5.28,13.5,11.53,,7.33,0.92,38.94,0.84,1.98,,,0.68,0.53,,99.19,1.98,214.81,0.0,0.0,484.24,930.0,,2024-06-20 08:00:00
2024-06-20 16:00:00,10.98,,5.33,13.5,11.49,,7.12,0.96,38.97,0.84,1.98,,,0.68,0.53,,,2.03,208.84,0.0,0.0,52.68,930.0,,2024-06-20 16:00:00
2024-06-21 00:00:00,15.64,,5.29,13.38,11.5,,5.86,0.95,38.92,0.84,1.97,,,0.68,0.53,,,1.61,174.53,0.0,0.0,41.96,930.0,,2024-06-21 00:00:00
2024-06-21 08:00:00,9.62,90.58,5.37,13.41,11.5,,6.0,0.79,39.01,0.84,1.97,,,0.68,0.53,,,2.31,222.81,0.0,0.0,517.71,930.0,,2024-06-21 08:00:00
2024-06-21 16:00:00,36.03,72.23,5.32,13.5,11.46,,5.37,0.76,38.95,0.84,1.98,,,0.68,0.53,,,1.66,206.55,0.0,0.0,45.29,930.0,,2024-06-21 16:00:00
2024-06-22 00:00:00,35.67,66.98,5.36,13.58,11.51,,7.5,0.64,39.01,0.84,1.99,,,0.68,0.53,,,1.62,188.91,0.0,0.0,27.51,930.0,,2024-06-22 00:00:00
2024-06-22 08:00:00,18.43,35.5,5.33,13.47,11.56,,7.96,0.63,38.96,0.84,1.98,,,0.68,0.53,,,2.32,234.27,0.0,0.0,502.24,930.0,,2024-06-22 08:00:00
2024-06-22 16:00:00,28.73,63.85,5.36,13.46,11.5,,8.5,0.64,39.01,0.84,1.98,,,0.68,0.53,,,1.66,199.59,0.0,0.0,44.14,930.0,,2024-06-22 16:00:00
2024-06-23 00:00:00,30.75,69.47,5.36,13.42,11.56,,7.06,0.67,39.0,0.84,1.98,,,0.68,0.53,,,1.7,178.61,0.0,0.0,35.69,930.0,,2024-06-23 00:00:00
2024-06-23 08:00:00,13.08,32.59,5.27,13.37,11.56,,7.2,0.79,38.88,0.84,1.97,,,0.68,0.53,,,1.98,222.06,0.0,0.0,561.37,930.0,,2024-06-23 08:00:00
2024-06-23 16:00:00,26.23,,5.3,13.4,11.55,,7.35,0.87,38.92,0.84,1.97,,,0.68,0.53,,,1.66,215.72,0.0,0.0,42.92,930.0,,2024-06-23 16:00:00
2024-06-24 00:00:00,20.2,,5.28,13.48,11.48,,6.97,0.9,38.89,0.84,1.98,,,0.68,0.53,,,1.93,219.4,0.0,0.0,43.55,930.0,,2024-06-24 00:00:00
2024-06-24 08:00:00,17.72,,5.34,13.53,11.55,,9.47,0.74,38.98,0.84,1.99,,,0.68,0.53,,,2.09,216.6,0.0,0.0,430.95,930.0,,2024-06-24 08:00:00
2024-06-24 16:00:00,,,5.31,13.5,11.53,,8.0,1.05,38.93,0.84,1.98,,,0.68,0.53,,,1.85,205.06,0.0,0.0,36.32,930.0,,2024-06-24 16:00:00
2024-06-25 00:00:00,,,5.38,13.54,11.61,,6.55,0.86,39.03,0.84,1.98,,,0.68,0.53,,,1.54,203.22,0.0,0.0,30.36,930.0,,2024-06-25 00:00:00
2024-06-25 08:00:00,33.72,73.14,5.35,13.4,11.54,,6.42,0.74,38.99,0.84,1.97,,,0.68,0.53,,,2.16,215.97,0.0,0.0,513.75,930.0,,2024-06-25 08:00:00
2024-06-25 16:00:00,57.99,133.08,5.3,13.49,11.59,,5.69,0.85,38.93,0.84,1.98,,,0.68,0.53,,,1.5,200.29,0.0,0.0,47.17,930.0,,2024-06-25 16:00:00
2024-06-26 00:00:00,52.61,76.58,5.28,13.56,11.6,,6.73,0.75,38.89,0.84,1.99,,,0.68,0.53,,,1.45,201.88,0.0,0.0,15.7,930.0,,2024-06-26 00:00:00
2024-06-26 08:00:00,50.21,50.5,5.32,13.53,11.53,,6.85,0.83,38.95,0.84,1.98,,,0.68,0.53,,,1.8,218.51,0.0,0.0,342.51,930.0,,2024-06-26 08:00:00
2024-06-26 16:00:00,60.7,198.68,5.34,13.48,11.52,,6.89,0.87,38.97,0.84,1.98,,,0.68,0.53,,,1.47,208.73,0.0,0.0,45.75,930.0,,2024-06-26 16:00:00
2024-06-27 00:00:00,53.74,75.48,5.33,13.4,11.46,,6.55,0.87,38.96,0.84,1.97,,,0.68,0.53,,,1.71,216.55,0.0,0.0,20.02,930.0,,2024-06-27 00:00:00
2024-06-27 08:00:00,38.35,126.46,5.35,13.4,11.42,,6.62,0.89,38.99,0.84,1.97,,,0.67,0.53,,,2.03,214.51,0.0,0.0,311.28,930.0,,2024-06-27 08:00:00
2024-06-27 16:00:00,64.29,157.21,5.37,13.48,11.53,,6.65,0.9,39.01,0.84,1.98,,,0.68,0.53,,,1.7,202.19,0.0,0.0,34.56,930.0,,2024-06-27 16:00:00
2024-06-28 00:00:00,65.01,133.07,5.33,13.42,11.5,,5.82,0.77,38.96,0.84,1.98,,,0.68,0.53,,,1.62,188.98,0.0,0.0,18.99,930.0,,2024-06-28 00:00:00
2024-06-28 08:00:00,46.14,,5.34,13.5,11.52,,6.04,0.81,38.98,0.84,1.98,,,0.68,0.53,,,1.82,212.5,0.0,0.0,458.87,930.0,,2024-06-28 08:00:00
2024-06-28 16:00:00,56.1,212.59,5.28,13.56,11.46,,5.91,0.87,38.89,0.84,1.99,,,0.68,0.53,,,1.44,184.65,0.0,0.0,33.96,930.0,,2024-06-28 16:00:00
2024-06-29 00:00:00,48.5,98.2,5.36,13.54,11.51,,6.35,0.98,39.0,0.84,1.99,,,0.68,0.53,,,1.62,185.06,0.0,0.0,23.47,930.0,,2024-06-29 00:00:00
2024-06-29 08:00:00,25.67,35.83,5.31,13.44,11.56,,6.34,1.0,38.94,0.84,1.98,,,0.68,0.53,,,2.18,222.38,0.0,0.0,422.83,930.0,,2024-06-29 08:00:00
2024-06-29 16:00:00,37.73,146.9,5.33,13.51,11.52,,6.36,0.99,38.96,0.84,1.98,,,0.68,0.53,,,1.66,204.17,0.0,0.0,40.65,930.0,,2024-06-29 16:00:00
2024-06-30 00:00:00,46.82,151.63,5.31,13.45,11.57,,6.59,0.86,38.94,0.84,1.98,,,0.68,0.53,,,1.38,187.26,0.0,0.0,16.65,930.0,,2024-06-30 00:00:00
2024-06-30 08:00:00,23.86,30.35,5.34,13.54,11.48,,6.61,0.93,38.98,0.84,1.98,,,0.68,0.53,,,1.8,214.63,0.0,0.0,287.04,930.0,,2024-06-30 08:00:00
2024-06-30 16:00:00,46.41,193.94,5.28,13.57,11.52,,6.63,0.89,38.9,0.84,1.99,,,0.68,0.53,,,1.73,193.62,0.0,0.0,30.23,930.0,,2024-06-30 16:00:00
2024-07-01 00:00:00,33.14,46.09,5.28,13.52,11.55,,6.79,0.65,38.93,0.84,1.98,,,0.68,0.53,,,1.52,191.86,0.0,0.0,15.21,930.0,,2024-07-01 00:00:00
2024-07-01 08:00:00,22.36,,5.37,13.53,11.49,,6.91,0.6,39.02,0.84,1.98,,,0.68,0.53,,,1.79,212.85,0.0,0.0,249.31,930.0,,2024-07-01 08:00:00
2024-07-01 16:00:00,42.12,,5.3,13.4,11.55,,8.22,0.66,38.93,0.84,1.97,,,0.68,0.53,,,1.64,195.26,0.0,0.0,36.1,930.0,,2024-07-01 16:00:00
2024-07-02 00:00:00,33.02,,5.34,13.54,11.5,,6.37,1.17,38.98,0.84,1.98,,,0.68,0.53,,,1.45,185.26,0.0,0.0,21.61,930.0,,2024-07-02 00:00:00
2024-07-02 08:00:00,23.12,,5.31,13.53,11.5,,6.45,1.21,38.94,0.84,1.98,,,0.68,0.53,,,1.96,219.2,0.0,0.0,410.1,930.0,,2024-07-02 08:00:00
2024-07-02 16:00:00,33.1,,5.29,13.4,11.53,,6.28,1.14,38.92,0.84,1.97,,,0.68,0.53,,,1.83,206.29,0.0,0.0,53.75,930.0,,2024-07-02 16:00:00
2024-07-03 00:00:00,44.14,,5.32,13.43,11.54,,6.62,0.82,38.95,0.84,1.98,,,0.68,0.53,,,1.57,193.71,0.0,0.0,27.39,930.0,,2024-07-03 00:00:00
2024-07-03 08:00:00,23.73,,5.33,13.46,11.61,,6.56,0.92,38.97,0.84,1.98,,,0.68,0.53,,,2.09,221.56,0.0,0.0,467.94,930.0,,2024-07-03 08:00:00
2024-07-03 16:00:00,48.84,,5.32,13.6,11.5,,7.05,0.72,38.9,0.84,1.99,,,0.68,0.53,,,1.99,214.78,0.0,0.0,39.55,930.0,,2024-07-03 16:00:00
2024-07-04 00:00:00,34.11,,5.32,13.55,11.54,,6.46,0.98,38.94,0.84,1.99,,,0.68,0.53,,,1.64,211.41,0.0,0.0,25.08,930.0,,2024-07-04 00:00:00
2024-07-04 08:00:00,23.43,,5.36,13.59,11.51,,6.72,1.07,38.92,0.84,1.99,,,0.68,0.53,,,2.12,226.85,0.0,0.0,352.78,930.0,,2024-07-04 08:00:00
2024-07-04 16:00:00,39.39,,5.28,13.52,11.57,,6.42,1.06,38.96,0.84,1.98,,,0.68,0.53,,,1.81,210.26,0.0,0.0,55.66,930.0,,2024-07-04 16:00:00
2024-07-05 00:00:00,42.62,,5.24,13.41,11.57,,6.34,0.74,39.01,0.84,1.97,,,0.68,0.53,,,1.53,181.94,0.0,0.0,22.82,930.0,,2024-07-05 00:00:00
2024-07-05 08:00:00,29.04,35.74,5.34,13.4,11.51,,6.38,0.68,38.94,0.84,1.98,,,0.68,0.53,,,1.91,222.34,0.0,0.0,475.94,930.0,,2024-07-05 08:00:00
2024-07-05 16:00:00,45.56,65.7,5.27,13.54,11.56,,6.13,0.75,38.9,0.84,1.99,,,0.68,0.53,,,1.51,204.57,0.0,0.0,46.69,930.0,,2024-07-05 16:00:00
2024-07-06 00:00:00,31.91,60.89,5.31,13.52,11.52,,5.92,0.8,38.95,0.84,1.98,,,0.68,0.53,,,1.55,189.39,0.0,0.0,19.23,930.0,,2024-07-06 00:00:00
2024-07-06 08:00:00,23.64,66.3,5.28,13.53,11.59,,5.99,0.86,38.98,0.84,1.98,,,0.68,0.53,,,1.79,214.77,0.0,0.0,372.81,930.0,,2024-07-06 08:00:00
2024-07-06 16:00:00,35.82,80.87,5.33,13.34,11.57,,5.96,0.89,38.88,0.84,1.99,,,0.68,0.53,,,2.04,214.04,0.0,0.0,41.68,930.0,,2024-07-06 16:00:00
2024-07-07 00:00:00,41.94,74.23,5.34,13.55,11.49,,5.8,0.8,38.92,0.84,1.98,,,0.67,0.53,,,1.55,186.22,0.0,0.0,15.86,930.0,,2024-07-07 00:00:00
2024-07-07 08:00:00,31.19,75.84,5.32,13.46,11.59,,5.75,0.84,38.99,0.84,1.97,,,0.68,0.53,,,1.87,211.78,0.0,0.0,343.28,930.0,,2024-07-07 08:00:00
2024-07-07 16:00:00,40.27,78.24,5.3,13.43,11.6,,5.74,0.83,38.93,0.84,1.98,,,0.68,0.53,,,1.82,195.54,0.0,0.0,41.15,930.0,,2024-07-07 16:00:00
2024-07-08 00:00:00,42.63,73.85,5.31,13.53,11.57,,6.65,0.9,38.94,0.84,1.97,,,0.68,0.53,,,1.45,189.57,0.0,0.0,20.35,930.0,,2024-07-08 00:00:00
2024-07-08 08:00:00,31.78,75.27,5.33,13.53,11.56,,6.62,0.98,38.93,0.84,1.98,,,0.68,0.53,,,1.59,203.59,0.0,0.0,281.33,930.0,,2024-07-08 08:00:00
2024-07-08 16:00:00,45.87,71.46,5.27,13.57,11.56,,6.61,0.89,38.89,0.84,1.99,,,0.68,0.53,,,1.4,178.78,0.0,0.0,9.01,930.0,,2024-07-08 16:00:00
2024-07-09 00:00:00,45.98,69.47,5.36,13.47,11.46,,6.78,0.73,38.94,0.84,1.98,,,0.68,0.53,,,1.51,185.56,0.0,0.0,22.13,930.0,,2024-07-09 00:00:00
2024-07-09 08:00:00,25.64,66.3,5.37,13.48,11.57,,6.77,0.73,39.0,0.84,1.98,,,0.68,0.53,,,1.93,215.8,0.0,0.0,370.34,930.0,,2024-07-09 08:00:00
2024-07-09 16:00:00,40.09,80.15,5.31,13.54,11.59,,6.53,0.83,38.95,0.84,1.98,,,0.68,0.53,,,1.66,192.53,0.0,0.0,44.77,930.0,,2024-07-09 16:00:00
2024-07-10 00:00:00,48.01,73.18,5.33,13.36,11.55,,5.94,0.72,38.92,0.84,1.97,,,0.68,0.53,,,1.56,189.61,0.0,0.0,42.84,930.0,,2024-07-10 00:00:00
2024-07-10 08:00:00,26.8,78.59,5.27,13.52,11.53,,6.15,0.71,38.91,0.84,1.98,,,0.68,0.53,,99.41,2.12,226.74,0.0,0.0,599.9,930.0,,2024-07-10 08:00:00
2024-07-10 16:00:00,22.82,67.56,5.13,13.65,11.64,,5.82,0.79,38.71,0.83,1.99,,,0.68,0.53,,,1.26,171.51,0.0,0.0,79.45,930.0,,2024-07-10 16:00:00
2024-07-11 00:00:00,,,,,,,,,,,,,,,,,,,,,0.0,,,,2024-07-11 00:00:00
2024-07-11 08:00:00,31.26,53.65,5.35,13.49,11.7,,6.47,0.55,38.98,0.84,1.98,,,0.68,0.53,,,2.15,229.91,0.0,0.0,330.44,930.0,,2024-07-11 08:00:00
2024-07-11 16:00:00,46.24,98.27,5.35,13.52,11.64,,6.0,0.67,38.99,0.84,1.98,,,0.68,0.53,,,1.56,197.11,0.0,0.0,42.97,930.0,,2024-07-11 16:00:00
2024-07-12 00:00:00,58.62,97.39,5.3,13.55,11.53,,5.4,0.72,38.92,0.84,1.98,,,0.68,0.53,,,1.6,168.87,0.0,0.0,28.22,930.0,,2024-07-12 00:00:00
2024-07-12 08:00:00,31.81,68.88,5.34,13.52,11.51,,6.05,0.69,38.98,0.84,1.98,,,0.68,0.53,,,2.14,232.0,0.0,0.0,535.02,930.0,,2024-07-12 08:00:00
2024-07-12 16:00:00,39.38,68.1,5.34,13.43,11.53,,4.96,0.74,38.97,0.84,1.98,,,0.68,0.53,,,1.45,189.95,0.0,0.0,22.55,930.0,,2024-07-12 16:00:00
2024-07-13 00:00:00,28.66,54.17,5.3,13.54,11.59,,5.89,0.77,38.92,0.84,1.98,,,0.68,0.53,,,1.61,190.91,0.0,0.0,22.67,930.0,,2024-07-13 00:00:00
2024-07-13 08:00:00,19.68,55.54,5.3,13.46,11.54,,5.84,0.8,38.92,0.84,1.98,,,0.68,0.53,,,2.1,211.62,0.0,0.0,424.26,930.0,,2024-07-13 08:00:00
2024-07-13 16:00:00,34.43,77.36,5.35,13.45,11.55,,5.93,0.82,38.99,0.84,1.98,,,0.68,0.53,,,1.76,204.34,0.0,0.0,51.66,930.0,,2024-07-13 16:00:00
2024-07-14 00:00:00,39.82,71.98,5.33,13.47,11.51,,6.34,0.8,38.96,0.84,1.98,,,0.68,0.53,,,1.77,204.44,0.0,0.0,28.04,930.0,,2024-07-14 00:00:00
2024-07-14 08:00:00,26.36,67.12,5.35,13.55,11.55,,6.31,0.82,38.98,0.84,1.99,,,0.68,0.53,,,1.97,212.4,0.0,0.0,228.77,930.0,,2024-07-14 08:00:00
2024-07-14 16:00:00,38.16,68.42,5.33,13.39,11.53,,6.31,0.8,38.96,0.84,1.97,,,0.68,0.53,,,1.46,196.72,0.0,0.0,41.21,930.0,,2024-07-14 16:00:00
2024-07-15 00:00:00,34.66,51.12,5.3,13.51,11.53,,6.72,0.8,38.92,0.84,1.98,,,0.68,0.53,,,1.43,183.76,0.0,0.0,20.48,930.0,,2024-07-15 00:00:00
2024-07-15 08:00:00,28.32,57.32,5.34,13.54,11.52,,6.68,0.81,38.97,0.84,1.99,,,0.68,0.53,,,1.79,207.75,0.0,0.0,161.16,930.0,,2024-07-15 08:00:00
2024-07-15 16:00:00,37.72,66.28,5.35,13.59,11.54,,6.69,0.81,38.98,0.84,1.99,,,0.68,0.53,,,1.44,197.77,0.0,0.0,40.53,930.0,,2024-07-15 16:00:00
2024-07-16 00:00:00,26.41,44.67,5.27,13.53,11.59,,6.47,0.76,38.89,0.84,1.98,,,0.68,0.53,,,1.47,186.98,0.0,0.0,19.38,930.0,,2024-07-16 00:00:00
2024-07-16 08:00:00,23.81,54.79,5.32,13.38,11.57,,6.52,0.8,38.96,0.84,1.97,,,0.68,0.53,,,1.97,214.8,0.0,0.0,260.11,930.0,,2024-07-16 08:00:00
2024-07-16 16:00:00,,,,,,,,,,,,,,,,,,,,,0.0,,,,2024-07-16 16:00:00
2024-07-17 00:00:00,,,,,,,,,,,,,,,,,,,,,0.0,,,,2024-07-17 00:00:00
2024-07-17 08:00:00,29.37,78.27,5.33,13.78,11.51,,5.84,0.64,38.73,0.83,2.0,,,0.67,0.53,,,2.14,219.44,0.0,0.0,253.06,930.0,,2024-07-17 08:00:00
2024-07-17 16:00:00,32.67,71.7,5.35,13.53,11.53,,5.85,0.57,38.93,0.84,1.99,,,0.68,0.53,,,1.82,213.58,0.0,0.0,59.67,930.0,,2024-07-17 16:00:00
2024-07-18 00:00:00,28.72,50.56,5.33,13.48,11.59,,6.07,0.78,38.99,0.84,1.98,,,0.68,0.53,,,1.38,217.02,0.0,0.0,24.0,930.0,,2024-07-18 00:00:00
2024-07-18 08:00:00,25.08,56.52,5.3,13.54,11.52,,6.22,0.79,38.95,0.84,1.98,,,0.68,0.53,,,1.92,219.48,0.0,0.0,277.08,930.0,,2024-07-18 08:00:00
2024-07-18 16:00:00,29.02,47.76,5.38,13.53,11.54,,6.14,0.6,39.02,0.84,1.98,,,0.68,0.53,,,1.84,205.2,0.0,0.0,38.51,930.0,,2024-07-18 16:00:00
2024-07-19 00:00:00,30.24,56.98,5.25,13.47,11.52,,6.71,0.59,38.86,0.84,1.98,,,0.68,0.53,,,1.46,211.12,0.0,0.0,21.26,930.0,,2024-07-19 00:00:00
2024-07-19 08:00:00,33.53,61.91,5.3,13.52,11.45,,8.64,0.59,38.93,0.84,1.98,,,0.68,0.53,,,2.22,215.83,0.0,0.0,191.58,930.0,,2024-07-19 08:00:00
2024-07-19 16:00:00,,,,,,,,,,,,,,,,,,,,,0.0,,,,2024-07-19 16:00:00
2024-07-20 00:00:00,,,,,,,,,,,,,,,,,,,,,0.0,,,,2024-07-20 00:00:00
2024-07-20 08:00:00,22.72,56.7,5.33,13.29,11.58,,12.63,0.9,38.97,0.84,1.96,,,0.68,0.53,,,2.14,212.19,0.0,0.0,344.51,930.0,,2024-07-20 08:00:00
2024-07-20 16:00:00,31.48,84.91,5.34,13.44,11.48,,7.68,0.82,38.97,0.84,1.98,,,0.68,0.53,,,1.97,215.44,0.0,0.0,17.39,930.0,,2024-07-20 16:00:00
2024-07-21 00:00:00,36.26,98.25,5.26,13.48,11.52,,6.46,0.77,38.88,0.84,1.98,,,0.68,0.53,,,1.65,207.25,0.0,0.0,25.08,930.0,,2024-07-21 00:00:00
2024-07-21 08:00:00,27.72,74.88,5.34,13.58,11.54,,6.39,0.79,38.98,0.84,1.99,,,0.68,0.53,,,2.14,219.54,0.0,0.0,283.18,930.0,,2024-07-21 08:00:00
2024-07-21 16:00:00,33.01,69.78,5.41,13.49,11.46,,6.61,0.6,39.06,0.85,1.98,,,0.68,0.53,,,1.88,212.76,0.0,0.0,28.2,930.0,,2024-07-21 16:00:00
2024-07-22 00:00:00,28.31,68.29,5.3,13.36,11.53,,6.03,0.72,38.92,0.84,1.97,,,0.68,0.53,,,1.7,211.7,0.0,0.0,29.09,930.0,,2024-07-22 00:00:00
2024-07-22 08:00:00,24.13,66.38,5.28,13.42,11.46,,6.0,0.79,38.89,0.84,1.98,,,0.68,0.53,,,2.14,214.9,0.0,0.0,353.6,930.0,,2024-07-22 08:00:00
2024-07-22 16:00:00,29.05,69.59,5.34,13.48,11.53,,5.94,0.76,38.98,0.84,1.98,,,0.68,0.53,,,2.02,216.92,0.0,0.0,57.58,930.0,,2024-07-22 16:00:00
2024-07-23 00:00:00,32.69,56.85,5.32,13.56,11.52,,6.34,0.78,38.95,0.84,1.99,,,0.68,0.53,,,1.39,193.79,0.0,0.0,19.98,930.0,,2024-07-23 00:00:00
2024-07-23 08:00:00,30.07,71.99,5.33,13.56,11.5,,6.47,0.83,38.96,0.84,1.99,,,0.68,0.53,,67.93,2.03,221.86,0.0,0.0,323.03,930.0,,2024-07-23 08:00:00
2024-07-23 16:00:00,28.04,63.74,5.31,13.33,11.64,,6.39,0.85,38.93,0.84,1.97,,,0.68,0.53,,74.52,1.99,208.51,0.0,0.0,40.22,930.0,,2024-07-23 16:00:00
2024-07-24 00:00:00,35.09,51.47,5.3,13.49,11.44,,5.95,0.78,38.92,0.84,1.98,,,0.68,0.53,,94.35,1.51,206.55,0.0,0.0,23.49,930.0,,2024-07-24 00:00:00
2024-07-24 08:00:00,25.06,63.25,5.34,13.56,11.58,,6.0,0.82,38.97,0.84,1.99,,,0.68,0.53,,77.26,2.13,225.94,0.0,0.0,296.71,930.0,,2024-07-24 08:00:00
2024-07-24 16:00:00,32.28,70.38,5.34,13.42,11.47,,6.87,0.79,40.77,0.84,1.98,,,0.68,0.53,,87.02,1.57,205.88,0.0,0.0,43.45,930.0,,2024-07-24 16:00:00
2024-07-25 00:00:00,32.91,47.46,5.32,13.46,11.6,,8.08,0.69,41.96,0.84,1.98,,,0.68,0.53,,96.61,1.53,196.35,0.0,0.0,21.72,930.0,,2024-07-25 00:00:00
2024-07-25 08:00:00,22.76,51.26,6.06,14.96,13.67,,8.05,0.71,41.97,0.84,1.98,,,0.68,0.53,,77.5,2.08,227.17,0.0,0.0,279.14,930.0,,2024-07-25 08:00:00
2024-07-25 16:00:00,25.85,50.89,7.36,17.45,17.6,,8.06,0.67,42.0,0.84,1.98,,,0.68,0.53,,82.16,1.9,213.69,0.0,0.0,41.39,930.0,,2024-07-25 16:00:00
2024-07-26 00:00:00,32.93,56.6,7.34,17.45,17.52,,8.34,0.75,41.97,0.84,1.98,,,0.68,0.53,,89.56,1.62,206.37,0.0,0.0,23.22,930.0,,2024-07-26 00:00:00
2024-07-26 08:00:00,22.18,55.78,7.34,17.52,17.47,,8.31,0.77,41.98,0.84,1.98,,,0.68,0.53,,72.47,2.09,223.58,0.0,0.0,265.15,930.0,,2024-07-26 08:00:00
2024-07-26 16:00:00,30.42,65.04,7.28,17.44,17.48,,8.35,0.76,41.89,0.84,1.98,,,0.68,0.53,,80.77,1.99,224.33,0.0,0.0,40.95,930.0,,2024-07-26 16:00:00
2024-07-27 00:00:00,28.99,48.63,7.32,17.5,17.51,,8.05,0.6,41.95,0.84,1.98,,,0.68,0.53,,89.53,1.85,213.04,0.0,0.0,27.55,930.0,,2024-07-27 00:00:00
2024-07-27 08:00:00,19.86,61.35,7.25,17.49,17.46,,8.78,1.02,41.86,0.84,1.98,,,0.68,0.53,,59.44,2.19,242.87,0.0,0.0,429.79,930.0,,2024-07-27 08:00:00
2024-07-27 16:00:00,29.35,85.25,7.34,17.46,17.49,,8.25,1.12,41.98,0.84,1.98,,,0.68,0.53,,60.6,1.89,221.69,0.0,0.0,62.39,930.0,,2024-07-27 16:00:00
2024-07-28 00:00:00,37.66,68.05,7.32,17.47,17.52,,7.82,0.83,41.95,0.84,1.98,,,0.68,0.53,,76.0,1.93,207.4,0.0,0.0,27.22,930.0,,2024-07-28 00:00:00
2024-07-28 08:00:00,28.77,68.32,7.29,17.49,17.45,,8.15,0.84,41.91,0.84,1.98,,,0.68,0.53,,70.08,1.87,214.41,0.0,0.0,196.8,930.0,,2024-07-28 08:00:00
2024-07-28 16:00:00,35.75,82.0,7.28,17.51,17.52,,7.9,0.85,41.89,0.84,1.98,,,0.68,0.53,,74.11,1.77,216.91,0.0,0.0,47.01,930.0,,2024-07-28 16:00:00
2024-07-29 00:00:00,31.99,71.04,7.3,17.53,17.6,,8.86,0.62,41.92,0.84,1.98,,,0.68,0.53,,85.62,1.4,208.74,0.0,0.0,21.99,930.0,,2024-07-29 00:00:00
2024-07-29 08:00:00,29.66,79.3,7.36,17.64,17.48,,8.84,0.65,42.01,0.84,1.99,,,0.68,0.53,,67.39,2.05,217.05,0.0,0.0,388.07,930.0,,2024-07-29 08:00:00
2024-07-29 16:00:00,49.19,109.86,7.31,17.41,17.61,,8.79,0.66,41.94,0.84,1.97,,,0.68,0.53,,74.45,1.59,209.08,0.0,0.0,59.09,930.0,,2024-07-29 16:00:00
2024-07-30 00:00:00,45.97,68.25,7.27,17.43,17.6,,8.33,0.58,41.89,0.84,1.98,,,0.68,0.53,,95.01,1.62,199.76,0.0,0.0,23.6,930.0,,2024-07-30 00:00:00
2024-07-30 08:00:00,20.3,51.1,7.34,17.54,17.53,,8.44,0.62,41.98,0.84,1.98,,,0.68,0.53,,76.14,1.89,225.16,0.0,0.0,307.54,930.0,,2024-07-30 08:00:00
2024-07-30 16:00:00,39.05,64.27,7.36,17.41,17.52,,8.68,0.62,41.96,0.84,1.98,,,0.68,0.53,,90.97,1.4,204.74,0.0,0.0,25.97,930.0,,2024-07-30 16:00:00
2024-07-31 00:00:00,42.28,63.39,7.31,17.41,17.49,,8.21,0.65,41.97,0.84,1.97,,,0.68,0.53,,94.22,1.51,201.62,0.0,0.0,19.74,930.0,,2024-07-31 00:00:00
2024-07-31 08:00:00,26.03,65.55,7.35,17.51,17.57,,8.19,0.69,42.02,0.84,1.98,,,0.68,0.53,,73.87,1.78,224.25,0.0,0.0,289.52,930.0,,2024-07-31 08:00:00
2024-07-31 16:00:00,47.64,74.74,7.36,17.52,17.55,,8.11,0.7,41.95,0.84,1.98,,,0.68,0.53,,90.16,1.88,202.44,0.0,0.0,36.07,930.0,,2024-07-31 16:00:00
2024-08-01 00:00:00,39.0,57.1,7.28,17.52,17.53,,8.15,0.66,41.97,0.84,1.98,,,0.68,0.53,,97.02,1.52,205.66,0.0,0.0,24.16,930.0,,2024-08-01 00:00:00
2024-08-01 08:00:00,27.99,63.61,7.26,17.51,17.5,,8.17,0.69,41.96,0.84,1.98,,,0.68,0.53,,73.69,2.04,225.67,0.0,0.0,365.15,930.0,,2024-08-01 08:00:00
2024-08-01 16:00:00,38.85,67.34,7.37,17.49,17.5,,8.09,0.69,41.96,0.84,1.98,,,0.68,0.53,,84.4,1.58,202.83,0.0,0.0,43.35,930.0,,2024-08-01 16:00:00
2024-08-02 00:00:00,43.31,57.54,7.34,17.46,17.48,,8.3,0.9,42.02,0.84,1.98,,,0.68,0.53,,93.76,1.32,211.98,0.0,0.0,16.61,930.0,,2024-08-02 00:00:00
2024-08-02 08:00:00,22.39,54.97,7.33,17.41,17.58,,9.49,,41.96,0.84,1.98,,,0.68,0.53,,74.56,1.66,218.04,0.0,0.0,253.24,930.0,,2024-08-02 08:00:00
2024-08-02 16:00:00,36.68,61.32,7.28,17.5,17.5,,8.63,,41.93,0.84,1.98,,,0.68,0.53,,86.82,1.54,186.05,0.0,0.0,30.25,930.0,,2024-08-02 16:00:00
2024-08-03 00:00:00,31.42,62.87,7.31,17.41,17.67,,8.09,0.6,41.98,0.84,1.98,,,0.68,0.53,,89.56,1.38,182.55,0.0,0.0,22.04,930.0,,2024-08-03 00:00:00
2024-08-03 08:00:00,30.23,61.42,7.29,17.43,17.52,,8.09,0.61,41.95,0.84,1.98,,,0.68,0.53,,75.49,2.01,220.94,0.0,0.0,287.44,930.0,,2024-08-03 08:00:00
2024-08-03 16:00:00,31.91,63.48,7.29,17.33,17.55,,8.12,0.61,41.91,0.84,1.98,,,0.68,0.53,,79.04,1.93,212.88,0.0,0.0,33.22,930.0,,2024-08-03 16:00:00
2024-08-04 00:00:00,44.75,64.3,7.33,17.41,17.56,,8.56,0.59,41.96,0.84,1.98,,,0.68,0.53,,93.42,1.52,191.43,0.0,0.0,23.17,930.0,,2024-08-04 00:00:00
2024-08-04 08:00:00,24.77,52.3,7.26,17.53,17.52,,8.53,0.64,41.95,0.84,1.98,,,0.68,0.53,,66.3,2.18,227.93,0.0,0.0,449.29,930.0,,2024-08-04 08:00:00
2024-08-04 16:00:00,33.64,61.84,7.35,17.56,17.59,,9.01,0.57,42.05,0.84,1.98,,,0.68,0.53,,71.46,1.87,212.45,0.0,0.0,52.83,930.0,,2024-08-04 16:00:00
2024-08-05 00:00:00,37.47,64.46,7.39,17.47,17.53,,8.08,0.7,41.93,0.84,1.98,,,0.68,0.53,,88.37,1.61,192.49,0.0,0.0,21.61,930.0,,2024-08-05 00:00:00
2024-08-05 08:00:00,27.37,63.22,7.33,17.43,17.55,,8.15,0.7,41.96,0.84,1.98,,,0.68,0.53,,63.58,2.24,238.5,0.0,0.0,485.0,930.0,,2024-08-05 08:00:00
2024-08-05 16:00:00,57.03,82.27,7.3,17.48,17.63,,8.66,0.64,41.98,0.84,1.98,,,0.68,0.53,,91.0,1.76,210.54,0.0,0.0,25.01,930.0,,2024-08-05 16:00:00
2024-08-06 00:00:00,,,7.31,17.55,17.57,,7.85,0.81,41.93,0.84,1.99,,,0.68,0.53,,99.17,1.67,189.78,0.0,0.0,33.57,930.0,,2024-08-06 00:00:00
2024-08-06 08:00:00,,,7.3,17.47,17.61,,7.75,0.9,41.93,0.84,1.98,,,0.68,0.53,,72.49,2.22,228.24,0.0,0.0,466.81,930.0,,2024-08-06 08:00:00
2024-08-06 16:00:00,,,7.3,17.47,17.46,,7.71,0.84,41.94,0.84,1.98,,,0.68,0.53,,95.53,1.7,218.62,0.0,0.0,18.41,930.0,,2024-08-06 16:00:00
2024-08-07 00:00:00,,,7.34,17.55,17.58,,8.04,0.81,41.93,0.84,1.98,,,0.68,0.53,,98.69,1.48,194.24,0.0,0.0,28.75,930.0,,2024-08-07 00:00:00
2024-08-07 08:00:00,,,7.3,17.45,17.48,,8.42,0.84,41.98,0.84,1.98,,,0.68,0.53,,78.87,2.19,236.3,0.0,0.0,245.49,930.0,,2024-08-07 08:00:00
2024-08-07 16:00:00,43.46,58.8,7.35,17.58,17.51,,8.5,0.87,41.99,0.84,1.99,,,0.68,0.53,,83.76,2.16,233.56,0.0,0.0,40.23,930.0,,2024-08-07 16:00:00
2024-08-08 00:00:00,36.04,69.82,7.34,17.44,17.63,,8.03,0.58,41.97,0.84,1.98,,,0.68,0.53,,94.52,1.71,205.05,0.0,0.0,18.9,930.0,,2024-08-08 00:00:00
2024-08-08 08:00:00,23.71,69.43,7.29,17.43,17.59,,7.9,0.6,41.91,0.84,1.98,,,0.68,0.53,,72.58,2.24,234.55,0.0,0.0,366.69,930.0,,2024-08-08 08:00:00
2024-08-08 16:00:00,36.61,77.91,7.34,17.41,17.54,,7.85,0.57,41.97,0.84,1.97,,,0.68,0.53,,82.78,1.85,208.08,0.0,0.0,52.54,930.0,,2024-08-08 16:00:00
2024-08-09 00:00:00,25.41,58.43,7.32,17.4,17.6,,8.08,1.04,41.95,0.84,1.97,,,0.68,0.53,,89.68,1.9,217.51,0.0,0.0,24.68,930.0,,2024-08-09 00:00:00
2024-08-09 08:00:00,34.4,76.62,7.28,17.67,17.41,,8.08,1.03,41.9,0.84,1.99,,,0.68,0.53,,77.24,2.47,249.51,0.0,0.0,311.88,930.0,,2024-08-09 08:00:00
2024-08-09 16:00:00,43.12,102.67,7.37,17.5,17.46,,9.53,1.21,42.01,0.84,1.98,,,0.68,0.53,,77.84,1.96,250.08,0.0,0.0,35.94,930.0,,2024-08-09 16:00:00
2024-08-10 00:00:00,38.41,63.64,7.31,17.52,17.5,,8.02,0.89,41.94,0.84,1.98,,,0.68,0.53,,95.35,1.67,210.81,0.0,0.0,19.99,930.0,,2024-08-10 00:00:00
2024-08-10 08:00:00,27.09,66.84,7.34,17.56,17.53,,7.91,0.86,41.97,0.84,1.99,,,0.68,0.53,,79.61,1.69,212.53,0.0,0.0,332.56,930.0,,2024-08-10 08:00:00
2024-08-10 16:00:00,33.82,80.95,7.33,17.49,17.6,,7.9,0.82,41.96,0.84,1.98,,,0.68,0.53,,83.07,1.96,224.08,0.0,0.0,40.63,930.0,,2024-08-10 16:00:00
2024-08-11 00:00:00,27.52,69.63,7.34,17.51,17.55,,8.07,0.8,41.98,0.84,1.98,,,0.68,0.53,,87.98,2.16,258.08,0.0,0.0,25.85,930.0,,2024-08-11 00:00:00
2024-08-11 08:00:00,16.07,66.2,7.37,17.55,17.53,,8.37,0.72,42.02,0.84,1.99,,,0.68,0.53,,65.6,2.64,280.8,0.0,0.0,471.98,930.0,,2024-08-11 08:00:00
2024-08-11 16:00:00,51.86,118.82,7.3,17.41,17.56,,8.21,0.76,41.92,0.84,1.97,,,0.68,0.53,,74.19,1.94,240.36,0.0,0.0,47.84,930.0,,2024-08-11 16:00:00
2024-08-12 00:00:00,38.07,74.69,7.35,17.44,17.57,,8.15,0.74,41.99,0.84,1.98,,,0.68,0.53,,91.29,1.8,227.89,0.0,0.0,19.73,930.0,,2024-08-12 00:00:00
2024-08-12 08:00:00,22.88,56.15,7.32,17.48,17.56,,8.21,0.69,41.94,0.84,1.98,,,0.68,0.53,,70.13,1.59,254.65,0.0,0.0,518.55,930.0,,2024-08-12 08:00:00
2024-08-12 16:00:00,61.79,133.04,7.32,17.48,17.51,,8.2,0.82,41.95,0.84,1.98,,,0.68,0.53,,77.45,1.79,230.2,0.0,0.0,54.51,930.0,,2024-08-12 16:00:00
2024-08-13 00:00:00,73.53,132.65,7.32,17.48,17.58,,8.52,1.12,41.95,0.84,1.98,,,0.68,0.53,,96.31,1.19,168.34,0.0,0.0,35.47,930.0,,2024-08-13 00:00:00
2024-08-13 08:00:00,53.39,108.12,7.28,17.27,17.62,,9.32,0.87,41.9,0.84,1.96,,,0.68,0.5,,79.57,2.17,288.87,0.0,0.0,326.6,930.0,,2024-08-13 08:00:00
2024-08-13 16:00:00,,,,,,,,,,,,,,,,,,,,,0.0,,,,2024-08-13 16:00:00
2024-08-14 00:00:00,,,,,,,,,,,,,,,,,,,,,0.0,,,,2024-08-14 00:00:00
2024-08-14 08:00:00,21.76,90.39,7.33,17.54,17.61,,12.19,0.81,41.96,0.84,1.99,,,0.68,0.53,,47.86,0.7,88.48,0.0,0.0,614.22,930.0,,2024-08-14 08:00:00
2024-08-14 16:00:00,43.0,110.47,7.31,17.52,17.57,,8.42,1.1,41.94,0.84,1.98,,,0.68,0.53,,60.48,1.16,107.09,0.0,0.0,68.06,930.0,,2024-08-14 16:00:00
2024-08-15 00:00:00,52.51,75.64,7.35,17.45,17.57,,,0.62,41.99,0.84,1.98,,,0.68,0.53,,84.2,1.3,132.13,0.0,0.0,36.16,930.0,,2024-08-15 00:00:00
2024-08-15 08:00:00,19.81,57.33,7.39,17.44,17.43,,,0.66,42.04,0.84,1.98,,,0.68,0.53,,62.89,1.58,192.25,0.0,0.0,446.91,930.0,,2024-08-15 08:00:00
2024-08-15 16:00:00,51.2,108.42,7.31,17.37,17.53,,,0.72,41.93,0.84,1.97,,,0.68,0.53,,75.93,1.17,144.07,0.0,0.0,41.5,930.0,,2024-08-15 16:00:00
2024-08-16 00:00:00,43.24,74.68,7.27,17.48,17.51,,8.3,0.99,41.88,0.84,1.98,,,0.68,0.53,,88.77,1.77,188.86,0.0,0.0,28.24,930.0,,2024-08-16 00:00:00
2024-08-16 08:00:00,22.52,67.25,7.33,17.5,17.5,,8.38,0.71,41.96,0.84,1.98,,,0.68,0.53,,63.99,1.73,201.25,0.0,0.0,497.52,930.0,,2024-08-16 08:00:00
2024-08-16 16:00:00,77.55,99.9,7.32,17.48,17.52,,8.38,0.66,41.95,0.84,1.98,,,0.68,0.53,,91.89,0.97,169.9,0.0,0.0,46.87,930.0,,2024-08-16 16:00:00
2024-08-17 00:00:00,54.32,86.43,7.31,17.48,17.57,,8.48,0.78,41.94,0.84,1.98,,,0.68,0.53,,95.92,1.49,171.74,0.0,0.0,34.73,930.0,,2024-08-17 00:00:00
2024-08-17 08:00:00,14.99,60.33,7.33,17.45,17.59,,8.43,0.79,41.97,0.84,1.98,,,0.68,0.53,,63.93,1.49,199.18,0.0,0.0,593.85,930.0,,2024-08-17 08:00:00
2024-08-17 16:00:00,32.86,85.38,7.34,17.49,17.55,,8.47,0.8,41.98,0.84,1.98,,,0.68,0.53,,72.7,1.42,183.67,0.0,0.0,48.2,930.0,,2024-08-17 16:00:00
2024-08-18 00:00:00,35.16,56.16,7.37,17.49,17.47,,,0.79,42.03,0.84,1.98,,,0.68,0.53,,90.07,1.9,189.33,0.0,0.0,29.75,930.0,,2024-08-18 00:00:00
2024-08-18 08:00:00,18.13,,7.32,17.53,17.55,,,,41.96,0.84,1.98,,,0.68,0.53,,66.77,1.6,204.68,0.0,0.0,486.48,930.0,,2024-08-18 08:00:00
2024-08-18 16:00:00,62.06,,7.29,17.45,17.54,,,,41.88,0.84,1.99,,,0.68,0.53,,95.19,1.19,169.52,0.0,0.0,23.75,930.0,,2024-08-18 16:00:00
2024-08-19 00:00:00,43.43,,7.32,17.49,17.44,,,0.75,41.97,0.84,1.98,,,0.68,0.53,,97.47,1.34,151.81,0.0,0.0,24.83,930.0,,2024-08-19 00:00:00
2024-08-19 08:00:00,20.53,,7.32,17.48,17.54,,,0.74,41.97,0.84,1.97,,,0.68,0.53,,67.95,1.53,197.22,0.0,0.0,543.34,930.0,,2024-08-19 08:00:00
2024-08-19 16:00:00,41.03,,7.28,17.54,17.57,,,0.7,41.87,0.84,1.98,,,0.68,0.53,,81.1,1.65,201.68,0.0,0.0,25.99,930.0,,2024-08-19 16:00:00
2024-08-20 00:00:00,31.31,,7.37,17.44,17.56,,,0.9,41.91,0.84,1.98,,,0.68,0.53,,95.75,1.95,237.9,0.0,0.0,39.47,930.0,,2024-08-20 00:00:00
2024-08-20 08:00:00,20.29,40.24,7.31,17.45,17.53,,8.38,0.82,41.94,0.84,1.98,,,0.68,0.53,,63.67,1.54,211.29,0.0,0.0,595.3,930.0,,2024-08-20 08:00:00
2024-08-20 16:00:00,23.5,40.24,7.34,17.48,17.56,,8.12,0.73,41.98,0.84,1.98,,,0.68,0.53,,77.38,1.27,163.55,0.0,0.0,40.03,930.0,,2024-08-20 16:00:00
2024-08-21 00:00:00,37.2,40.24,7.29,17.52,17.62,,8.09,0.74,41.91,0.84,1.98,,,0.68,0.53,,95.5,1.44,161.43,0.0,0.0,29.56,930.0,,2024-08-21 00:00:00
2024-08-21 08:00:00,23.99,61.44,7.31,17.58,17.55,,8.17,0.74,41.94,0.84,1.99,,,0.68,0.53,,69.13,1.62,175.87,0.0,0.0,524.88,930.0,,2024-08-21 08:00:00
2024-08-21 16:00:00,25.79,45.45,7.36,17.47,17.51,,8.09,0.68,42.01,0.84,1.98,,,0.68,0.53,,76.48,1.63,189.17,0.0,0.0,48.79,930.0,,2024-08-21 16:00:00
2024-08-22 00:00:00,28.84,35.62,7.32,17.58,17.54,,8.26,0.73,41.95,0.84,1.99,,,0.68,0.53,,87.88,1.57,203.84,0.0,0.0,38.26,930.0,,2024-08-22 00:00:00
2024-08-22 08:00:00,21.92,47.08,7.29,17.57,17.55,,8.27,0.78,41.92,0.84,1.99,,,0.68,0.53,,61.24,1.72,217.75,0.0,0.0,573.04,930.0,,2024-08-22 08:00:00
2024-08-22 16:00:00,31.53,63.65,7.33,17.58,17.53,,8.31,0.8,41.96,0.84,1.99,,,0.68,0.53,,66.42,1.68,192.51,0.0,0.0,64.52,930.0,,2024-08-22 16:00:00
2024-08-23 00:00:00,44.11,62.52,7.31,17.43,17.51,,7.83,0.73,41.94,0.84,1.98,,,0.68,0.53,,87.41,1.57,177.74,0.0,0.0,33.28,930.0,,2024-08-23 00:00:00
2024-08-23 08:00:00,25.79,56.84,7.33,17.49,17.52,,7.78,0.83,41.96,0.84,1.98,,,0.68,0.53,,59.69,1.96,229.2,0.0,0.0,591.33,930.0,,2024-08-23 08:00:00
2024-08-23 16:00:00,39.05,75.22,7.31,17.39,17.51,,7.84,0.81,41.93,0.84,1.97,,,0.68,0.53,,65.07,1.49,207.34,0.0,0.0,51.63,930.0,,2024-08-23 16:00:00
2024-08-24 00:00:00,40.06,59.28,7.29,17.39,17.49,,8.4,0.66,41.91,0.84,1.97,,,0.68,0.53,,87.55,1.83,219.48,0.0,0.0,29.92,930.0,,2024-08-24 00:00:00
2024-08-24 08:00:00,29.88,62.74,7.35,17.54,17.56,,8.34,0.69,41.99,0.84,1.98,,,0.68,0.53,,64.08,1.95,227.68,0.0,0.0,469.8,930.0,,2024-08-24 08:00:00
2024-08-24 16:00:00,35.68,74.74,7.36,17.45,17.49,,8.39,0.67,42.0,0.84,1.98,,,0.68,0.53,,69.37,1.85,211.16,0.0,0.0,60.0,930.0,,2024-08-24 16:00:00
2024-08-25 00:00:00,40.69,56.73,7.36,17.5,17.56,,8.32,0.65,42.0,0.84,1.98,,,0.68,0.53,,86.37,1.44,216.46,0.0,0.0,23.54,930.0,,2024-08-25 00:00:00
2024-08-25 08:00:00,35.64,68.55,7.37,17.37,17.54,,8.36,0.69,42.02,0.84,1.97,,,0.68,0.53,,67.92,2.02,223.02,0.0,0.0,350.96,930.0,,2024-08-25 08:00:00
2024-08-25 16:00:00,31.63,65.07,7.37,17.54,17.56,,8.32,0.67,42.01,0.84,1.98,,,0.68,0.53,,67.42,1.72,215.51,0.0,0.0,61.29,930.0,,2024-08-25 16:00:00
2024-08-26 00:00:00,34.72,49.26,7.29,17.53,17.51,,8.05,0.8,41.92,0.84,1.98,,,0.68,0.53,,86.87,1.26,218.81,0.0,0.0,29.98,930.0,,2024-08-26 00:00:00
2024-08-26 08:00:00,23.47,54.62,7.34,17.35,17.52,,8.11,0.9,41.98,0.84,1.97,,,0.68,0.53,,61.17,2.23,222.86,0.0,0.0,486.83,930.0,,2024-08-26 08:00:00
2024-08-26 16:00:00,37.89,67.0,7.28,17.54,17.58,,8.14,0.86,41.9,0.84,1.98,,,0.68,0.53,,73.89,1.87,221.56,0.0,0.0,44.4,930.0,,2024-08-26 16:00:00
2024-08-27 00:00:00,36.8,50.52,7.34,17.4,17.49,,8.11,0.84,41.97,0.84,1.97,,,0.68,0.53,,88.68,1.47,211.96,0.0,0.0,20.44,930.0,,2024-08-27 00:00:00
2024-08-27 08:00:00,36.77,58.82,7.34,17.5,17.59,,,0.58,41.96,0.84,1.98,,,0.68,0.53,,66.53,2.29,228.2,0.0,0.0,377.85,930.0,,2024-08-27 08:00:00
2024-08-27 16:00:00,,,7.34,17.41,17.58,,,1.24,41.98,0.84,1.97,,,0.68,0.53,,79.56,1.69,199.86,0.0,0.0,56.12,930.0,,2024-08-27 16:00:00
2024-08-28 00:00:00,,,7.33,17.52,17.53,,,0.73,41.96,0.84,1.98,,,0.68,0.53,,90.02,1.56,191.73,0.0,0.0,28.68,930.0,,2024-08-28 00:00:00
2024-08-28 08:00:00,32.96,56.07,7.36,17.52,17.54,,55.28,0.65,41.16,0.84,1.98,,,0.68,0.53,,69.6,2.1,228.67,0.0,0.0,354.86,930.0,,2024-08-28 08:00:00
2024-08-28 16:00:00,31.11,63.72,7.25,17.54,17.61,,90.4,1.03,40.98,0.84,1.97,,,0.68,0.53,,75.01,1.89,208.18,0.0,0.0,44.67,930.0,,2024-08-28 16:00:00
2024-08-29 00:00:00,35.46,51.42,7.28,17.45,17.64,,19.14,0.68,41.0,0.84,1.98,,,0.68,0.53,,90.11,1.63,195.5,0.0,0.0,28.76,930.0,,2024-08-29 00:00:00
2024-08-29 08:00:00,29.69,56.29,7.38,17.49,17.62,,6.57,0.67,41.0,0.84,1.99,,,0.68,0.53,,81.76,2.08,229.22,0.0,0.0,187.37,930.0,,2024-08-29 08:00:00
2024-08-29 16:00:00,40.32,54.6,7.38,17.5,17.57,,2.16,0.72,40.95,0.84,1.98,,,0.68,0.53,,98.33,1.46,164.65,0.0,0.0,18.12,930.0,,2024-08-29 16:00:00
2024-08-30 00:00:00,35.82,56.04,7.24,17.49,17.51,,11.93,1.06,40.94,0.84,1.98,,,0.68,0.53,,98.07,1.51,202.19,0.0,0.0,35.24,930.0,,2024-08-30 00:00:00
2024-08-30 08:00:00,24.44,58.98,7.32,17.47,17.51,,10.33,1.01,40.97,0.84,1.98,,,0.68,0.53,,69.44,2.42,240.45,0.0,0.0,354.05,930.0,,2024-08-30 08:00:00
2024-08-30 16:00:00,48.54,77.68,7.28,17.47,17.62,,7.94,1.11,40.98,0.84,1.97,,,0.68,0.53,,90.08,1.6,193.36,0.0,0.0,30.5,930.0,,2024-08-30 16:00:00
2024-08-31 00:00:00,35.8,61.02,7.38,17.49,17.62,,9.24,1.35,40.86,0.84,1.98,,,0.68,0.53,,92.09,1.39,201.28,0.0,0.0,22.11,930.0,,2024-08-31 00:00:00
2024-08-31 08:00:00,24.69,54.23,7.32,17.46,17.57,,8.42,1.3,40.98,0.84,1.98,,,0.68,0.53,,74.58,2.27,232.47,0.0,0.0,244.46,930.0,,2024-08-31 08:00:00
2024-08-31 16:00:00,26.74,56.58,7.34,17.53,17.57,,,1.39,40.98,0.84,1.98,,,0.68,0.53,,77.98,2.05,221.71,0.0,0.0,35.05,930.0,,2024-08-31 16:00:00
2024-09-01 00:00:00,36.46,60.62,7.37,17.47,17.49,,,0.71,41.01,0.84,1.98,,,0.68,0.53,,90.04,1.84,207.5,0.0,0.0,32.04,930.0,,2024-09-01 00:00:00
2024-09-01 08:00:00,21.56,45.22,7.38,17.43,17.52,,,0.68,41.03,0.84,1.98,,,0.68,0.53,,62.93,2.42,246.63,0.0,0.0,568.24,930.0,,2024-09-01 08:00:00
2024-09-01 16:00:00,29.46,53.06,7.33,17.46,17.56,,,0.75,40.96,0.84,1.98,,,0.68,0.53,,69.69,2.65,259.25,0.0,0.0,59.99,930.0,,2024-09-01 16:00:00
2024-09-02 00:00:00,43.02,63.12,7.29,17.57,17.5,,,0.54,40.91,0.84,1.99,,,0.68,0.53,,89.45,1.66,213.82,0.0,0.0,20.73,930.0,,2024-09-02 00:00:00
2024-09-02 08:00:00,27.66,64.09,7.35,17.4,17.52,,,0.61,40.99,0.84,1.97,,,0.68,0.53,,74.08,1.74,210.46,0.0,0.0,402.54,930.0,,2024-09-02 08:00:00
2024-09-02 16:00:00,42.1,63.47,7.35,17.47,17.48,,,1.12,40.99,0.84,1.98,,,0.68,0.53,,96.44,1.27,165.42,0.0,0.0,19.88,930.0,,2024-09-02 16:00:00
2024-09-03 00:00:00,40.61,66.17,7.36,17.53,17.54,,,0.99,41.0,0.84,1.98,,,0.68,0.53,,96.84,1.21,189.38,0.0,0.0,21.22,930.0,,2024-09-03 00:00:00
2024-09-03 08:00:00,32.59,60.23,7.36,17.47,17.51,,,0.96,41.01,0.84,1.98,,,0.68,0.53,,71.39,2.03,220.11,0.0,0.0,344.04,930.0,,2024-09-03 08:00:00
2024-09-03 16:00:00,35.66,74.85,7.3,17.45,17.55,,,1.03,40.93,0.84,1.98,,,0.68,0.53,,71.71,1.8,209.87,0.0,0.0,53.67,930.0,,2024-09-03 16:00:00
2024-09-04 00:00:00,46.47,92.88,7.33,17.54,17.54,,,0.94,40.97,0.84,1.99,,,0.68,0.53,,90.08,1.35,188.18,0.0,0.0,26.76,930.0,,2024-09-04 00:00:00
2024-09-04 08:00:00,32.01,77.53,7.34,17.5,17.48,,,0.93,40.97,0.84,1.98,,,0.68,0.53,,64.55,2.21,230.0,0.0,0.0,443.87,930.0,,2024-09-04 08:00:00
2024-09-04 16:00:00,45.62,90.64,7.4,17.45,17.48,,,1.03,41.06,0.85,1.98,,,0.68,0.53,,77.54,1.75,216.29,0.0,0.0,33.07,930.0,,2024-09-04 16:00:00
2024-09-05 00:00:00,45.89,86.32,7.34,17.53,17.58,,,0.92,40.98,0.84,1.98,,,0.68,0.53,,89.68,1.68,204.2,0.0,0.0,28.37,930.0,,2024-09-05 00:00:00
2024-09-05 08:00:00,28.65,70.89,7.4,17.51,17.55,,,0.86,41.06,0.85,1.98,,,0.68,0.53,,64.14,2.15,233.68,0.0,0.0,454.05,930.0,,2024-09-05 08:00:00
2024-09-05 16:00:00,38.14,79.24,7.34,17.47,17.59,,,0.96,40.97,0.84,1.98,,,0.68,0.53,,76.29,1.89,213.4,0.0,0.0,50.52,930.0,,2024-09-05 16:00:00
2024-09-06 00:00:00,36.65,71.22,7.39,17.51,17.61,,,1.43,41.04,0.84,1.98,,,0.68,0.53,,89.29,1.81,211.05,0.0,0.0,24.28,930.0,,2024-09-06 00:00:00
2024-09-06 08:00:00,30.82,86.46,7.32,17.54,17.5,,6.57,0.99,40.96,0.84,1.98,,,0.68,0.53,,68.36,2.56,248.32,0.0,0.0,364.57,930.0,,2024-09-06 08:00:00
2024-09-06 16:00:00,,,,,,,,,,,,,,,,,,,,,0.0,,,,2024-09-06 16:00:00
2024-09-07 00:00:00,,,,,,,,,,,,,,,,,,,,,0.0,,,,2024-09-07 00:00:00
2024-09-07 08:00:00,,,,,,,,,,,,,,,,,,,,,0.0,,,,2024-09-07 08:00:00
2024-09-07 16:00:00,,,,,,,,,,,,,,,,,,,,,0.0,,,,2024-09-07 16:00:00
2024-09-08 00:00:00,,,,,,,,,,,,,,,,,,,,,0.0,,,,2024-09-08 00:00:00
2024-09-08 08:00:00,,,,,,,,,,,,,,,,,,,,,0.0,,,,2024-09-08 08:00:00
2024-09-08 16:00:00,,,,,,,,,,,,,,,,,,,,,0.0,,,,2024-09-08 16:00:00
2024-09-09 00:00:00,,,,,,,,,,,,,,,,,,,,,0.0,,,,2024-09-09 00:00:00
2024-09-09 08:00:00,9.88,68.39,,,,,6.78,0.82,,0.0,0.0,,,,,27.54,27.08,,164.49,0.0,0.0,,,,2024-09-09 08:00:00
2024-09-09 16:00:00,25.99,,,,,,,0.95,,,,,,,,24.2,49.35,32.2,215.18,0.0,0.0,,,,2024-09-09 16:00:00
2024-09-10 00:00:00,21.68,,,,,,,0.54,,,,,,,,22.58,60.83,28.02,175.85,0.0,0.0,,,,2024-09-10 00:00:00
2024-09-10 08:00:00,12.89,56.19,4.23,4.24,4.2,4.22,5.61,0.68,39.63,0.0,0.0,,,,,26.67,45.12,14.61,228.42,0.0,0.0,,,,2024-09-10 08:00:00
2024-09-10 16:00:00,39.32,59.18,4.24,4.24,4.23,4.24,5.98,0.66,39.63,6.45,6.45,,,9.85,9.85,23.74,80.63,1.77,199.99,0.0,0.0,,,,2024-09-10 16:00:00
2024-09-11 00:00:00,36.81,52.98,4.22,4.23,4.26,4.24,6.38,0.7,,10.0,10.0,,,10.0,10.0,22.06,97.34,1.93,196.01,0.0,0.0,,,,2024-09-11 00:00:00
2024-09-11 08:00:00,22.19,51.49,4.24,4.24,4.25,4.23,6.52,0.75,,10.0,10.0,,,10.0,10.0,26.57,73.49,2.37,227.62,0.0,0.0,,,,2024-09-11 08:00:00
2024-09-11 16:00:00,34.99,85.33,4.22,4.26,4.23,4.25,6.62,0.75,,10.0,10.0,,,10.0,10.0,24.57,80.5,1.82,213.7,0.0,0.0,,,,2024-09-11 16:00:00
2024-09-12 00:00:00,40.1,73.09,4.23,4.24,4.23,4.23,6.86,0.74,,10.0,10.0,,,10.0,10.0,22.35,97.76,1.73,202.02,0.0,0.0,,,,2024-09-12 00:00:00
2024-09-12 08:00:00,23.57,59.24,4.17,4.28,4.24,4.23,6.83,0.8,40.19,10.0,10.0,,,10.0,10.0,27.06,70.18,2.25,236.31,0.0,0.0,,,,2024-09-12 08:00:00
2024-09-12 16:00:00,40.78,126.31,,,,,7.02,0.76,40.19,10.0,10.0,,,10.0,10.0,25.72,76.89,1.91,247.24,0.0,0.0,,,,2024-09-12 16:00:00
2024-09-13 00:00:00,38.25,66.9,,,,,6.99,0.82,40.19,10.0,10.0,,,10.0,10.0,22.6,94.62,1.87,215.96,0.0,0.0,,,,2024-09-13 00:00:00
2024-09-13 08:00:00,21.98,71.46,,,,,6.65,0.75,40.19,2.97,2.96,,,7.9,7.29,26.95,67.96,2.24,246.54,0.0,0.0,,,,2024-09-13 08:00:00
2024-09-13 16:00:00,47.65,136.57,,,,,6.58,0.69,40.19,0.0,0.0,,,0.01,,25.69,73.87,1.92,239.82,0.0,0.0,,,,2024-09-13 16:00:00
2024-09-14 00:00:00,37.06,67.2,,,,,6.64,0.67,40.19,0.0,0.0,,,,0.01,23.15,92.85,2.01,232.78,0.0,0.0,,,,2024-09-14 00:00:00
2024-09-14 08:00:00,21.62,74.48,,,,,6.75,0.71,40.19,0.0,0.0,,,0.03,0.12,27.33,63.36,2.39,254.25,0.0,0.0,,,,2024-09-14 08:00:00
2024-09-14 16:00:00,48.42,119.4,,,,,6.68,0.68,40.19,0.0,0.0,,,,,25.69,74.13,2.19,233.43,0.0,0.0,,,,2024-09-14 16:00:00
2024-09-15 00:00:00,41.74,63.09,,,,,6.62,0.9,40.19,0.0,0.0,,,0.01,0.01,22.3,96.69,2.08,193.82,0.0,0.0,,,,2024-09-15 00:00:00
2024-09-15 08:00:00,24.05,53.78,,,,,6.82,0.98,40.19,0.02,0.0,,,0.02,0.01,27.31,65.74,2.32,257.78,0.0,0.0,,,,2024-09-15 08:00:00
2024-09-15 16:00:00,41.11,65.43,,,,,6.82,0.93,40.19,0.0,0.0,,,0.02,,24.55,83.42,2.18,255.74,0.0,0.0,,,,2024-09-15 16:00:00
2024-09-16 00:00:00,35.72,48.11,,,,,7.24,0.89,40.19,0.0,0.0,,,,,21.8,93.9,1.85,200.75,0.0,0.0,,,,2024-09-16 00:00:00
2024-09-16 08:00:00,20.74,49.22,,,,,7.24,0.67,,,,,,,,27.16,67.36,2.38,265.31,0.0,0.0,,,,2024-09-16 08:00:00
2024-09-16 16:00:00,39.38,73.24,,,,,7.22,0.64,,,,,,,,25.45,79.79,2.19,215.05,0.0,0.0,,,,2024-09-16 16:00:00
2024-09-17 00:00:00,38.36,55.73,,,,,7.05,0.81,,,,,,,,22.23,97.93,2.04,201.09,0.0,0.0,,,,2024-09-17 00:00:00
2024-09-17 08:00:00,22.11,45.56,,,,,7.16,0.91,43.72,0.0,0.0,,,0.02,0.02,27.23,67.25,2.48,257.56,0.0,0.0,,,,2024-09-17 08:00:00
2024-09-17 16:00:00,28.74,59.98,,,,,7.07,0.9,43.72,0.0,0.0,,,0.03,0.01,26.02,67.87,2.09,248.72,0.0,0.0,,,,2024-09-17 16:00:00
2024-09-18 00:00:00,37.12,54.3,,,,,7.09,0.66,43.72,0.0,0.0,,,,,21.86,94.92,2.03,231.43,0.0,0.0,,,,2024-09-18 00:00:00
2024-09-18 08:00:00,21.87,83.8,,,,,7.17,0.72,43.72,0.01,0.02,,,0.01,0.01,27.3,55.89,2.44,266.51,0.0,0.0,,,,2024-09-18 08:00:00
2024-09-18 16:00:00,51.94,154.37,,,,,7.16,0.77,43.72,0.0,0.01,,,0.23,0.02,25.8,63.39,1.97,228.91,0.0,0.0,,,,2024-09-18 16:00:00
2024-09-19 00:00:00,58.94,123.84,,,,,6.47,0.98,43.72,0.0,0.0,,,,,22.35,92.73,1.91,206.28,0.0,0.0,,,,2024-09-19 00:00:00
2024-09-19 08:00:00,29.63,89.68,,,,,6.99,0.9,43.72,3.05,3.05,,,9.58,9.58,27.15,63.5,1.99,250.51,0.0,0.0,,,,2024-09-19 08:00:00
2024-09-19 16:00:00,48.8,137.29,5.42,11.65,13.22,12.24,5.27,0.84,21.82,10.0,10.0,,,10.0,10.0,25.28,76.16,2.08,216.95,0.0,0.0,,,,2024-09-19 16:00:00
2024-09-20 00:00:00,44.3,66.14,5.43,11.63,13.23,12.25,6.65,0.55,21.97,10.0,10.0,,,10.0,10.0,22.94,93.41,2.02,208.84,0.0,0.0,,,,2024-09-20 00:00:00
2024-09-20 08:00:00,28.75,82.53,5.43,11.63,13.23,12.24,6.63,0.55,21.61,10.0,10.0,,,10.0,10.0,27.64,62.72,2.0,246.74,0.0,0.0,,,,2024-09-20 08:00:00
2024-09-20 16:00:00,57.26,131.85,5.42,11.64,13.23,12.23,6.78,0.55,21.76,10.0,10.0,,,10.0,10.0,26.04,70.77,2.09,205.22,0.0,0.0,,,,2024-09-20 16:00:00
2024-09-21 00:00:00,50.72,83.97,5.43,11.64,13.23,12.24,6.63,0.7,21.85,10.0,10.0,,,10.0,10.0,23.05,94.4,1.9,212.75,0.0,0.0,,,,2024-09-21 00:00:00
2024-09-21 08:00:00,24.96,62.26,5.42,11.63,13.25,12.24,7.72,0.64,22.31,10.0,10.0,,,10.0,10.0,27.24,68.25,2.27,251.48,0.0,0.0,,,,2024-09-21 08:00:00
2024-09-21 16:00:00,50.39,102.22,5.43,11.62,13.23,12.24,7.52,0.69,22.29,10.0,10.0,,,10.0,10.0,25.11,77.85,1.97,256.38,0.0,0.0,,,,2024-09-21 16:00:00
2024-09-22 00:00:00,45.55,53.7,5.42,11.63,13.22,12.23,6.83,0.68,21.61,10.0,10.0,,,10.0,10.0,22.24,95.1,2.0,249.57,0.0,0.0,,,,2024-09-22 00:00:00
2024-09-22 08:00:00,20.38,39.9,5.43,11.64,13.23,12.24,6.78,0.78,21.63,10.0,10.0,,,10.0,10.0,26.23,77.08,2.2,250.71,0.0,0.0,,,,2024-09-22 08:00:00
2024-09-22 16:00:00,33.86,51.03,5.42,11.63,13.22,12.24,6.64,0.78,21.64,10.0,10.0,,,10.0,10.0,25.58,80.12,2.02,216.26,0.0,0.0,,,,2024-09-22 16:00:00
2024-09-23 00:00:00,34.23,36.63,5.44,11.64,13.24,12.23,6.21,0.64,,10.0,10.0,,,10.0,10.0,23.19,95.12,2.16,229.64,0.0,0.0,,,,2024-09-23 00:00:00
2024-09-23 08:00:00,23.69,40.04,5.43,11.62,13.22,12.23,7.62,0.69,,10.0,10.0,,,10.0,10.0,26.17,79.33,2.25,244.27,0.0,0.0,,,,2024-09-23 08:00:00
2024-09-23 16:00:00,50.64,66.42,5.44,11.64,13.23,12.24,7.17,0.66,,10.0,10.0,,,10.0,10.0,25.27,86.01,1.94,210.35,0.0,0.0,,,,2024-09-23 16:00:00
2024-09-24 00:00:00,36.86,45.34,5.41,11.63,13.24,12.23,6.37,0.62,,10.0,10.0,,,10.0,10.0,23.39,98.21,2.07,217.41,0.0,0.0,,,,2024-09-24 00:00:00
2024-09-24 08:00:00,19.05,36.29,5.43,11.64,13.22,12.24,6.11,0.66,20.59,10.0,10.0,,,10.0,10.0,26.27,81.07,1.94,216.67,0.0,0.0,,,,2024-09-24 08:00:00
2024-09-24 16:00:00,30.7,47.29,,,,,5.17,0.67,20.59,10.0,10.0,,,10.0,10.0,24.86,88.95,1.8,203.06,0.0,0.0,,,,2024-09-24 16:00:00
2024-09-25 00:00:00,34.16,37.36,,,,,6.73,0.62,20.59,,,,,,,23.05,97.34,1.87,203.82,0.0,0.0,,,,2024-09-25 00:00:00
2024-09-25 08:00:00,21.62,28.43,,,,,6.79,0.73,20.59,,,,,,,26.15,81.08,2.32,227.35,0.0,0.0,,,,2024-09-25 08:00:00
2024-09-25 16:00:00,29.02,48.61,4.86,12.9,19.07,9.12,6.91,0.78,20.59,0.1,0.27,,,0.12,0.19,24.7,81.96,2.21,219.33,0.0,0.0,,,,2024-09-25 16:00:00
2024-09-26 00:00:00,37.94,45.71,5.09,13.05,19.15,9.05,6.31,0.7,20.59,0.13,0.29,,,0.13,0.19,22.78,95.26,1.67,201.76,0.0,0.0,,,,2024-09-26 00:00:00
2024-09-26 08:00:00,28.16,39.61,4.95,12.88,19.19,9.03,6.25,0.75,20.59,0.11,0.26,,,0.14,0.18,26.4,76.21,2.04,224.93,0.0,0.0,,,,2024-09-26 08:00:00
2024-09-26 16:00:00,36.76,55.63,5.0,13.0,19.18,8.87,6.43,0.75,20.59,0.13,0.28,,,0.14,0.16,25.35,79.74,1.86,210.57,0.0,0.0,,,,2024-09-26 16:00:00
2024-09-27 00:00:00,43.7,56.83,4.98,12.92,19.12,8.97,6.94,0.88,20.59,0.1,0.26,,,0.14,0.17,22.75,95.61,1.81,205.01,0.0,0.0,,,,2024-09-27 00:00:00
2024-09-27 08:00:00,32.68,67.51,5.12,12.91,19.05,8.92,6.77,0.94,20.59,0.13,0.27,,,0.12,0.18,26.05,76.94,2.19,229.03,0.0,0.0,,,,2024-09-27 08:00:00
2024-09-27 16:00:00,51.73,90.07,5.04,12.98,18.98,9.02,7.48,0.96,,0.12,0.28,,,0.12,0.18,25.87,76.93,2.0,223.07,0.0,0.0,,,,2024-09-27 16:00:00
2024-09-28 00:00:00,36.8,56.03,5.0,13.07,19.02,8.99,6.79,0.9,,0.12,0.29,,,0.12,0.18,23.29,93.49,2.08,214.58,0.0,0.0,,,,2024-09-28 00:00:00
2024-09-28 08:00:00,29.92,68.6,5.09,13.03,19.1,8.94,6.74,1.0,,0.14,0.28,,,0.12,0.17,27.23,70.28,1.61,239.67,0.0,0.0,,,,2024-09-28 08:00:00
2024-09-28 16:00:00,70.48,161.0,5.18,13.03,18.99,9.03,6.9,1.03,,0.14,0.28,,,0.12,0.19,25.38,74.56,2.04,180.6,0.0,0.0,,,,2024-09-28 16:00:00
2024-09-29 00:00:00,40.91,50.14,5.05,13.0,18.88,9.04,6.24,0.91,,0.13,0.28,,,0.12,0.19,23.08,,2.32,153.15,0.0,0.0,,,,2024-09-29 00:00:00
2024-09-29 08:00:00,34.96,61.56,4.96,13.07,18.95,9.12,6.64,1.07,,0.12,0.3,,,0.12,0.18,27.87,71.44,2.44,138.08,0.0,0.0,,,,2024-09-29 08:00:00
2024-09-29 16:00:00,70.19,89.58,5.02,12.89,19.05,8.96,6.25,0.94,,0.12,0.26,,,0.12,0.17,25.91,83.39,2.3,187.6,0.0,0.0,,,,2024-09-29 16:00:00
2024-09-30 00:00:00,94.25,105.94,5.01,12.96,19.0,9.09,6.66,0.82,,0.12,0.27,,,0.13,0.19,23.77,95.27,2.21,156.87,0.0,0.0,,,,2024-09-30 00:00:00
2024-09-30 08:00:00,36.78,60.09,5.01,16.33,21.19,9.13,7.01,0.78,36.46,0.16,0.28,,,0.12,0.18,28.37,65.9,2.11,142.45,0.0,0.0,,,,2024-09-30 08:00:00
2024-09-30 16:00:00,56.16,87.89,5.03,19.03,22.97,8.93,7.03,0.72,36.46,0.18,0.28,,,0.13,0.16,26.11,75.8,2.32,164.64,0.0,0.0,,,,2024-09-30 16:00:00
2024-10-01 00:00:00,67.43,89.95,5.02,18.83,22.86,8.97,7.04,0.81,,0.19,0.28,,,0.13,0.15,23.52,94.94,2.31,153.02,0.0,0.0,,,,2024-10-01 00:00:00
2024-10-01 08:00:00,43.54,80.98,5.1,19.13,23.02,8.99,7.28,0.92,,0.18,0.28,,,0.12,0.13,28.35,65.64,2.01,153.38,0.0,0.0,,,,2024-10-01 08:00:00
2024-10-01 16:00:00,84.1,122.01,5.1,18.93,23.05,9.08,7.14,0.95,,0.18,0.29,,,0.12,0.16,25.69,83.19,1.93,150.8,0.0,0.0,,,,2024-10-01 16:00:00
2024-10-02 00:00:00,74.95,99.65,5.06,18.79,22.79,8.95,6.33,1.07,,0.2,0.28,,,0.12,0.14,23.44,96.24,1.97,185.78,0.0,0.0,,,,2024-10-02 00:00:00
2024-10-02 08:00:00,39.98,56.48,4.87,18.95,23.06,8.97,6.47,1.15,,0.17,0.27,,,0.1,0.15,28.86,67.8,2.1,231.52,0.0,0.0,,,,2024-10-02 08:00:00
2024-10-02 16:00:00,51.22,65.57,5.0,19.04,23.1,9.04,6.51,1.0,,0.18,0.27,,,0.13,0.15,25.09,76.16,2.28,168.21,0.0,0.0,,,,2024-10-02 16:00:00
2024-10-03 00:00:00,36.05,40.37,5.07,18.71,22.75,9.09,6.83,0.77,,0.19,0.27,,,0.11,0.14,22.18,99.0,2.0,186.63,0.0,0.0,,,,2024-10-03 00:00:00
2024-10-03 08:00:00,35.35,54.76,5.16,19.04,23.14,8.79,6.98,0.65,,0.2,0.29,,,0.14,0.13,24.5,91.57,1.91,234.88,0.0,0.0,,,,2024-10-03 08:00:00
2024-10-03 16:00:00,37.02,69.12,4.93,19.02,23.02,9.07,8.68,0.83,,0.18,0.28,,,0.12,0.17,23.95,91.79,1.89,206.35,0.0,0.0,,,,2024-10-03 16:00:00
2024-10-04 00:00:00,70.73,106.23,5.09,18.96,22.85,8.98,7.0,1.1,,0.16,0.27,,,0.13,0.15,23.25,96.56,1.8,202.23,0.0,0.0,,,,2024-10-04 00:00:00
2024-10-04 08:00:00,42.55,73.58,5.07,19.08,22.97,8.85,7.23,1.14,,0.16,0.29,,,0.13,0.15,26.95,79.25,2.02,222.64,0.0,0.0,,,,2024-10-04 08:00:00
2024-10-04 16:00:00,64.74,83.57,4.89,18.98,23.01,9.04,7.03,1.14,,0.18,0.27,,,0.14,0.17,23.98,95.82,1.94,201.28,0.0,0.0,,,,2024-10-04 16:00:00
2024-10-05 00:00:00,40.4,42.08,5.09,18.57,23.01,9.0,7.0,0.81,,0.2,0.26,,,0.15,0.16,22.68,,1.83,180.22,0.0,0.0,,,,2024-10-05 00:00:00
2024-10-05 08:00:00,27.92,33.68,4.8,18.92,23.1,9.01,6.85,0.71,37.93,0.18,0.28,,,0.12,0.15,26.3,77.08,2.01,250.02,0.0,0.0,,,,2024-10-05 08:00:00
2024-10-05 16:00:00,33.47,36.9,,,,,6.07,1.3,36.52,0.18,0.28,,,0.12,0.14,23.01,92.05,2.21,164.74,0.0,0.0,,,,2024-10-05 16:00:00
2024-10-06 00:00:00,54.05,,4.1,13.43,16.72,8.64,,0.7,,0.07,0.34,,,0.08,0.16,22.12,,2.0,177.67,0.0,0.0,,,,2024-10-06 00:00:00
2024-10-06 08:00:00,,,,,,,,,,,,,,,,,,,,,0.0,,,,2024-10-06 08:00:00
2024-10-06 16:00:00,92.61,,,,,,8.01,0.95,,0.18,0.26,,,0.14,0.19,24.09,93.7,2.04,168.65,0.0,0.0,,,,2024-10-06 16:00:00
2024-10-07 00:00:00,107.75,,3.95,13.11,16.75,8.31,7.24,1.07,,0.17,0.28,,,0.14,0.14,23.25,96.8,2.21,140.51,0.0,0.0,,,,2024-10-07 00:00:00
2024-10-07 08:00:00,48.12,113.26,9.95,18.11,31.11,12.36,7.14,0.87,37.59,0.22,0.3,,,0.2,0.61,27.42,64.17,2.8,105.16,0.0,0.0,,,,2024-10-07 08:00:00
2024-10-07 16:00:00,83.3,107.67,9.96,18.35,31.21,11.98,5.55,0.76,37.13,0.17,0.24,,,0.12,1.22,25.23,82.87,2.75,123.73,0.0,0.0,,,,2024-10-07 16:00:00
2024-10-08 00:00:00,64.97,72.85,10.0,18.32,31.14,11.95,6.16,0.54,,0.18,0.24,,,0.12,1.22,23.4,96.18,2.28,172.14,0.0,0.0,,,,2024-10-08 00:00:00
2024-10-08 08:00:00,36.9,69.61,9.22,16.73,27.85,12.64,9.59,0.6,25.07,0.18,0.54,,,0.26,1.13,31.66,71.45,1.61,140.85,0.0,0.0,,,,2024-10-08 08:00:00
2024-10-08 16:00:00,63.09,89.47,7.38,13.39,20.83,14.92,4.45,0.93,18.32,0.25,1.9,,,0.98,0.65,26.49,92.25,0.7,139.99,0.0,0.0,,,,2024-10-08 16:00:00
2024-10-09 00:00:00,66.73,76.61,7.34,13.43,20.81,14.95,3.29,0.76,18.35,0.25,1.91,,,0.98,0.65,24.61,,0.69,127.78,0.0,0.0,,,,2024-10-09 00:00:00
2024-10-09 08:00:00,30.61,50.54,7.35,13.47,20.83,14.98,2.98,0.83,18.36,0.25,1.93,,,0.98,0.65,28.54,91.02,0.66,127.97,0.0,0.0,,,,2024-10-09 08:00:00
2024-10-09 16:00:00,50.01,70.88,5.67,18.57,24.13,15.86,44.7,0.84,18.68,0.25,1.92,,,0.97,0.64,26.72,91.49,0.69,145.02,0.0,0.0,,,,2024-10-09 16:00:00
2024-10-10 00:00:00,65.91,73.69,5.08,19.88,24.92,15.98,15.16,0.65,18.63,0.24,1.9,,,0.98,0.65,24.49,,0.68,139.71,0.0,0.0,,,,2024-10-10 00:00:00
2024-10-10 08:00:00,,,5.15,20.18,25.12,16.12,8.6,0.7,18.92,0.25,1.92,,,0.98,0.65,27.58,95.63,0.56,168.17,0.0,0.0,,,,2024-10-10 08:00:00
2024-10-10 16:00:00,,,5.14,20.21,25.13,16.27,2.33,0.53,18.33,0.25,1.93,,,0.98,0.66,25.07,,0.52,180.11,0.0,0.0,,,,2024-10-10 16:00:00
2024-10-11 00:00:00,,,5.08,19.99,24.91,15.94,5.78,0.78,18.34,0.24,1.93,,,0.98,0.64,23.86,,0.63,134.97,0.0,0.0,,,,2024-10-11 00:00:00
2024-10-11 08:00:00,,,5.17,20.19,25.17,16.32,2.49,0.85,18.34,0.25,1.93,,,0.98,0.66,27.87,93.02,0.72,120.88,0.0,0.0,,,,2024-10-11 08:00:00
2024-10-11 16:00:00,,,5.16,20.19,25.11,16.19,0.59,0.65,18.55,0.25,1.91,,,0.97,0.66,26.54,94.42,0.75,110.71,0.0,0.0,,,,2024-10-11 16:00:00
2024-10-12 00:00:00,,,5.05,19.95,24.93,16.02,3.99,0.71,18.33,0.25,1.92,,,0.98,0.65,24.2,,0.65,104.68,0.0,0.0,,,,2024-10-12 00:00:00
2024-10-12 08:00:00,,,5.16,20.13,25.15,16.18,2.91,0.82,18.36,0.25,1.94,,,0.98,0.66,27.53,93.69,0.65,97.63,0.0,0.0,,,,2024-10-12 08:00:00
2024-10-12 16:00:00,,,5.2,20.17,25.18,16.19,1.81,0.79,18.33,0.26,1.91,,,0.97,0.66,25.73,,0.67,94.19,0.0,0.0,,,,2024-10-12 16:00:00
2024-10-13 00:00:00,,,5.1,19.96,24.96,15.98,3.67,0.72,18.35,0.24,1.92,,,0.98,0.65,24.79,,0.69,61.11,0.0,0.0,,,,2024-10-13 00:00:00
2024-10-13 08:00:00,,,5.16,20.14,25.21,16.18,3.16,0.81,18.32,0.24,1.92,,,0.97,0.65,26.99,94.77,0.65,77.39,0.0,0.0,,,,2024-10-13 08:00:00
2024-10-13 16:00:00,,,5.16,20.2,25.18,16.15,2.61,0.79,18.34,0.25,1.92,,,0.99,0.65,25.05,,0.63,155.07,0.0,0.0,,,,2024-10-13 16:00:00
2024-10-14 00:00:00,,,5.14,19.95,24.95,16.0,3.73,0.75,18.34,0.25,1.93,,,0.98,0.65,23.91,,0.64,111.74,0.0,0.0,,,,2024-10-14 00:00:00
2024-10-14 08:00:00,,,5.11,20.26,25.05,16.17,3.37,1.08,18.36,0.25,1.93,,,0.98,0.64,25.51,99.92,0.71,203.7,0.0,0.0,,,,2024-10-14 08:00:00
2024-10-14 16:00:00,,,,,,,3.01,1.2,18.34,0.25,1.92,,,0.98,0.65,24.64,,0.66,134.22,0.0,0.0,,,,2024-10-14 16:00:00
2024-10-15 00:00:00,,,,,,,3.32,0.85,18.34,0.25,1.9,,,0.97,0.64,23.06,,0.51,225.91,0.0,0.0,,,,2024-10-15 00:00:00
2024-10-15 08:00:00,,,,,,,3.18,0.77,18.34,0.25,1.91,,,0.98,0.64,23.51,,0.49,191.73,0.0,0.0,,,,2024-10-15 08:00:00
2024-10-15 16:00:00,,,,,,,3.01,0.91,18.35,0.25,1.91,,,0.98,0.65,23.19,,0.64,136.42,0.0,0.0,,,,2024-10-15 16:00:00
2024-10-16 00:00:00,,,,,,,3.45,0.79,18.34,0.25,1.89,,,0.97,0.64,22.87,,0.58,144.52,0.0,0.0,,,,2024-10-16 00:00:00
2024-10-16 08:00:00,,,10.0,10.0,10.0,11.08,3.32,0.73,18.35,0.9,2.47,,,1.57,1.27,23.95,,0.57,208.31,0.0,0.0,,,,2024-10-16 08:00:00
2024-10-16 16:00:00,,,2.76,12.61,11.34,9.41,3.33,0.61,18.34,1.32,1.71,,,1.32,1.82,23.64,,0.61,187.73,0.0,0.0,,,,2024-10-16 16:00:00
2024-10-17 00:00:00,,,2.65,12.68,11.53,9.42,3.59,0.66,18.34,1.27,1.65,,,1.26,1.75,23.39,,0.56,174.66,0.0,0.0,,,,2024-10-17 00:00:00
2024-10-17 08:00:00,,,3.61,13.5,15.4,11.19,3.66,0.69,18.35,1.49,1.37,,,1.41,1.57,26.68,95.92,0.52,202.63,0.0,0.0,,,,2024-10-17 08:00:00
2024-10-17 16:00:00,,,4.47,14.42,18.39,12.57,3.78,0.67,18.84,1.65,1.17,,,1.53,1.44,25.18,98.06,0.6,144.04,0.0,0.0,,,,2024-10-17 16:00:00
2024-10-18 00:00:00,,,4.34,14.29,18.26,12.29,3.35,0.73,18.34,1.62,1.18,,,1.52,1.44,23.27,,0.6,163.36,0.0,0.0,,,,2024-10-18 00:00:00
2024-10-18 08:00:00,,,4.39,14.51,18.13,12.39,3.31,0.83,18.33,1.62,1.17,,,1.52,1.43,27.53,91.75,0.51,219.91,0.0,0.0,,,,2024-10-18 08:00:00
2024-10-18 16:00:00,,,,,,,3.78,,18.52,,,,,,,26.14,98.79,0.58,167.54,0.0,0.0,,,,2024-10-18 16:00:00
2024-10-19 00:00:00,,,,12.02,11.95,9.13,3.47,,18.33,1.29,1.59,,,1.29,1.71,23.77,,0.56,169.33,0.0,0.0,,,,2024-10-19 00:00:00
2024-10-19 08:00:00,,,,,,,3.4,,18.31,,,,,,,25.59,,0.59,191.76,0.0,0.0,,,,2024-10-19 08:00:00
2024-10-19 16:00:00,,,,,,,3.02,,18.32,,,,,,,24.95,,0.59,150.98,0.0,0.0,,,,2024-10-19 16:00:00
2024-10-20 00:00:00,,,,12.66,11.29,9.43,3.39,,18.36,1.22,1.65,,,1.24,1.75,23.68,,0.59,179.95,0.0,0.0,,,,2024-10-20 00:00:00
2024-10-20 08:00:00,,,,,,,3.43,,19.25,,,,,,,26.86,95.18,0.46,162.22,0.0,0.0,,,,2024-10-20 08:00:00
2024-10-20 16:00:00,,,,,,,3.4,,18.59,,,,,,,24.94,,0.64,108.16,0.0,0.0,,,,2024-10-20 16:00:00
2024-10-21 00:00:00,,,,12.39,11.51,9.71,3.25,,18.36,1.28,1.63,,,1.26,1.79,23.97,,0.52,160.87,0.0,0.0,,,,2024-10-21 00:00:00
2024-10-21 08:00:00,22.63,39.01,,,,,3.18,0.78,18.74,0.01,0.02,,,,,27.73,96.33,0.51,151.23,0.0,0.0,,,,2024-10-21 08:00:00
2024-10-21 16:00:00,47.21,53.5,,,,,3.39,0.73,18.8,0.01,0.01,,,,0.01,25.13,99.49,0.51,143.15,0.0,0.0,,,,2024-10-21 16:00:00
2024-10-22 00:00:00,45.04,51.46,,,,,2.97,1.08,18.32,,,,,,,23.59,,0.67,78.73,0.0,0.0,,,,2024-10-22 00:00:00
2024-10-22 08:00:00,31.14,45.29,,,,,3.03,1.3,18.35,0.01,0.0,,,0.01,0.02,27.57,93.8,0.57,118.14,0.0,0.0,,,,2024-10-22 08:00:00
2024-10-22 16:00:00,56.65,73.39,,,,,3.03,1.37,18.32,0.01,0.0,,,0.01,0.01,23.53,,0.6,137.68,0.0,0.0,,,,2024-10-22 16:00:00
2024-10-23 00:00:00,63.29,82.5,,,,,3.35,1.33,18.35,0.01,0.0,,,,0.02,23.48,,0.61,147.26,0.0,0.0,,,,2024-10-23 00:00:00
2024-10-23 08:00:00,32.1,76.57,,,,,3.65,1.24,18.71,0.0,0.0,,,,0.01,28.01,92.93,0.56,135.03,0.0,0.0,,,,2024-10-23 08:00:00
2024-10-23 16:00:00,48.6,68.41,,,,,3.55,0.87,18.97,,,,,,,23.97,,0.61,154.28,0.0,0.0,,,,2024-10-23 16:00:00
2024-10-24 00:00:00,36.43,43.68,,,,,2.88,0.83,18.34,,,,,,,23.54,,0.58,160.15,0.0,0.0,,,,2024-10-24 00:00:00
2024-10-24 08:00:00,38.03,47.59,,,,,2.87,0.82,18.41,,,,,,,26.02,,0.5,202.82,0.0,0.0,,,,2024-10-24 08:00:00
2024-10-24 16:00:00,94.04,133.17,,,,,2.88,1.0,18.34,,,,,,,24.84,,0.58,153.18,0.0,0.0,,,,2024-10-24 16:00:00
2024-10-25 00:00:00,58.61,69.7,,,,,3.19,1.18,18.28,,,,,,,23.45,,0.56,155.4,0.0,0.0,,,,2024-10-25 00:00:00
2024-10-25 08:00:00,45.43,92.85,,,,,3.17,1.17,18.31,,,,,,,27.91,83.92,0.49,249.81,0.0,0.0,,,,2024-10-25 08:00:00
2024-10-25 16:00:00,178.27,304.46,,,,,3.2,1.34,18.3,,,,,,,24.86,86.71,0.68,142.91,0.0,0.0,,,,2024-10-25 16:00:00
2024-10-26 00:00:00,178.95,247.79,,,,,3.04,0.96,18.34,,,,,,,22.88,,0.67,143.2,0.0,0.0,,,,2024-10-26 00:00:00
2024-10-26 08:00:00,65.24,175.79,,,,,2.96,0.73,18.33,,,,,,,27.22,83.91,0.55,256.71,0.0,0.0,,,,2024-10-26 08:00:00
2024-10-26 16:00:00,182.24,308.79,,,,,2.96,0.8,18.32,,,,,,,24.51,85.0,0.7,147.15,0.0,0.0,,,,2024-10-26 16:00:00
2024-10-27 00:00:00,185.56,292.41,,,,,3.35,1.92,18.32,,,,,,,21.8,,0.71,125.88,0.0,0.0,,,,2024-10-27 00:00:00
2024-10-27 08:00:00,61.07,90.73,,,,,3.31,1.58,18.59,,,,,,,27.11,89.75,0.57,239.57,0.0,0.0,,,,2024-10-27 08:00:00
2024-10-27 16:00:00,149.14,248.66,,,,,3.3,1.47,18.33,,,,,,,24.57,88.66,0.7,146.15,0.0,0.0,,,,2024-10-27 16:00:00
2024-10-28 00:00:00,161.75,220.74,,,,,3.18,1.78,18.34,,,,,,,22.72,,0.68,139.25,0.0,0.0,,,,2024-10-28 00:00:00
2024-10-28 08:00:00,49.78,118.19,,,,,3.31,1.35,19.79,,,,,,,28.12,83.3,0.51,183.75,0.0,0.0,,,,2024-10-28 08:00:00
2024-10-28 16:00:00,118.39,190.35,,,,,2.14,0.88,18.35,,,,,,,25.55,87.03,0.67,145.62,0.0,0.0,,,,2024-10-28 16:00:00
2024-10-29 00:00:00,146.92,183.76,15.47,26.17,32.38,14.94,2.96,0.95,18.32,1.3,1.65,,,1.3,1.71,23.49,,0.71,143.34,0.0,0.0,,,,2024-10-29 00:00:00
2024-10-29 08:00:00,47.32,110.26,,,,,3.39,0.93,18.49,,,,,,,28.45,85.46,0.56,209.53,0.0,0.0,,,,2024-10-29 08:00:00
2024-10-29 16:00:00,130.88,223.8,,,,,3.16,1.03,18.34,,,,,,,25.57,88.26,0.66,123.99,0.0,0.0,,,,2024-10-29 16:00:00
2024-10-30 00:00:00,134.81,195.55,14.67,26.19,31.27,15.1,3.25,1.34,18.31,1.2,1.65,,,1.22,1.73,23.78,,0.62,153.18,0.0,0.0,,,,2024-10-30 00:00:00
2024-10-30 08:00:00,88.22,136.91,,,,,3.16,1.15,18.32,,,,,,,27.49,94.43,0.54,183.59,0.0,0.0,,,,2024-10-30 08:00:00
2024-10-30 16:00:00,82.13,143.47,,,,9.66,3.19,1.27,20.41,1.23,1.57,,,1.27,1.64,24.59,,0.56,101.49,0.0,0.0,,,,2024-10-30 16:00:00
2024-10-31 00:00:00,56.08,96.07,,,,,3.41,1.04,25.34,1.25,1.57,,,1.28,1.64,24.13,,0.63,127.01,0.0,0.0,,,,2024-10-31 00:00:00
2024-10-31 08:00:00,42.98,91.22,4.32,14.33,24.83,8.9,3.0,0.79,26.64,0.93,1.36,,,1.27,1.58,27.75,96.16,0.52,175.26,0.0,0.0,,,,2024-10-31 08:00:00
2024-10-31 16:00:00,106.52,171.87,14.33,28.82,43.87,22.29,8.03,1.91,27.57,1.08,0.86,,,1.15,1.38,25.66,,0.62,113.61,0.0,0.0,,,,2024-10-31 16:00:00
2024-11-01 00:00:00,57.26,74.36,21.52,42.22,60.88,31.75,11.57,2.76,25.71,1.23,0.75,,,1.21,1.33,24.27,,0.65,115.84,0.0,0.0,,,,2024-11-01 00:00:00
2024-11-01 08:00:00,17.15,37.39,7.87,17.82,22.87,10.87,6.11,1.16,23.33,1.23,0.75,,,1.21,1.33,28.27,89.16,0.49,109.07,0.0,0.0,,,,2024-11-01 08:00:00
2024-11-01 16:00:00,89.78,143.35,8.27,18.71,24.36,11.24,6.96,1.55,23.57,1.23,0.75,,,1.21,1.33,26.01,91.41,0.65,132.46,0.0,0.0,,,,2024-11-01 16:00:00
2024-11-02 00:00:00,42.84,79.25,7.85,3.0,5.0,4.01,12.09,2.32,23.34,1.23,0.75,,,1.21,1.33,24.57,,0.67,82.15,0.0,0.0,,,,2024-11-02 00:00:00
2024-11-02 08:00:00,20.25,53.72,7.85,3.0,5.0,4.0,12.09,1.5,23.35,1.28,0.73,,,1.27,1.36,28.49,88.13,0.62,79.13,0.0,0.0,,,,2024-11-02 08:00:00
2024-11-02 16:00:00,59.13,89.17,7.86,3.0,5.0,4.0,12.1,1.44,23.33,1.46,0.66,,,1.53,1.49,25.92,92.29,0.72,82.1,0.0,0.0,,,,2024-11-02 16:00:00
2024-11-03 00:00:00,41.94,64.95,7.88,3.0,5.0,4.0,12.11,1.35,23.34,1.46,0.66,,,1.53,1.49,23.73,,0.69,117.16,0.0,0.0,,,,2024-11-03 00:00:00
2024-11-03 08:00:00,20.9,52.06,7.86,3.0,5.0,4.0,12.1,1.45,23.37,1.46,0.66,,,1.53,1.49,27.75,90.28,0.64,64.95,0.0,0.0,,,,2024-11-03 08:00:00
2024-11-03 16:00:00,36.27,64.67,7.85,3.0,5.0,4.0,12.09,1.42,23.34,1.46,0.66,,,1.53,1.49,25.81,93.32,0.7,104.34,0.0,0.0,,,,2024-11-03 16:00:00
2024-11-04 00:00:00,35.43,59.43,7.85,3.0,5.0,4.0,12.09,1.6,23.33,1.46,0.66,,,1.53,1.49,24.3,,0.64,96.28,0.0,0.0,,,,2024-11-04 00:00:00
2024-11-04 08:00:00,24.28,60.72,6.58,10.8,14.63,9.68,11.55,1.65,24.99,1.23,1.14,,,1.2,1.04,27.5,87.5,0.58,99.98,0.0,0.0,,,,2024-11-04 08:00:00
2024-11-04 16:00:00,31.57,71.9,5.47,17.59,23.09,14.68,10.94,1.65,26.56,0.98,1.57,,,0.86,0.59,25.93,94.86,0.7,83.23,0.0,0.0,,,,2024-11-04 16:00:00
2024-11-05 00:00:00,32.77,65.46,5.46,17.6,23.07,14.61,10.93,1.63,26.54,0.98,1.57,,,0.86,0.59,23.52,,0.72,58.23,0.0,0.0,,,,2024-11-05 00:00:00
2024-11-05 08:00:00,30.44,80.53,5.5,17.59,23.04,14.69,11.0,1.52,26.66,0.99,1.57,,,0.86,0.6,27.53,85.55,0.66,55.85,0.0,0.0,,,,2024-11-05 08:00:00
2024-11-05 16:00:00,47.25,124.42,5.47,17.63,23.03,14.66,10.97,1.52,26.61,0.99,1.57,,,0.86,0.59,25.63,92.35,0.7,52.33,0.0,0.0,,,,2024-11-05 16:00:00
2024-11-06 00:00:00,70.52,133.73,5.5,17.58,23.14,14.59,10.97,1.45,26.61,0.99,1.56,,,0.86,0.59,22.63,,0.7,117.42,0.0,0.0,,,,2024-11-06 00:00:00
2024-11-06 08:00:00,44.5,120.25,5.49,17.59,23.05,14.61,10.95,1.58,26.57,0.98,1.58,,,0.85,0.59,27.54,81.7,0.76,45.13,0.0,0.0,,,,2024-11-06 08:00:00
2024-11-06 16:00:00,54.42,134.71,5.49,17.62,23.08,14.48,10.96,1.51,26.6,0.99,1.57,,,0.86,0.59,26.59,88.56,0.81,43.25,0.0,0.0,,,,2024-11-06 16:00:00
2024-11-07 00:00:00,59.44,116.36,5.46,17.55,22.9,14.61,10.88,1.45,26.48,0.97,1.57,,,0.85,0.59,24.24,,0.72,51.34,0.0,0.0,,,,2024-11-07 00:00:00
2024-11-07 08:00:00,42.64,111.94,6.54,22.09,29.2,16.74,12.97,1.48,31.22,1.0,1.76,,,0.79,0.54,26.59,95.28,0.85,28.04,0.0,0.0,,,,2024-11-07 08:00:00
2024-11-07 16:00:00,40.95,76.16,7.2,25.17,33.45,18.35,14.1,1.48,34.16,1.01,1.89,,,0.75,0.52,25.74,97.27,0.74,57.85,0.0,0.0,,,,2024-11-07 16:00:00
2024-11-08 00:00:00,36.53,50.6,7.22,25.16,33.57,18.28,14.21,1.36,34.23,1.01,1.89,,,0.75,0.51,23.72,,0.72,66.65,0.0,0.0,,,,2024-11-08 00:00:00
2024-11-08 08:00:00,27.27,55.57,7.25,25.15,33.11,18.28,14.32,1.47,34.3,1.02,1.89,,,0.74,0.51,28.03,82.07,0.75,40.26,0.0,0.0,,,,2024-11-08 08:00:00
2024-11-08 16:00:00,37.89,67.8,7.24,25.24,33.25,18.12,14.27,1.43,34.27,1.02,1.9,,,0.75,0.51,26.2,88.75,0.72,74.34,0.0,0.0,,,,2024-11-08 16:00:00
2024-11-09 00:00:00,35.87,49.21,7.22,25.13,33.32,18.38,14.18,1.3,34.21,1.01,1.89,,,0.75,0.52,23.83,,0.76,52.2,0.0,0.0,,,,2024-11-09 00:00:00
2024-11-09 08:00:00,26.34,54.15,7.25,25.21,33.5,18.31,14.34,1.27,34.3,1.02,1.9,,,0.75,0.51,27.58,80.37,0.75,38.76,0.0,0.0,,,,2024-11-09 08:00:00
2024-11-09 16:00:00,34.44,84.16,7.26,25.13,33.28,18.23,14.35,1.61,34.28,1.02,1.89,,,0.74,0.51,25.96,88.98,0.68,45.66,0.0,0.0,,,,2024-11-09 16:00:00
2024-11-10 00:00:00,43.91,67.22,7.23,25.08,33.18,18.44,14.23,1.53,34.24,1.02,1.9,,,0.75,0.52,23.36,,0.78,54.31,0.0,0.0,,,,2024-11-10 00:00:00
2024-11-10 08:00:00,30.13,62.26,7.26,25.26,33.55,18.32,14.38,1.61,34.34,1.02,1.89,,,0.74,0.51,27.69,77.22,0.78,40.4,0.0,0.0,,,,2024-11-10 08:00:00
2024-11-10 16:00:00,44.99,92.67,7.21,25.21,33.4,18.0,14.16,1.5,34.2,1.01,1.9,,,0.75,0.51,25.86,85.79,0.68,64.06,0.0,0.0,,,,2024-11-10 16:00:00
2024-11-11 00:00:00,59.64,88.43,7.23,25.13,32.98,18.17,14.25,1.64,34.26,1.02,1.89,,,0.74,0.51,23.06,,0.68,109.89,0.0,0.0,,,,2024-11-11 00:00:00
2024-11-11 08:00:00,47.59,96.64,7.23,25.16,33.3,18.41,14.24,1.35,34.25,1.02,1.89,,,0.75,0.52,27.39,82.4,0.81,26.45,0.0,0.0,,,,2024-11-11 08:00:00
2024-11-11 16:00:00,53.0,112.17,7.24,25.22,33.24,18.27,14.26,1.63,34.26,1.02,1.9,,,0.75,0.51,25.9,89.88,0.68,45.52,0.0,0.0,,,,2024-11-11 16:00:00
2024-11-12 00:00:00,56.7,101.45,7.25,25.19,33.22,18.34,14.32,1.51,34.3,1.02,1.9,,,0.75,0.52,24.95,99.12,0.81,22.65,0.0,0.0,,,,2024-11-12 00:00:00
2024-11-12 08:00:00,57.44,112.87,7.23,25.11,33.43,18.34,14.24,1.54,34.25,1.02,1.89,,,0.75,0.52,25.71,98.76,0.79,71.93,0.0,0.0,,,,2024-11-12 08:00:00
2024-11-12 16:00:00,54.79,98.13,7.24,25.16,33.16,18.24,14.28,1.54,34.28,1.02,1.89,,,0.74,0.51,25.41,,0.77,54.33,0.0,0.0,,,,2024-11-12 16:00:00
2024-11-13 00:00:00,39.57,51.41,7.22,25.18,33.17,18.32,14.2,1.45,34.23,1.01,1.9,,,0.74,0.51,24.17,,0.74,41.43,0.0,0.0,,,,2024-11-13 00:00:00
2024-11-13 08:00:00,22.1,42.09,7.25,25.15,33.23,18.33,14.32,1.45,34.3,1.02,1.89,,,0.75,0.52,26.74,96.13,0.79,44.11,0.0,0.0,,,,2024-11-13 08:00:00
2024-11-13 16:00:00,26.74,44.62,7.24,25.1,33.23,18.24,14.3,1.38,34.29,1.02,1.89,,,0.75,0.51,25.4,97.9,0.75,58.87,0.0,0.0,,,,2024-11-13 16:00:00
2024-11-14 00:00:00,23.11,31.42,7.22,25.25,33.12,18.15,14.21,1.37,34.23,1.01,1.9,,,0.74,0.51,24.38,,0.72,59.36,0.0,0.0,,,,2024-11-14 00:00:00
2024-11-14 08:00:00,23.39,33.6,7.23,25.17,33.17,18.26,14.25,1.4,34.26,1.02,1.89,,,0.74,0.51,25.98,,0.7,60.02,0.0,0.0,,,,2024-11-14 08:00:00
2024-11-14 16:00:00,25.27,36.39,7.88,27.73,37.4,20.8,14.24,1.44,34.25,1.02,1.89,,,0.75,0.51,24.79,,0.77,63.07,0.0,0.0,,,,2024-11-14 16:00:00
2024-11-15 00:00:00,22.54,28.65,8.23,29.22,39.14,22.22,14.25,1.48,34.25,1.01,1.9,,,0.74,0.51,23.89,,0.74,55.77,0.0,0.0,,,,2024-11-15 00:00:00
2024-11-15 08:00:00,19.97,36.5,7.67,28.59,38.8,22.77,14.19,1.55,34.22,1.06,1.68,,,1.04,0.56,26.85,95.33,0.68,55.95,0.0,0.0,,,,2024-11-15 08:00:00
2024-11-15 16:00:00,31.19,53.65,7.25,28.13,38.35,23.15,14.32,1.36,34.3,1.25,0.68,,,2.42,0.79,24.27,,0.71,91.97,0.0,0.0,,,,2024-11-15 16:00:00
2024-11-16 00:00:00,23.17,40.5,7.23,28.24,38.1,23.17,14.24,1.59,34.25,,,,,,,23.82,,0.73,56.0,0.0,0.0,,,,2024-11-16 00:00:00
2024-11-16 08:00:00,21.3,36.33,6.15,24.82,32.97,18.38,14.31,1.51,33.2,1.32,0.83,,,2.13,0.57,27.21,92.72,0.72,58.26,0.0,0.0,,,,2024-11-16 08:00:00
2024-11-16 16:00:00,29.23,43.96,5.22,22.2,28.09,14.4,14.21,1.44,32.23,1.33,0.83,,,2.13,0.57,24.82,95.09,0.73,62.42,0.0,0.0,,,,2024-11-16 16:00:00
2024-11-17 00:00:00,38.51,64.64,5.25,22.16,28.34,14.41,14.3,1.55,32.29,1.32,0.83,,,2.13,0.57,24.01,,0.75,55.22,0.0,0.0,,,,2024-11-17 00:00:00
2024-11-17 08:00:00,34.88,69.77,5.24,22.21,28.18,14.26,14.27,1.63,32.27,1.33,0.85,,,2.13,0.57,27.04,91.93,0.76,44.64,0.0,0.0,,,,2024-11-17 08:00:00
2024-11-17 16:00:00,50.75,97.5,5.58,22.84,30.14,14.76,14.3,1.67,31.96,1.3,0.77,,,2.16,0.6,25.45,87.44,0.76,49.66,0.0,0.0,,,,2024-11-17 16:00:00
2024-11-18 00:00:00,40.41,49.94,7.23,26.16,38.2,16.51,14.24,1.59,30.25,1.18,0.45,,,2.33,0.76,23.78,78.75,0.72,61.62,0.0,0.0,,,,2024-11-18 00:00:00
2024-11-18 08:00:00,27.38,49.36,8.17,26.14,38.17,17.25,14.23,1.65,30.24,1.34,0.55,,,2.02,0.81,26.79,63.62,0.74,54.57,0.0,0.0,,,,2024-11-18 08:00:00
2024-11-18 16:00:00,30.52,66.46,9.24,26.14,38.21,18.19,14.29,1.57,30.28,1.55,0.66,,,1.65,0.87,25.52,69.51,0.69,81.81,0.0,0.0,,,,2024-11-18 16:00:00
2024-11-19 00:00:00,41.09,89.66,9.23,26.12,38.31,18.25,14.26,1.43,30.26,1.55,0.66,,,1.65,0.87,23.34,78.34,0.76,51.8,0.0,0.0,,,,2024-11-19 00:00:00
2024-11-19 08:00:00,30.62,72.12,9.23,26.06,37.92,18.48,14.24,1.43,30.25,1.55,0.66,,,1.65,0.87,25.16,68.56,0.8,36.5,0.0,0.0,,,,2024-11-19 08:00:00
2024-11-19 16:00:00,,,,,,,,,,,,,,,,,,,,,0.0,,,,2024-11-19 16:00:00
2024-11-20 00:00:00,,,,,,,,,,,,,,,,,,,,,0.0,,,,2024-11-20 00:00:00
2024-11-20 08:00:00,62.7,139.07,5.21,13.76,2.92,14.94,11.61,1.11,25.84,0.14,0.91,,,0.09,0.15,27.31,59.61,0.56,106.4,0.0,0.0,,,,2024-11-20 08:00:00
2024-11-20 16:00:00,94.6,,,,0.0,,10.14,1.05,23.35,0.19,1.52,,,0.16,0.24,24.48,71.11,0.67,96.07,0.0,0.0,,,,2024-11-20 16:00:00
2024-11-21 00:00:00,94.58,,,,0.0,,9.95,0.92,23.32,0.18,1.52,,,0.16,0.24,22.72,78.49,0.74,76.97,0.0,0.0,,,,2024-11-21 00:00:00
2024-11-21 08:00:00,60.8,,,,0.0,,10.0,0.88,24.68,0.18,1.52,,,0.16,0.24,26.65,61.41,0.53,146.77,0.0,0.0,,,,2024-11-21 08:00:00
2024-11-21 16:00:00,65.51,,2.47,8.18,15.3,10.11,10.07,1.08,26.18,0.18,1.52,,,0.16,0.24,24.87,67.88,0.68,80.64,0.0,0.0,,,,2024-11-21 16:00:00
2024-11-22 00:00:00,67.04,,2.54,8.43,15.76,10.42,9.85,1.25,26.08,0.19,1.52,,,0.16,0.24,22.27,79.09,0.75,57.56,0.0,0.0,,,,2024-11-22 00:00:00
2024-11-22 08:00:00,52.09,,3.5,10.08,17.26,11.62,9.88,1.19,25.98,0.18,1.52,,,0.16,0.24,27.18,56.47,0.65,126.57,0.0,0.0,,,,2024-11-22 08:00:00
2024-11-22 16:00:00,60.71,,4.17,11.23,18.32,12.42,9.9,1.08,25.96,,,,,,,25.29,63.19,0.69,136.79,0.0,0.0,,,,2024-11-22 16:00:00
2024-11-23 00:00:00,69.34,,4.17,11.23,18.32,12.42,10.02,0.99,26.15,,,,,,,22.26,78.09,0.72,67.83,0.0,0.0,,,,2024-11-23 00:00:00
2024-11-23 08:00:00,55.17,,4.17,11.23,18.32,12.42,10.02,1.14,25.86,,,,,,,27.02,59.79,0.54,147.0,0.0,0.0,,,,2024-11-23 08:00:00
2024-11-23 16:00:00,64.9,,4.17,11.23,18.32,12.42,10.07,1.22,26.13,,,,,,,24.99,71.04,0.65,109.32,0.0,0.0,,,,2024-11-23 16:00:00
2024-11-24 00:00:00,72.57,,4.17,11.23,18.32,12.42,9.94,0.97,26.19,,,,,,,23.06,80.55,0.73,79.05,0.0,0.0,,,,2024-11-24 00:00:00
2024-11-24 08:00:00,50.22,,4.17,11.23,18.32,12.42,9.87,0.91,26.13,,,,,,,27.38,58.43,0.6,73.27,0.0,0.0,,,,2024-11-24 08:00:00
2024-11-24 16:00:00,58.68,,4.17,11.23,18.32,12.42,9.91,0.9,26.27,,,,,,,25.54,65.45,0.71,61.93,0.0,0.0,,,,2024-11-24 16:00:00
2024-11-25 00:00:00,67.65,,4.17,11.23,18.32,12.42,10.0,0.9,26.38,,,,,,,22.9,78.36,0.76,45.52,0.0,0.0,,,,2024-11-25 00:00:00
2024-11-25 08:00:00,54.02,,3.6,9.44,15.46,10.99,10.01,0.94,26.01,,,,,,,26.55,59.34,0.66,91.64,0.0,0.0,,,,2024-11-25 08:00:00
2024-11-25 16:00:00,57.2,,2.58,6.23,10.32,8.42,10.13,0.97,26.13,,,,,,,25.42,64.59,0.75,60.05,0.0,0.0,,,,2024-11-25 16:00:00
2024-11-26 00:00:00,68.21,,2.58,6.23,10.32,8.42,10.18,0.84,26.11,,,,,,,23.15,74.56,0.8,26.83,0.0,0.0,,,,2024-11-26 00:00:00
2024-11-26 08:00:00,61.32,,2.76,6.92,11.83,8.99,10.21,0.93,24.82,,,,,,,25.31,68.24,0.86,46.28,0.0,0.0,,,,2024-11-26 08:00:00
2024-11-26 16:00:00,63.87,,3.65,10.34,19.37,11.86,10.21,0.96,18.12,,,,,,,23.34,76.78,0.78,91.05,0.0,0.0,,,,2024-11-26 16:00:00
2024-11-27 00:00:00,76.99,,3.65,10.34,19.37,11.86,9.99,0.91,18.23,,,,,,,22.58,78.12,0.83,23.52,0.0,0.0,,,,2024-11-27 00:00:00
2024-11-27 08:00:00,59.37,,3.65,10.34,19.37,11.86,10.09,,18.25,,,,,,,25.2,65.96,0.88,23.27,0.0,0.0,,,,2024-11-27 08:00:00
2024-11-27 16:00:00,49.17,,7.22,22.28,39.73,9.75,9.71,1.13,25.12,,,,,,,24.1,68.88,0.74,78.86,0.0,0.0,,,,2024-11-27 16:00:00
2024-11-28 00:00:00,50.44,,7.54,23.45,41.54,9.56,9.98,1.07,26.31,,,,,,,22.15,71.5,0.66,128.37,0.0,0.0,,,,2024-11-28 00:00:00
2024-11-28 08:00:00,43.98,,7.54,23.45,41.54,9.71,10.34,1.08,26.11,,,,,,,25.95,52.6,0.76,108.53,0.0,0.0,,,,2024-11-28 08:00:00
2024-11-28 16:00:00,44.15,,,,,,10.35,0.66,24.34,1.05,3.68,,,0.78,1.52,24.16,55.08,0.7,116.48,0.0,0.0,,,,2024-11-28 16:00:00
2024-11-29 00:00:00,42.65,,,,,,10.01,1.05,24.28,1.05,3.64,,,0.78,1.53,22.5,66.42,0.62,169.89,0.0,0.0,,,,2024-11-29 00:00:00
2024-11-29 08:00:00,40.08,,,,,,10.44,1.07,24.63,1.05,3.64,,,0.78,1.53,25.87,62.28,0.71,177.11,0.0,0.0,,,,2024-11-29 08:00:00
2024-11-29 16:00:00,39.94,,,,,,10.07,0.96,24.3,,,,,,,24.75,67.45,0.67,248.99,0.0,0.0,,,,2024-11-29 16:00:00
2024-11-30 00:00:00,41.51,,,,,,10.05,0.94,24.36,,,,,,,23.59,77.67,0.66,224.68,0.0,0.0,,,,2024-11-30 00:00:00
2024-11-30 08:00:00,39.13,,,,,,10.1,0.87,24.38,,,,,,,24.12,76.16,0.71,237.24,0.0,0.0,,,,2024-11-30 08:00:00
2024-11-30 16:00:00,34.01,,,,,,10.59,,30.13,,,,,,,24.03,78.69,0.64,281.84,0.0,0.0,,,,2024-11-30 16:00:00
2024-12-01 00:00:00,38.17,,,,,,8.66,1.1,,,,,,,,23.14,86.3,0.72,291.3,0.0,0.0,,,,2024-12-01 00:00:00
2024-12-01 08:00:00,32.74,,,,,,8.58,0.97,,,,,,,,24.23,80.04,0.7,313.81,0.0,0.0,,,,2024-12-01 08:00:00
2024-12-01 16:00:00,31.51,,,,,,8.55,0.93,,,,,,,,23.46,86.99,0.69,295.36,0.0,0.0,,,,2024-12-01 16:00:00
2024-12-02 00:00:00,26.86,,,,,,9.69,1.05,,,,,,,,23.56,86.3,0.67,304.79,0.0,0.0,,,,2024-12-02 00:00:00
2024-12-02 08:00:00,26.89,,,,,,10.15,1.19,,,,,,,,24.23,85.92,0.71,112.33,0.0,0.0,,,,2024-12-02 08:00:00
2024-12-02 16:00:00,26.52,,,,,,10.44,1.5,,,,,,,,24.01,87.02,0.73,73.96,0.0,0.0,,,,2024-12-02 16:00:00
2024-12-03 00:00:00,27.1,,,,,,,0.84,,,,,,,,23.59,87.75,0.57,116.12,0.0,0.0,,,,2024-12-03 00:00:00
2024-12-03 08:00:00,26.15,,,,,,,0.79,,,,,,,,25.52,80.05,0.65,104.06,0.0,0.0,,,,2024-12-03 08:00:00
2024-12-03 16:00:00,20.25,,2.94,19.74,41.89,9.54,9.94,1.43,24.36,1.04,3.56,,,0.77,1.52,24.42,85.79,0.59,95.46,0.0,0.0,,,,2024-12-03 16:00:00
2024-12-04 00:00:00,18.5,,3.25,20.05,42.2,9.85,10.23,1.16,24.34,1.05,3.64,,,0.78,1.53,23.43,81.46,0.69,69.99,0.0,0.0,,,,2024-12-04 00:00:00
2024-12-04 08:00:00,17.11,,3.62,20.26,40.65,10.31,10.6,1.03,24.68,1.05,3.64,,,0.78,1.54,26.69,64.7,0.65,84.91,0.0,0.0,,,,2024-12-04 08:00:00
2024-12-04 16:00:00,45.41,,5.43,21.65,37.32,12.37,10.34,1.11,24.28,,,,,,,25.41,75.15,0.66,90.04,0.0,0.0,,,,2024-12-04 16:00:00
2024-12-05 00:00:00,36.64,,5.74,21.96,37.63,12.68,9.69,1.05,24.34,,,,,,,23.82,82.47,0.72,51.83,0.0,0.0,,,,2024-12-05 00:00:00
2024-12-05 08:00:00,31.05,,4.59,20.63,34.01,11.33,9.78,1.03,24.38,,,,,,,27.36,66.37,0.65,89.33,0.0,0.0,,,,2024-12-05 08:00:00
2024-12-05 16:00:00,44.57,,3.89,16.02,24.2,11.12,9.76,1.01,24.33,,,,,,,25.84,70.77,0.71,93.56,0.0,0.0,,,,2024-12-05 16:00:00
2024-12-06 00:00:00,53.48,,4.44,15.88,24.07,11.85,9.83,0.76,24.3,,,,,,,24.19,78.44,0.65,96.13,0.0,0.0,,,,2024-12-06 00:00:00
2024-12-06 08:00:00,40.47,,4.13,15.57,23.76,11.54,9.7,0.86,24.47,1.19,2.65,,,0.76,1.61,28.04,60.8,0.62,100.33,0.0,0.0,,,,2024-12-06 08:00:00
2024-12-06 16:00:00,59.55,,4.13,15.57,23.76,11.54,9.3,0.86,24.31,1.16,2.61,,,0.76,1.58,25.77,69.1,0.68,97.57,0.0,0.0,,,,2024-12-06 16:00:00
2024-12-07 00:00:00,88.1,,4.45,15.89,24.07,11.85,9.89,0.84,24.46,1.46,2.94,,,1.08,1.89,23.05,85.26,0.57,142.97,0.0,0.0,,,,2024-12-07 00:00:00
2024-12-07 08:00:00,37.22,,4.84,19.5,31.45,10.81,9.96,0.91,24.32,1.02,2.55,,,0.79,1.56,27.78,62.95,0.56,89.84,0.0,0.0,,,,2024-12-07 08:00:00
2024-12-07 16:00:00,55.89,,6.18,26.87,45.87,9.43,9.9,0.91,24.28,0.73,2.45,,,0.88,1.47,25.82,70.58,0.69,116.73,0.0,0.0,,,,2024-12-07 16:00:00
2024-12-08 00:00:00,55.5,,6.5,27.19,46.18,9.74,10.01,0.82,24.43,1.04,2.76,,,1.16,1.76,23.2,83.21,0.68,127.64,0.0,0.0,,,,2024-12-08 00:00:00
2024-12-08 08:00:00,34.76,,4.95,21.76,36.65,8.12,10.11,0.76,24.53,0.72,2.45,,,0.86,1.44,28.08,59.01,0.54,155.26,0.0,0.0,,,,2024-12-08 08:00:00
2024-12-08 16:00:00,45.72,,3.16,14.27,23.15,6.34,10.1,0.75,24.29,0.71,2.46,,,0.86,1.45,25.18,67.68,0.7,142.37,0.0,0.0,,,,2024-12-08 16:00:00
2024-12-09 00:00:00,50.63,,3.47,14.58,23.46,6.65,10.09,0.75,24.31,1.02,2.73,,,1.17,1.76,22.58,81.2,0.62,131.14,0.0,0.0,,,,2024-12-09 00:00:00
2024-12-09 08:00:00,54.49,,4.37,16.01,25.51,7.67,10.08,0.76,24.29,0.75,2.54,,,0.83,1.62,27.62,62.4,0.49,179.65,0.0,0.0,,,,2024-12-09 08:00:00
2024-12-09 16:00:00,84.42,,5.36,17.43,27.44,8.76,10.15,0.96,24.33,0.76,2.61,,,0.83,1.78,25.38,69.65,0.63,109.99,0.0,0.0,,,,2024-12-09 16:00:00
2024-12-10 00:00:00,135.51,,5.67,17.74,27.75,9.07,9.99,0.84,24.3,1.06,2.93,,,1.12,2.1,23.26,80.99,0.71,86.3,0.0,0.0,,,,2024-12-10 00:00:00
2024-12-10 08:00:00,40.35,,3.97,15.84,22.69,10.07,10.03,0.88,24.57,0.77,2.48,,,0.78,1.69,27.36,60.32,0.65,55.15,0.0,0.0,,,,2024-12-10 08:00:00
2024-12-10 16:00:00,77.08,,2.67,14.36,18.54,11.22,10.01,0.83,,0.81,2.2,,,0.74,1.6,26.05,64.0,0.79,46.14,0.0,0.0,,,,2024-12-10 16:00:00
2024-12-11 00:00:00,83.89,,2.98,14.67,18.85,11.53,9.94,0.68,,1.12,2.49,,,1.02,1.91,23.59,74.92,0.81,38.16,0.0,0.0,,,,2024-12-11 00:00:00
2024-12-11 08:00:00,66.13,122.15,7.0,10.95,17.89,14.82,9.41,0.71,25.32,0.6,1.31,,,0.48,0.86,25.67,56.78,0.92,87.91,0.0,0.0,,,,2024-12-11 08:00:00
2024-12-11 16:00:00,86.32,112.01,10.22,6.2,16.42,8.21,4.77,0.77,26.35,0.83,1.19,,,0.97,0.25,24.06,60.63,2.62,215.56,0.0,0.0,,,,2024-12-11 16:00:00
2024-12-12 00:00:00,90.7,98.14,1.27,4.28,3.89,7.45,4.65,0.75,26.35,0.83,1.18,,,0.96,0.28,22.63,69.24,2.65,210.12,0.0,0.0,,,,2024-12-12 00:00:00
2024-12-12 08:00:00,107.79,113.32,,,0.0,2.78,4.61,0.75,26.35,0.71,1.16,,,0.79,0.24,23.34,74.62,2.62,211.4,0.0,0.0,,,,2024-12-12 08:00:00
2024-12-12 16:00:00,68.64,51.23,,,0.0,2.66,4.65,0.92,26.42,0.7,1.15,,,0.69,0.27,22.85,81.06,2.63,218.31,0.0,0.0,,,,2024-12-12 16:00:00
2024-12-13 00:00:00,96.08,108.31,,,,,4.63,0.82,,0.7,1.13,,,0.67,0.25,22.57,78.25,2.47,221.34,0.0,0.0,,,,2024-12-13 00:00:00
2024-12-13 08:00:00,70.77,98.78,4.35,11.89,16.19,12.22,4.67,0.81,15.64,0.69,1.14,,,0.69,0.25,23.82,68.75,2.51,227.63,0.0,0.0,,,,2024-12-13 08:00:00
2024-12-13 16:00:00,67.27,101.96,4.35,11.88,16.19,12.26,4.55,0.82,15.65,0.68,1.16,,,0.68,0.27,23.81,66.86,2.61,226.75,0.0,0.0,,,,2024-12-13 16:00:00
2024-12-14 00:00:00,94.93,120.58,4.37,11.85,16.2,12.27,4.59,0.82,15.67,0.69,1.14,,,0.68,0.28,22.01,76.29,2.49,235.58,0.0,0.0,,,,2024-12-14 00:00:00
2024-12-14 08:00:00,41.24,85.22,4.36,11.85,16.19,12.24,4.57,0.88,15.66,0.69,1.14,,,0.68,0.25,24.94,55.26,2.44,233.43,0.0,0.0,,,,2024-12-14 08:00:00
2024-12-14 16:00:00,68.54,109.62,4.37,11.87,16.17,12.24,4.61,0.88,15.67,0.69,1.15,,,0.66,0.25,23.61,60.58,2.59,257.14,0.0,0.0,,,,2024-12-14 16:00:00
2024-12-15 00:00:00,86.09,119.92,4.34,11.83,16.17,12.25,4.54,0.83,15.63,0.67,1.12,,,0.67,0.26,20.36,75.4,2.78,253.48,0.0,0.0,,,,2024-12-15 00:00:00
2024-12-15 08:00:00,23.26,65.08,4.35,11.83,16.21,12.24,4.53,0.84,15.65,0.68,1.13,,,0.7,0.25,24.43,45.1,2.41,232.21,0.0,0.0,,,,2024-12-15 08:00:00
2024-12-15 16:00:00,57.5,96.37,4.34,11.82,16.19,12.24,4.59,0.78,15.64,0.67,1.12,,,0.68,0.25,23.05,53.33,2.69,242.94,0.0,0.0,,,,2024-12-15 16:00:00
2024-12-16 00:00:00,88.73,127.57,4.32,11.86,16.22,12.23,4.48,0.83,15.61,0.66,1.15,,,0.7,0.25,20.11,74.4,2.51,228.44,0.0,0.0,,,,2024-12-16 00:00:00
2024-12-16 08:00:00,52.23,119.65,4.38,11.84,16.19,12.27,4.47,0.91,15.69,0.7,1.13,,,0.68,0.27,24.8,37.0,2.3,229.99,0.0,0.0,,,,2024-12-16 08:00:00
2024-12-16 16:00:00,77.61,146.17,4.36,11.85,16.19,12.24,4.5,0.92,15.66,0.69,1.14,,,0.68,0.25,23.06,46.01,2.78,238.21,0.0,0.0,,,,2024-12-16 16:00:00
2024-12-17 00:00:00,152.76,181.77,4.35,11.86,16.16,12.26,4.5,0.95,15.65,0.68,1.15,,,0.66,0.26,19.27,80.88,2.9,223.46,0.0,0.0,,,,2024-12-17 00:00:00
2024-12-17 08:00:00,32.27,78.46,4.37,11.83,16.19,12.26,4.57,0.99,15.64,0.69,1.15,,,0.67,0.27,25.42,49.01,2.03,206.2,0.0,0.0,,,,2024-12-17 08:00:00
2024-12-17 16:00:00,56.07,122.82,4.34,11.86,16.19,12.24,4.63,0.99,15.63,0.7,1.16,,,0.69,0.27,24.26,60.92,2.77,229.7,0.0,0.0,,,,2024-12-17 16:00:00
2024-12-18 00:00:00,100.45,136.3,4.32,11.84,16.19,12.25,4.55,0.93,15.67,0.67,1.16,,,0.66,0.27,20.96,81.85,3.05,252.94,0.0,0.0,,,,2024-12-18 00:00:00
2024-12-18 08:00:00,20.91,52.05,4.35,11.87,16.21,12.26,4.54,0.99,15.65,0.66,1.15,,,0.69,0.24,25.45,57.86,2.9,175.7,0.0,0.0,,,,2024-12-18 08:00:00
2024-12-18 16:00:00,30.08,82.56,4.34,11.84,16.22,12.26,4.63,0.9,15.64,0.67,1.13,,,0.7,0.27,24.18,67.17,3.0,175.54,0.0,0.0,,,,2024-12-18 16:00:00
2024-12-19 00:00:00,21.74,43.87,4.34,11.88,16.21,12.24,4.55,0.87,15.63,0.67,1.17,,,0.69,0.26,22.99,70.54,2.7,207.87,0.0,0.0,,,,2024-12-19 00:00:00
2024-12-19 08:00:00,33.83,71.64,4.36,11.87,16.2,12.24,4.49,0.82,15.66,0.68,1.16,,,0.69,0.26,25.58,57.68,2.48,203.22,0.0,0.0,,,,2024-12-19 08:00:00
2024-12-19 16:00:00,41.15,104.74,4.36,11.87,16.19,12.24,4.59,0.87,15.66,0.68,1.15,,,0.68,0.25,25.05,60.44,3.28,160.09,0.0,0.0,,,,2024-12-19 16:00:00
2024-12-20 00:00:00,41.89,62.21,4.34,11.84,16.2,12.25,4.52,0.98,15.63,0.67,1.15,,,0.69,0.24,22.64,76.71,3.54,135.72,0.0,0.0,,,,2024-12-20 00:00:00
2024-12-20 08:00:00,20.07,61.47,4.33,11.87,16.19,12.23,4.5,0.79,15.62,0.66,1.16,,,0.68,0.25,25.96,56.41,3.6,125.49,0.0,0.0,,,,2024-12-20 08:00:00
2024-12-20 16:00:00,61.2,91.37,4.34,11.82,16.19,12.25,4.48,0.8,15.64,0.67,1.12,,,0.68,0.26,24.57,65.77,3.29,198.46,0.0,0.0,,,,2024-12-20 16:00:00
2024-12-21 00:00:00,88.19,105.18,4.34,11.89,16.21,12.24,4.7,0.96,15.64,0.67,1.17,,,0.69,0.25,21.52,88.82,3.11,266.11,0.0,0.0,,,,2024-12-21 00:00:00
2024-12-21 08:00:00,38.44,70.93,4.39,11.84,16.15,12.25,4.53,1.03,15.7,0.7,1.13,,,0.68,0.25,26.81,49.0,3.15,82.19,0.0,0.0,,,,2024-12-21 08:00:00
2024-12-21 16:00:00,67.85,150.22,4.34,11.86,16.18,12.23,4.49,0.94,15.64,0.68,1.15,,,0.66,0.24,24.75,58.66,3.25,239.0,0.0,0.0,,,,2024-12-21 16:00:00
2024-12-22 00:00:00,88.41,108.59,4.36,11.86,16.19,12.26,4.62,,15.65,0.68,1.14,,,0.7,0.27,21.9,87.24,2.98,204.17,0.0,0.0,,,,2024-12-22 00:00:00
2024-12-22 08:00:00,42.37,76.15,4.35,11.85,16.19,12.27,4.69,,15.65,0.68,1.15,,,0.66,0.25,25.94,54.86,2.35,227.56,0.0,0.0,,,,2024-12-22 08:00:00
2024-12-22 16:00:00,68.31,86.91,4.31,11.87,16.2,12.26,4.58,,15.64,0.68,1.13,,,0.68,0.26,24.64,61.14,3.12,265.06,0.0,0.0,,,,2024-12-22 16:00:00
2024-12-23 00:00:00,89.9,123.26,4.35,11.83,16.19,12.26,4.46,,15.65,0.68,1.13,,,0.66,0.27,22.35,78.81,3.02,284.34,0.0,0.0,,,,2024-12-23 00:00:00
2024-12-23 08:00:00,34.43,47.52,4.37,11.85,16.19,12.27,4.63,,15.64,0.67,1.13,,,0.69,0.26,25.58,54.78,2.68,235.35,0.0,0.0,,,,2024-12-23 08:00:00
2024-12-23 16:00:00,71.48,90.44,4.36,11.84,16.19,12.24,4.63,0.81,15.65,0.68,1.13,,,0.68,0.25,23.91,62.83,3.19,275.4,0.0,0.0,,,,2024-12-23 16:00:00
2024-12-24 00:00:00,56.49,75.33,4.33,11.86,16.21,12.26,4.59,0.75,15.63,0.67,1.15,,,0.69,0.26,20.69,81.47,3.3,298.49,0.0,0.0,,,,2024-12-24 00:00:00
2024-12-24 08:00:00,2.65,81.8,4.36,11.86,16.19,12.26,4.53,0.85,15.66,0.68,1.15,,,0.68,0.27,26.41,41.75,2.63,144.4,0.0,0.0,,,,2024-12-24 08:00:00
2024-12-24 16:00:00,,141.31,4.34,11.86,16.2,12.24,4.57,0.9,15.64,0.67,1.15,,,0.69,0.25,24.35,57.22,2.78,203.94,0.0,0.0,,,,2024-12-24 16:00:00
2024-12-25 00:00:00,20.61,63.62,4.35,11.89,16.19,12.24,4.57,0.83,15.65,0.68,1.17,,,0.68,0.25,21.19,86.46,3.26,222.67,0.0,0.0,,,,2024-12-25 00:00:00
2024-12-25 08:00:00,13.64,51.72,4.34,11.84,16.23,12.25,4.54,0.84,15.64,0.68,1.13,,,0.71,0.26,24.67,57.22,3.03,132.08,0.0,0.0,,,,2024-12-25 08:00:00
2024-12-25 16:00:00,,65.22,4.34,11.85,16.18,12.26,4.57,0.86,15.63,0.67,1.14,,,0.67,0.27,24.14,62.62,3.19,164.07,0.0,0.0,,,,2024-12-25 16:00:00
2024-12-26 00:00:00,1.32,17.81,4.35,11.84,16.21,12.23,4.53,0.78,15.65,0.68,1.13,,,0.69,0.25,22.77,74.12,2.64,195.45,0.0,0.0,,,,2024-12-26 00:00:00
2024-12-26 08:00:00,0.84,19.1,4.33,11.86,16.18,12.26,4.6,0.79,15.62,0.66,1.14,,,0.68,0.26,24.32,68.78,2.57,198.55,0.0,0.0,,,,2024-12-26 08:00:00
2024-12-26 16:00:00,0.11,26.73,4.36,11.84,16.2,12.25,4.55,0.79,15.67,0.69,1.14,,,0.69,0.26,23.17,77.86,2.62,236.52,0.0,0.0,,,,2024-12-26 16:00:00
2024-12-27 00:00:00,,21.92,4.35,11.86,16.2,12.26,4.59,0.76,15.65,0.68,1.15,,,0.69,0.27,22.23,77.48,2.38,250.26,0.0,0.0,,,,2024-12-27 00:00:00
2024-12-27 08:00:00,,13.02,4.34,11.86,16.19,12.23,4.55,0.76,15.64,0.68,1.15,,,0.68,0.24,24.18,68.71,2.61,259.21,0.0,0.0,,,,2024-12-27 08:00:00
2024-12-27 16:00:00,,14.28,4.37,11.87,16.19,12.26,4.6,0.77,15.68,0.7,1.15,,,0.68,0.27,22.67,73.48,2.46,242.01,0.0,0.0,,,,2024-12-27 16:00:00
2024-12-28 00:00:00,,32.81,4.35,11.89,16.22,12.23,4.58,0.68,15.65,0.68,1.16,,,0.7,0.25,21.46,76.77,2.37,243.31,0.0,0.0,,,,2024-12-28 00:00:00
2024-12-28 08:00:00,,55.22,4.36,11.82,16.2,12.24,4.73,0.67,15.66,0.69,1.12,,,0.69,0.26,24.77,53.64,2.44,251.5,0.0,0.0,,,,2024-12-28 08:00:00
2024-12-28 16:00:00,,71.73,4.33,11.86,16.19,12.29,4.61,0.79,15.63,0.67,1.15,,,0.68,0.29,23.38,60.12,2.92,261.8,0.0,0.0,,,,2024-12-28 16:00:00
2024-12-29 00:00:00,,55.16,4.33,11.85,16.18,12.26,4.57,0.76,15.62,0.66,1.14,,,0.67,0.27,21.02,77.36,2.43,236.02,0.0,0.0,,,,2024-12-29 00:00:00
2024-12-29 08:00:00,,38.15,4.38,11.84,16.2,12.25,4.54,0.68,15.69,0.7,1.14,,,0.69,0.26,25.59,45.06,2.46,223.72,0.0,0.0,,,,2024-12-29 08:00:00
2024-12-29 16:00:00,,43.68,4.35,11.87,16.19,12.25,4.54,0.76,15.65,0.68,1.15,,,0.68,0.26,24.48,50.82,2.58,229.26,0.0,0.0,,,,2024-12-29 16:00:00
2024-12-30 00:00:00,,46.52,4.38,11.88,16.19,12.27,4.45,0.74,15.69,0.7,1.16,,,0.68,0.28,21.5,72.83,2.66,214.29,0.0,0.0,,,,2024-12-30 00:00:00
2024-12-30 08:00:00,2.24,47.89,4.42,12.24,16.57,12.52,4.51,0.71,15.88,0.68,1.15,,,0.68,0.26,25.17,54.03,2.49,241.18,0.0,0.0,,,,2024-12-30 08:00:00
2024-12-30 16:00:00,1.82,51.29,6.22,23.12,29.24,20.18,4.39,0.76,22.21,0.68,1.14,,,0.67,0.26,23.8,62.14,2.6,244.42,0.0,0.0,,,,2024-12-30 16:00:00
2024-12-31 00:00:00,3.77,36.84,6.21,23.34,29.05,20.21,4.53,0.73,22.15,0.68,1.16,,,0.66,0.26,21.38,58.4,2.56,233.19,0.0,0.0,,,,2024-12-31 00:00:00
2024-12-31 08:00:00,2.09,51.46,5.74,21.97,28.28,19.28,4.52,0.7,22.1,0.67,1.13,,,0.69,0.25,26.42,33.6,2.42,248.82,0.0,0.0,,,,2024-12-31 08:00:00
2024-12-31 16:00:00,0.8,54.51,4.04,18.18,23.02,16.33,4.54,0.7,22.22,0.68,1.14,,,0.67,0.26,24.19,53.47,2.54,257.73,0.0,0.0,,,,2024-12-31 16:00:00
2025-01-01 00:00:00,0.87,96.63,4.03,18.18,23.0,16.37,4.51,0.76,22.18,0.68,1.14,,,0.67,0.26,21.06,73.2,2.5,231.77,0.0,0.0,,,,2025-01-01 00:00:00
2025-01-01 08:00:00,1.4,48.07,4.74,19.53,25.18,19.42,4.61,0.78,22.13,1.08,1.02,,,0.74,0.41,25.46,36.95,2.3,234.82,0.0,0.0,,,,2025-01-01 08:00:00
2025-01-01 16:00:00,0.1,76.99,5.99,22.01,28.97,25.33,4.51,0.69,22.02,1.8,0.8,,,0.86,0.74,23.74,49.59,2.55,253.15,0.0,0.0,,,,2025-01-01 16:00:00
2025-01-02 00:00:00,,106.69,6.05,22.24,28.96,25.34,4.37,0.69,22.25,1.83,0.83,,,0.86,0.74,20.48,71.9,2.41,238.52,0.0,0.0,,,,2025-01-02 00:00:00
2025-01-02 08:00:00,1.37,75.87,6.65,23.62,31.08,26.77,4.48,0.69,22.14,1.81,0.8,,,0.85,0.77,25.25,38.02,2.45,250.55,0.0,0.0,,,,2025-01-02 08:00:00
2025-01-02 16:00:00,1.24,95.13,9.24,30.41,40.1,31.27,4.51,0.71,22.26,1.83,0.83,,,0.87,0.75,23.13,49.79,2.83,284.43,0.0,0.0,,,,2025-01-02 16:00:00
2025-01-03 00:00:00,0.98,109.47,9.23,30.47,40.04,31.25,4.48,0.8,22.24,1.83,0.84,,,0.87,0.75,20.56,73.83,2.59,247.28,0.0,0.0,,,,2025-01-03 00:00:00
2025-01-03 08:00:00,21.74,93.33,8.29,29.64,38.49,29.88,4.52,0.89,22.22,1.94,1.11,,,0.98,0.84,24.97,36.25,1.78,234.07,0.0,0.0,,,,2025-01-03 08:00:00
2025-01-03 16:00:00,40.65,95.51,6.48,28.48,35.3,27.15,4.53,0.8,22.28,2.17,1.67,,,1.2,1.03,23.28,48.61,0.98,273.42,0.0,0.0,,,,2025-01-03 16:00:00
2025-01-04 00:00:00,40.48,107.94,6.46,28.38,35.34,27.37,4.51,0.74,22.19,2.17,1.66,,,1.2,1.03,19.03,75.49,1.14,275.36,0.0,0.0,,,,2025-01-04 00:00:00
2025-01-04 08:00:00,40.16,94.01,6.59,28.7,35.53,27.76,4.61,0.78,22.02,2.16,1.67,,,1.2,1.03,23.83,42.18,0.84,277.45,0.0,0.0,,,,2025-01-04 08:00:00
2025-01-04 16:00:00,33.22,106.66,8.42,30.23,37.36,33.63,4.58,0.8,22.06,2.16,1.65,,,1.2,1.04,22.72,51.23,1.36,295.39,0.0,0.0,,,,2025-01-04 16:00:00
2025-01-05 00:00:00,34.26,129.54,8.42,30.48,37.15,33.37,4.53,0.75,22.05,2.16,1.67,,,1.19,1.04,19.68,76.05,1.09,269.03,0.0,0.0,,,,2025-01-05 00:00:00
2025-01-05 08:00:00,37.95,87.09,8.41,30.59,37.42,33.35,4.58,0.8,22.01,2.16,1.67,,,1.2,1.03,24.45,43.9,0.75,225.56,0.0,0.0,,,,2025-01-05 08:00:00
2025-01-05 16:00:00,33.4,98.02,8.43,30.34,37.41,33.32,4.54,0.73,22.11,2.16,1.66,,,1.2,1.03,23.35,44.99,1.06,279.17,0.0,0.0,,,,2025-01-05 16:00:00
2025-01-06 00:00:00,35.48,130.55,8.45,30.55,37.4,33.35,4.53,0.82,22.15,2.17,1.67,,,1.2,1.03,19.58,79.38,1.32,287.19,0.0,0.0,,,,2025-01-06 00:00:00
2025-01-06 08:00:00,38.72,92.45,7.35,30.67,37.4,36.67,4.52,0.84,22.16,2.29,1.92,,,1.31,0.93,24.87,42.5,0.69,235.04,0.0,0.0,,,,2025-01-06 08:00:00
2025-01-06 16:00:00,41.61,111.48,6.75,31.23,37.77,39.17,4.58,0.74,22.19,2.38,2.14,,,1.4,0.83,22.74,48.52,1.44,309.24,0.0,0.0,,,,2025-01-06 16:00:00
2025-01-07 00:00:00,41.59,101.5,6.73,31.23,37.98,39.04,4.52,0.76,22.12,2.38,2.14,,,1.41,0.83,19.34,82.86,1.33,263.59,0.0,0.0,,,,2025-01-07 00:00:00
2025-01-07 08:00:00,41.55,95.17,6.75,31.27,37.96,39.3,4.5,0.85,22.22,2.38,2.14,,,1.39,0.83,25.22,40.77,0.89,222.95,0.0,0.0,,,,2025-01-07 08:00:00
2025-01-07 16:00:00,41.73,195.79,6.76,31.27,37.85,38.95,4.65,0.99,22.25,2.39,2.14,,,1.4,0.83,23.11,49.59,1.06,264.21,0.0,0.0,,,,2025-01-07 16:00:00
2025-01-08 00:00:00,41.74,121.08,6.76,31.24,37.73,39.38,4.56,0.91,22.25,2.39,2.13,,,1.39,0.84,20.4,78.46,1.2,248.56,0.0,0.0,,,,2025-01-08 00:00:00
2025-01-08 08:00:00,42.76,78.42,8.18,33.62,42.22,42.59,4.61,0.8,22.21,2.25,1.98,,,1.31,0.92,25.96,23.47,0.8,192.21,0.0,0.0,,,,2025-01-08 08:00:00
2025-01-08 16:00:00,43.78,114.56,9.78,36.16,46.33,46.18,4.6,0.79,22.3,2.11,1.8,,,1.19,1.01,23.65,38.01,0.91,267.44,0.0,0.0,,,,2025-01-08 16:00:00
2025-01-09 00:00:00,43.76,138.66,9.77,36.36,46.5,46.16,4.54,0.85,22.27,2.11,1.81,,,1.2,1.01,19.5,72.06,0.81,260.16,0.0,0.0,,,,2025-01-09 00:00:00
2025-01-09 08:00:00,43.71,93.24,9.75,36.11,46.48,45.96,4.51,0.79,22.22,2.11,1.8,,,1.2,1.01,24.06,43.27,1.0,284.51,0.0,0.0,,,,2025-01-09 08:00:00
2025-01-09 16:00:00,43.66,111.14,9.74,36.22,46.39,46.14,4.58,0.77,22.16,2.11,1.8,,,1.19,1.02,23.15,57.01,1.47,301.45,0.0,0.0,,,,2025-01-09 16:00:00
2025-01-10 00:00:00,43.68,134.73,9.74,36.26,46.45,46.4,4.49,0.64,22.17,2.11,1.8,,,1.19,1.02,20.75,73.9,0.94,272.59,0.0,0.0,,,,2025-01-10 00:00:00
2025-01-10 08:00:00,41.68,108.07,8.25,34.26,42.59,43.54,4.35,0.89,22.25,2.22,2.04,,,1.28,1.05,24.23,53.48,0.86,266.95,0.0,0.0,,,,2025-01-10 08:00:00
2025-01-10 16:00:00,38.65,107.04,5.73,31.34,36.65,39.22,4.46,0.71,22.14,2.41,2.41,,,1.4,1.1,23.1,62.59,1.27,290.89,0.0,0.0,,,,2025-01-10 16:00:00
2025-01-11 00:00:00,38.69,79.28,5.75,31.4,36.53,39.03,4.55,0.76,22.19,2.41,2.42,,,1.4,1.09,21.17,77.13,1.06,282.98,0.0,0.0,,,,2025-01-11 00:00:00
2025-01-11 08:00:00,38.65,62.52,5.75,31.39,36.6,39.17,4.52,0.81,22.2,2.41,2.41,,,1.4,1.09,24.17,56.51,0.9,260.83,0.0,0.0,,,,2025-01-11 08:00:00
2025-01-11 16:00:00,38.44,87.84,5.66,31.33,36.56,39.19,4.54,0.72,21.88,2.4,2.41,,,1.4,1.1,22.94,66.26,1.18,283.11,0.0,0.0,,,,2025-01-11 16:00:00
2025-01-12 00:00:00,38.56,94.69,5.7,31.19,36.7,39.23,4.5,0.74,22.03,2.4,2.4,,,1.4,1.1,20.43,79.48,0.88,264.38,0.0,0.0,,,,2025-01-12 00:00:00
2025-01-12 08:00:00,38.63,71.24,5.74,31.27,36.64,39.04,4.57,0.74,22.18,2.41,2.41,,,1.4,1.09,25.95,43.94,0.85,255.79,0.0,0.0,,,,2025-01-12 08:00:00
2025-01-12 16:00:00,38.73,46.85,5.75,31.23,36.48,39.31,4.56,0.72,22.22,2.41,2.4,,,1.4,1.1,24.69,54.89,1.12,287.13,0.0,0.0,,,,2025-01-12 16:00:00
2025-01-13 00:00:00,38.65,53.92,5.75,31.14,36.59,39.04,4.58,0.81,22.22,2.41,2.4,,,1.4,1.09,22.58,73.45,0.98,269.51,0.0,0.0,,,,2025-01-13 00:00:00
2025-01-13 08:00:00,38.71,53.22,5.75,31.05,36.62,39.21,4.55,0.72,22.22,2.41,2.39,,,1.4,1.1,25.25,56.15,0.7,241.97,0.0,0.0,,,,2025-01-13 08:00:00
2025-01-13 16:00:00,38.76,49.68,5.76,31.33,36.58,39.02,4.63,0.82,22.24,2.41,2.41,,,1.4,1.09,23.83,66.76,0.95,272.21,0.0,0.0,,,,2025-01-13 16:00:00
2025-01-14 00:00:00,,19.94,5.74,31.34,36.34,39.3,4.54,0.72,22.16,2.41,2.41,,,1.39,1.1,22.42,75.31,0.89,274.13,0.0,0.0,,,,2025-01-14 00:00:00
2025-01-14 08:00:00,,,5.74,31.21,36.51,39.05,4.57,0.76,22.16,2.41,2.4,,,1.4,1.09,24.89,56.67,0.78,270.82,0.0,0.0,,,,2025-01-14 08:00:00
2025-01-14 16:00:00,,,5.74,31.32,36.56,39.07,4.57,0.79,22.18,2.41,2.41,,,1.4,1.09,23.76,63.06,0.91,272.8,0.0,0.0,,,,2025-01-14 16:00:00
2025-01-15 00:00:00,,25.22,5.79,31.24,36.5,39.24,4.54,0.63,22.36,2.41,2.4,,,1.4,1.1,20.83,71.87,0.83,268.33,0.0,0.0,,,,2025-01-15 00:00:00
2025-01-15 08:00:00,38.78,42.72,5.75,31.25,36.73,39.19,4.51,0.71,22.2,2.41,2.41,,,1.4,1.1,24.31,51.52,0.91,271.49,0.0,0.0,,,,2025-01-15 08:00:00
2025-01-15 16:00:00,38.46,50.67,5.7,31.44,36.46,39.19,4.55,0.79,22.03,2.4,2.42,,,1.39,1.1,23.42,59.88,0.91,266.94,0.0,0.0,,,,2025-01-15 16:00:00
2025-01-16 00:00:00,38.63,40.56,5.75,31.28,36.85,39.14,4.46,0.65,22.19,2.41,2.41,,,1.4,1.09,20.72,71.67,0.87,267.19,0.0,0.0,,,,2025-01-16 00:00:00
2025-01-16 08:00:00,38.65,81.14,5.73,31.47,36.69,39.26,4.6,0.79,22.14,2.41,2.42,,,1.4,1.1,24.92,46.4,0.7,256.79,0.0,0.0,,,,2025-01-16 08:00:00
2025-01-16 16:00:00,38.61,101.33,5.7,31.14,36.63,39.32,4.57,0.73,22.09,2.4,2.41,,,1.39,1.09,23.57,53.23,1.18,282.07,0.0,0.0,,,,2025-01-16 16:00:00
2025-01-17 00:00:00,38.68,104.18,5.74,31.25,36.65,39.22,4.59,0.78,22.19,2.41,2.41,,,1.4,1.09,20.83,71.13,0.96,270.12,0.0,0.0,,,,2025-01-17 00:00:00
2025-01-17 08:00:00,38.67,115.42,5.74,31.34,36.63,39.17,4.54,0.81,22.16,2.41,2.41,,,1.4,1.1,24.33,48.92,0.85,270.53,0.0,0.0,,,,2025-01-17 08:00:00
2025-01-17 16:00:00,38.77,117.21,5.77,31.32,36.66,39.13,4.55,0.77,22.28,2.41,2.41,,,1.4,1.1,22.97,56.03,0.98,270.74,0.0,0.0,,,,2025-01-17 16:00:00
2025-01-18 00:00:00,38.8,127.55,5.78,31.41,36.53,39.15,4.48,0.8,22.33,2.41,2.42,,,1.4,1.1,20.34,70.98,0.88,263.5,0.0,0.0,,,,2025-01-18 00:00:00
2025-01-18 08:00:00,38.62,118.45,5.72,31.24,36.41,38.91,4.5,0.77,22.1,2.41,2.41,,,1.4,1.09,25.21,43.3,0.88,264.57,0.0,0.0,,,,2025-01-18 08:00:00
2025-01-18 16:00:00,38.62,122.88,5.72,31.01,36.48,39.21,4.58,0.77,22.11,2.41,2.39,,,1.39,1.1,24.17,50.01,0.92,265.6,0.0,0.0,,,,2025-01-18 16:00:00
2025-01-19 00:00:00,38.67,116.75,5.74,31.13,36.53,39.24,4.42,0.84,22.17,2.41,2.4,,,1.4,1.1,22.06,69.5,0.61,223.24,0.0,0.0,,,,2025-01-19 00:00:00
2025-01-19 08:00:00,38.56,198.05,5.69,31.36,36.6,39.1,4.54,0.84,21.98,2.4,2.41,,,1.4,1.09,22.58,80.26,0.65,209.39,0.0,0.0,,,,2025-01-19 08:00:00
2025-01-19 16:00:00,38.64,74.59,5.74,31.28,36.71,39.27,4.53,0.85,22.17,2.41,2.41,,,1.4,1.1,22.54,78.57,0.92,245.78,0.0,0.0,,,,2025-01-19 16:00:00
2025-01-20 00:00:00,38.69,75.35,5.75,31.23,36.45,39.41,4.6,0.89,22.19,2.41,2.4,,,1.39,1.1,20.97,87.09,1.1,260.46,0.0,0.0,,,,2025-01-20 00:00:00
2025-01-20 08:00:00,38.69,55.35,5.75,31.13,36.51,39.23,4.61,0.79,22.21,2.41,2.4,,,1.4,1.1,26.08,39.72,0.64,189.42,0.0,0.0,,,,2025-01-20 08:00:00
2025-01-20 16:00:00,38.81,100.01,5.79,31.25,36.48,39.1,4.61,0.87,22.34,2.41,2.41,,,1.4,1.09,24.14,40.64,0.84,246.78,0.0,0.0,,,,2025-01-20 16:00:00
2025-01-21 00:00:00,38.67,137.47,5.74,31.28,36.34,39.16,4.57,0.93,22.16,2.41,2.41,,,1.39,1.09,19.76,79.08,1.12,263.98,0.0,0.0,,,,2025-01-21 00:00:00
2025-01-21 08:00:00,38.81,77.56,5.78,31.43,36.56,39.17,4.57,0.91,22.33,2.41,2.42,,,1.4,1.1,25.57,27.27,0.63,227.69,0.0,0.0,,,,2025-01-21 08:00:00
2025-01-21 16:00:00,38.67,94.0,5.74,31.31,36.27,39.1,4.48,0.88,22.16,2.41,2.41,,,1.39,1.09,23.81,30.16,0.86,254.44,0.0,0.0,,,,2025-01-21 16:00:00
2025-01-22 00:00:00,38.77,78.23,5.77,31.28,36.84,39.28,4.52,0.83,22.29,2.41,2.41,,,1.4,1.1,19.44,57.11,0.88,262.53,0.0,0.0,,,,2025-01-22 00:00:00
2025-01-22 08:00:00,38.62,120.18,5.71,31.41,36.55,38.8,4.29,0.9,22.06,2.4,2.42,,,1.4,1.09,26.58,33.76,0.77,258.68,0.0,0.0,,,,2025-01-22 08:00:00
2025-01-22 16:00:00,38.79,106.31,5.78,31.24,36.4,39.03,4.64,0.89,22.32,2.41,2.4,,,1.39,1.09,24.05,57.14,1.06,274.09,0.0,0.0,,,,2025-01-22 16:00:00
2025-01-23 00:00:00,38.63,129.54,5.73,31.34,36.55,39.17,4.48,0.75,22.12,2.41,2.41,,,1.4,1.1,20.82,80.06,0.98,260.82,0.0,0.0,,,,2025-01-23 00:00:00
2025-01-23 08:00:00,38.62,88.84,5.72,31.33,36.61,39.21,4.51,0.85,22.11,2.4,2.41,,,1.4,1.09,26.28,43.04,0.83,280.4,0.0,0.0,,,,2025-01-23 08:00:00
2025-01-23 16:00:00,38.56,80.24,5.7,31.26,36.72,39.28,4.58,0.7,22.03,2.4,2.41,,,1.4,1.1,24.26,49.72,1.05,281.66,0.0,0.0,,,,2025-01-23 16:00:00
2025-01-24 00:00:00,38.94,70.83,5.83,31.38,36.74,39.1,4.58,0.67,22.49,2.42,2.41,,,1.4,1.09,20.74,74.66,0.94,265.52,0.0,0.0,,,,2025-01-24 00:00:00
2025-01-24 08:00:00,38.72,74.75,5.76,31.08,36.55,39.15,4.61,0.68,22.23,2.41,2.39,,,1.4,1.1,25.36,38.96,0.87,268.66,0.0,0.0,,,,2025-01-24 08:00:00
2025-01-24 16:00:00,38.63,74.15,5.73,31.23,36.4,39.28,4.61,0.68,22.12,2.4,2.4,,,1.39,1.1,23.98,47.02,1.2,281.77,0.0,0.0,,,,2025-01-24 16:00:00
2025-01-25 00:00:00,38.73,78.99,5.76,31.29,36.38,39.16,4.47,0.7,22.24,2.41,2.41,,,1.39,1.09,19.7,79.17,1.12,265.25,0.0,0.0,,,,2025-01-25 00:00:00
2025-01-25 08:00:00,38.64,63.84,5.73,31.26,36.51,39.02,4.58,0.79,22.13,2.41,2.41,,,1.4,1.1,25.9,33.09,0.63,236.17,0.0,0.0,,,,2025-01-25 08:00:00
2025-01-25 16:00:00,38.74,88.92,5.76,31.36,36.4,39.12,4.52,0.82,22.25,2.41,2.41,,,1.39,1.09,24.81,33.8,0.89,256.57,0.0,0.0,,,,2025-01-25 16:00:00
2025-01-26 00:00:00,38.76,78.62,5.77,31.05,36.21,39.18,4.55,0.77,22.27,2.41,2.39,,,1.39,1.09,19.97,77.91,1.3,282.79,0.0,0.0,,,,2025-01-26 00:00:00
2025-01-26 08:00:00,38.53,56.91,5.69,31.32,36.5,39.27,4.57,0.71,21.97,2.4,2.41,,,1.4,1.1,27.4,10.38,0.68,232.14,0.0,0.0,,,,2025-01-26 08:00:00
2025-01-26 16:00:00,38.48,44.23,5.73,31.3,36.65,39.43,4.52,0.78,22.14,2.41,2.41,,,1.4,1.1,24.52,25.72,0.76,266.89,0.0,0.0,,,,2025-01-26 16:00:00
2025-01-27 00:00:00,38.68,54.67,5.74,31.26,36.57,39.15,4.57,0.63,22.17,2.41,2.41,,,1.4,1.09,19.69,74.49,1.41,268.6,0.0,0.0,,,,2025-01-27 00:00:00
2025-01-27 08:00:00,38.66,92.09,5.72,31.34,36.56,38.87,4.46,0.73,22.09,2.4,2.41,,,1.4,1.09,26.23,27.06,0.95,152.62,0.0,0.0,,,,2025-01-27 08:00:00
2025-01-27 16:00:00,38.73,84.24,5.75,31.11,36.54,39.21,4.52,0.74,22.22,2.41,2.39,,,1.4,1.1,24.52,35.47,0.87,261.43,0.0,0.0,,,,2025-01-27 16:00:00
2025-01-28 00:00:00,38.83,127.48,5.79,31.27,36.63,39.14,4.51,0.78,22.35,2.41,2.41,,,1.4,1.1,20.17,70.26,1.08,227.02,0.0,0.0,,,,2025-01-28 00:00:00
2025-01-28 08:00:00,38.73,121.58,5.76,31.3,36.38,39.12,4.55,0.92,22.23,2.41,2.41,,,1.39,1.09,25.98,27.06,0.85,240.94,0.0,0.0,,,,2025-01-28 08:00:00
2025-01-28 16:00:00,38.72,106.29,5.76,31.19,36.58,39.13,4.5,0.79,22.23,2.41,2.4,,,1.4,1.1,24.53,34.5,1.11,274.86,0.0,0.0,,,,2025-01-28 16:00:00
2025-01-29 00:00:00,38.49,146.32,5.68,31.18,36.6,39.17,4.59,0.82,21.95,2.4,2.4,,,1.4,1.1,20.5,71.42,0.86,255.61,0.0,0.0,,,,2025-01-29 00:00:00
2025-01-29 08:00:00,38.57,100.83,5.6,29.8,34.42,39.03,4.54,0.8,22.05,2.4,2.42,,,1.39,1.09,26.51,26.13,0.59,207.26,0.0,0.0,,,,2025-01-29 08:00:00
2025-01-29 16:00:00,38.72,127.38,5.04,13.06,17.7,,4.47,0.69,22.22,2.41,2.41,,,1.4,1.09,25.07,41.74,0.93,258.99,0.0,0.0,,,,2025-01-29 16:00:00
2025-01-30 00:00:00,38.84,137.65,4.99,13.07,18.05,,4.46,0.71,22.36,2.41,2.41,,,1.39,1.09,20.92,76.81,1.01,262.06,0.0,0.0,,,,2025-01-30 00:00:00
2025-01-30 08:00:00,38.7,131.05,5.01,13.07,18.09,,4.55,0.73,22.21,2.41,2.41,,,1.39,1.1,25.99,45.18,1.03,262.68,0.0,0.0,,,,2025-01-30 08:00:00
2025-01-30 16:00:00,38.68,93.81,6.08,13.41,19.49,,4.63,0.71,22.17,2.41,2.4,,,1.4,1.1,25.11,49.65,1.22,271.56,0.0,0.0,,,,2025-01-30 16:00:00
2025-01-31 00:00:00,38.98,85.1,5.51,13.41,18.92,,4.64,0.8,22.54,2.42,2.42,,,1.39,1.09,21.7,81.95,1.25,283.15,0.0,0.0,,,,2025-01-31 00:00:00
2025-01-31 08:00:00,38.6,73.73,5.64,13.53,19.16,,4.62,0.74,22.08,2.4,2.41,,,1.4,1.09,27.7,38.69,0.74,244.1,0.0,0.0,,,,2025-01-31 08:00:00
2025-01-31 16:00:00,38.74,82.01,5.4,13.47,18.88,,4.7,0.71,22.25,2.41,2.41,,,1.4,1.09,25.77,42.96,1.25,269.43,0.0,0.0,,,,2025-01-31 16:00:00
2025-02-01 00:00:00,38.7,61.49,5.11,13.38,18.49,,4.65,0.64,22.21,2.41,2.39,,,1.4,1.1,22.38,77.54,1.23,274.65,0.0,0.0,,,,2025-02-01 00:00:00
2025-02-01 08:00:00,38.81,83.66,5.22,13.5,18.72,,4.62,0.72,22.34,2.41,2.43,,,1.39,1.1,27.84,37.42,1.08,183.17,0.0,0.0,,,,2025-02-01 08:00:00
2025-02-01 16:00:00,38.55,123.25,5.02,13.48,18.5,,4.61,0.78,22.01,2.4,2.4,,,1.4,1.09,25.94,37.26,1.07,250.3,0.0,0.0,,,,2025-02-01 16:00:00
2025-02-02 00:00:00,38.79,63.66,5.43,13.45,18.87,,4.64,0.77,22.32,2.41,2.39,,,1.39,1.09,21.65,72.15,1.32,279.87,0.0,0.0,,,,2025-02-02 00:00:00
2025-02-02 08:00:00,38.54,66.35,5.49,13.55,19.04,,4.71,0.75,22.01,2.4,2.4,,,1.4,1.1,27.77,27.03,1.05,161.51,0.0,0.0,,,,2025-02-02 08:00:00
2025-02-02 16:00:00,38.6,92.91,5.35,13.51,18.86,,4.66,0.73,22.08,2.4,2.4,,,1.39,1.1,25.8,25.77,0.97,272.12,0.0,0.0,,,,2025-02-02 16:00:00
2025-02-03 00:00:00,38.8,63.52,5.39,13.49,18.89,,4.71,0.77,22.32,2.41,2.42,,,1.4,1.1,20.55,70.76,1.27,275.98,0.0,0.0,,,,2025-02-03 00:00:00
2025-02-03 08:00:00,38.64,134.27,5.61,13.56,19.17,,4.66,0.9,22.13,2.41,2.41,,,1.4,1.09,27.91,16.01,0.94,269.18,0.0,0.0,,,,2025-02-03 08:00:00
2025-02-03 16:00:00,38.59,86.36,5.43,13.48,18.91,,4.66,0.81,22.06,2.4,2.41,,,1.4,1.1,24.54,23.99,1.43,288.8,0.0,0.0,,,,2025-02-03 16:00:00
2025-02-04 00:00:00,38.8,252.17,5.4,13.53,18.92,,4.71,0.81,22.32,2.41,2.42,,,1.4,1.1,19.77,58.9,1.34,219.23,0.0,0.0,,,,2025-02-04 00:00:00
2025-02-04 08:00:00,38.68,132.42,5.32,13.54,18.86,,4.65,0.93,22.18,2.41,2.4,,,1.4,1.09,27.83,15.23,1.16,258.45,0.0,0.0,,,,2025-02-04 08:00:00
2025-02-04 16:00:00,38.73,114.13,4.02,13.39,17.43,,4.52,0.72,22.26,2.41,2.41,,,1.4,1.09,25.17,26.17,1.31,277.31,0.0,0.0,,,,2025-02-04 16:00:00
2025-02-05 00:00:00,38.54,199.81,5.71,13.46,19.17,,4.58,0.94,22.01,2.4,2.41,,,1.39,1.09,20.11,61.48,1.08,249.84,0.0,0.0,,,,2025-02-05 00:00:00
2025-02-05 08:00:00,38.57,149.75,5.57,13.6,19.18,,4.57,0.94,22.38,2.41,2.4,,,1.4,1.1,27.99,22.16,1.06,291.15,0.0,0.0,,,,2025-02-05 08:00:00
2025-02-05 16:00:00,33.62,96.38,,,,,4.56,0.76,22.1,2.4,2.39,,,1.39,1.1,25.44,29.87,1.15,295.52,0.0,0.0,,,,2025-02-05 16:00:00
2025-02-06 00:00:00,33.72,87.51,,,,,4.53,0.73,22.22,2.41,2.4,,,1.4,1.1,21.39,53.64,1.05,272.65,0.0,0.0,,,,2025-02-06 00:00:00
2025-02-06 08:00:00,33.61,114.76,,,,,4.63,0.78,22.09,2.4,2.41,,,1.4,1.1,27.46,14.17,0.96,270.57,0.0,0.0,,,,2025-02-06 08:00:00
2025-02-06 16:00:00,33.67,78.04,,,,,4.62,0.68,22.17,2.41,2.41,,,1.4,1.09,25.04,32.8,1.22,285.63,0.0,0.0,,,,2025-02-06 16:00:00
2025-02-07 00:00:00,33.66,87.69,,,,,4.59,0.76,22.16,2.41,2.39,,,1.4,1.09,20.65,62.0,1.2,267.6,0.0,0.0,,,,2025-02-07 00:00:00
2025-02-07 08:00:00,33.73,133.67,,,,,4.63,0.83,22.25,2.41,2.41,,,1.4,1.09,27.66,14.12,1.0,286.98,0.0,0.0,,,,2025-02-07 08:00:00
2025-02-07 16:00:00,33.78,74.28,,,,,4.67,0.72,22.11,2.41,2.4,,,1.4,1.09,25.27,22.03,1.16,284.05,0.0,0.0,,,,2025-02-07 16:00:00
2025-02-08 00:00:00,33.64,109.13,,,,,4.58,0.76,22.35,2.41,2.41,,,1.4,1.1,20.5,67.15,1.37,268.03,0.0,0.0,,,,2025-02-08 00:00:00
2025-02-08 08:00:00,33.64,116.42,,,,,4.63,0.83,22.17,2.41,2.41,,,1.4,1.1,27.46,22.78,0.95,286.2,0.0,0.0,,,,2025-02-08 08:00:00
2025-02-08 16:00:00,33.56,127.6,,,,,4.59,0.72,22.24,2.4,2.4,,,1.39,1.09,25.24,33.56,1.23,289.4,0.0,0.0,,,,2025-02-08 16:00:00
2025-02-09 00:00:00,33.8,192.52,,,,,4.54,0.73,22.15,2.41,2.39,,,1.4,1.09,21.17,66.61,1.09,281.06,0.0,0.0,,,,2025-02-09 00:00:00
2025-02-09 08:00:00,33.76,120.95,,,,,4.62,0.82,22.14,2.41,2.4,,,1.4,1.09,27.45,26.71,0.64,258.53,0.0,0.0,,,,2025-02-09 08:00:00
2025-02-09 16:00:00,33.65,108.67,,,,,4.5,0.83,22.2,2.41,2.41,,,1.4,1.09,25.19,37.29,1.06,284.98,0.0,0.0,,,,2025-02-09 16:00:00
2025-02-10 00:00:00,33.77,182.64,,,,,4.51,0.78,22.24,2.41,2.42,,,1.4,1.1,21.35,75.77,1.34,259.29,0.0,0.0,,,,2025-02-10 00:00:00
2025-02-10 08:00:00,33.56,129.42,,,,,4.54,0.68,22.56,2.36,2.44,,,1.37,1.08,26.19,36.37,0.86,287.04,0.0,0.0,,,,2025-02-10 08:00:00
2025-02-10 16:00:00,33.66,134.64,,,,,4.51,0.77,25.16,2.11,2.59,,,1.19,0.99,25.23,35.28,0.99,283.59,0.0,0.0,,,,2025-02-10 16:00:00
2025-02-11 00:00:00,33.66,167.82,,,,,4.6,0.74,25.15,2.11,2.6,,,1.2,1.0,21.12,72.29,1.24,252.88,0.0,0.0,,,,2025-02-11 00:00:00
2025-02-11 08:00:00,33.74,98.5,4.08,13.64,17.68,,4.56,0.73,25.27,2.11,2.6,,,1.2,1.0,27.39,19.14,1.08,209.71,0.0,0.0,,,,2025-02-11 08:00:00
2025-02-11 16:00:00,33.67,99.47,4.34,14.08,18.41,,4.55,0.77,25.17,2.11,2.6,,,1.2,0.99,25.75,19.39,1.06,278.27,0.0,0.0,,,,2025-02-11 16:00:00
2025-02-12 00:00:00,33.77,121.75,5.12,14.09,19.2,,4.59,0.79,25.29,2.11,2.62,,,1.19,0.99,20.53,56.47,1.27,255.53,0.0,0.0,,,,2025-02-12 00:00:00
2025-02-12 08:00:00,33.71,163.59,5.31,14.16,19.47,,4.64,0.86,25.25,2.11,2.62,,,1.19,1.0,28.9,10.63,0.59,235.19,0.0,0.0,,,,2025-02-12 08:00:00
2025-02-12 16:00:00,33.57,81.7,,,,,4.6,0.76,25.04,2.1,2.6,,,1.2,1.0,25.92,14.02,1.16,292.11,0.0,0.0,,,,2025-02-12 16:00:00
2025-02-13 00:00:00,33.68,132.45,,,,,4.66,0.88,25.18,2.11,2.61,,,1.2,1.0,20.08,55.96,1.26,266.32,0.0,0.0,,,,2025-02-13 00:00:00
2025-02-13 08:00:00,33.74,127.63,,,,,4.62,0.87,25.25,2.11,2.6,,,1.2,1.0,29.02,13.23,0.57,243.46,0.0,0.0,,,,2025-02-13 08:00:00
2025-02-13 16:00:00,33.69,146.55,,,,,4.55,0.84,25.19,2.11,2.6,,,1.2,0.99,26.63,18.76,1.0,287.8,0.0,0.0,,,,2025-02-13 16:00:00
2025-02-14 00:00:00,33.56,102.49,,,,,4.55,0.76,25.04,2.11,2.61,,,1.19,0.99,20.98,45.75,1.31,271.84,0.0,0.0,,,,2025-02-14 00:00:00
2025-02-14 08:00:00,33.69,150.62,,,,,4.56,0.9,25.19,2.11,2.6,,,1.2,0.99,29.14,13.86,0.97,158.81,0.0,0.0,,,,2025-02-14 08:00:00
2025-02-14 16:00:00,33.69,110.76,,,,,4.57,0.85,25.19,2.11,2.6,,,1.19,0.99,26.54,62.55,1.23,286.36,0.0,0.0,,,,2025-02-14 16:00:00
2025-02-15 00:00:00,33.76,79.93,,,,,4.6,0.78,25.31,2.11,2.62,,,1.2,0.99,21.11,90.02,1.26,266.97,0.0,0.0,,,,2025-02-15 00:00:00
2025-02-15 08:00:00,33.76,132.61,,,,,4.6,0.77,25.28,2.11,2.6,,,1.2,0.99,27.9,68.3,1.33,129.51,0.0,0.0,,,,2025-02-15 08:00:00
2025-02-15 16:00:00,33.79,165.92,,,,,4.58,0.84,25.31,2.11,2.59,,,1.2,0.99,26.62,69.5,0.94,214.9,0.0,0.0,,,,2025-02-15 16:00:00
2025-02-16 00:00:00,33.64,93.75,,,,,4.63,0.83,25.13,2.11,2.61,,,1.2,0.99,21.52,90.7,1.12,241.33,0.0,0.0,,,,2025-02-16 00:00:00
2025-02-16 08:00:00,33.69,132.12,,,,,4.68,0.86,25.19,2.11,2.61,,,1.2,0.99,28.3,66.32,1.0,181.61,0.0,0.0,,,,2025-02-16 08:00:00
2025-02-16 16:00:00,33.75,96.85,,,,,4.59,0.76,25.27,2.11,2.61,,,1.2,0.99,26.67,69.21,0.95,282.01,0.0,0.0,,,,2025-02-16 16:00:00
2025-02-17 00:00:00,33.75,76.19,,,,,4.5,0.75,25.26,2.11,2.6,,,1.19,1.0,21.85,95.05,1.44,247.37,0.0,0.0,,,,2025-02-17 00:00:00
2025-02-17 08:00:00,33.66,107.79,,,,,4.57,0.78,25.16,2.25,2.46,,,1.34,0.94,27.99,64.72,0.95,207.35,0.0,0.0,,,,2025-02-17 08:00:00
2025-02-17 16:00:00,33.76,116.66,,,,,4.53,0.73,25.27,2.41,2.31,,,1.49,0.87,26.47,76.9,1.0,280.12,0.0,0.0,,,,2025-02-17 16:00:00
2025-02-18 00:00:00,33.58,103.69,,,,,4.54,0.73,25.05,2.41,2.31,,,1.49,0.87,21.27,98.8,1.34,236.66,0.0,0.0,,,,2025-02-18 00:00:00
2025-02-18 08:00:00,33.69,109.53,,,,,4.58,0.86,25.21,2.41,2.3,,,1.49,0.87,28.22,63.78,0.93,185.09,0.0,0.0,,,,2025-02-18 08:00:00
2025-02-18 16:00:00,33.62,138.02,,,,,4.58,0.81,25.11,2.41,2.32,,,1.48,0.87,26.31,74.86,1.22,290.47,0.0,0.0,,,,2025-02-18 16:00:00
2025-02-19 00:00:00,33.67,95.15,,,,,4.53,0.85,25.16,2.41,2.31,,,1.48,0.87,21.21,98.0,1.3,268.95,0.0,0.0,,,,2025-02-19 00:00:00
2025-02-19 08:00:00,33.66,156.19,,,,,4.66,0.83,25.16,2.41,2.3,,,1.49,0.87,29.0,62.23,1.02,204.4,0.0,0.0,,,,2025-02-19 08:00:00
2025-02-19 16:00:00,33.65,140.83,,,,,4.54,0.71,25.24,2.41,2.3,,,1.49,0.87,26.93,69.89,1.08,273.71,0.0,0.0,,,,2025-02-19 16:00:00
2025-02-20 00:00:00,33.8,107.7,,,,,4.57,0.81,25.32,2.41,2.3,,,1.49,0.87,22.32,95.41,1.42,277.79,0.0,0.0,,,,2025-02-20 00:00:00
2025-02-20 08:00:00,33.82,144.96,4.12,13.85,10.63,,4.59,0.76,25.39,2.42,2.31,,,1.49,0.87,28.9,68.2,0.83,213.18,0.0,0.0,,,,2025-02-20 08:00:00
2025-02-20 16:00:00,33.7,157.15,4.26,13.91,10.17,,4.52,0.71,25.2,2.41,2.3,,,1.49,0.87,27.2,69.85,1.14,298.63,0.0,0.0,,,,2025-02-20 16:00:00
2025-02-21 00:00:00,33.61,111.77,,,,,4.57,0.76,25.09,2.41,2.31,,,1.49,0.87,21.81,94.9,1.48,232.15,0.0,0.0,,,,2025-02-21 00:00:00
2025-02-21 08:00:00,33.8,158.38,0.93,13.0,13.92,,4.6,0.81,25.33,2.41,2.32,,,1.49,0.87,28.98,67.05,0.85,263.02,0.0,0.0,,,,2025-02-21 08:00:00
2025-02-21 16:00:00,33.83,174.44,0.59,12.98,13.57,,4.53,0.85,25.36,2.41,2.29,,,1.48,0.87,27.06,74.31,0.93,287.28,0.0,0.0,,,,2025-02-21 16:00:00
2025-02-22 00:00:00,33.71,74.0,5.06,13.03,18.09,,4.57,0.77,25.17,2.41,2.31,,,1.49,0.87,22.63,97.25,1.48,272.92,0.0,0.0,,,,2025-02-22 00:00:00
2025-02-22 08:00:00,33.59,131.77,5.06,13.05,18.11,,4.55,0.86,25.07,2.41,2.31,,,1.49,0.87,28.29,66.9,1.25,153.44,0.0,0.0,,,,2025-02-22 08:00:00
2025-02-22 16:00:00,33.77,166.69,5.37,13.18,18.56,,4.62,0.76,25.29,2.41,2.3,,,1.49,0.87,27.27,73.16,1.08,195.59,0.0,0.0,,,,2025-02-22 16:00:00
2025-02-23 00:00:00,33.76,85.88,5.27,13.28,18.55,,4.59,0.8,25.2,2.41,2.31,,,1.49,0.87,22.3,98.1,1.47,215.75,0.0,0.0,,,,2025-02-23 00:00:00
2025-02-23 08:00:00,33.67,206.35,5.24,13.38,18.62,,4.56,0.8,25.17,2.41,2.32,,,1.49,0.87,28.76,64.12,1.13,107.32,0.0,0.0,,,,2025-02-23 08:00:00
2025-02-23 16:00:00,33.65,97.16,5.02,13.32,18.34,,4.53,0.76,25.14,2.41,2.3,,,1.49,0.87,26.86,65.62,1.02,229.32,0.0,0.0,,,,2025-02-23 16:00:00
2025-02-24 00:00:00,33.76,69.67,5.15,13.33,18.48,,4.51,0.73,25.25,2.41,2.3,,,1.49,0.87,22.76,95.06,1.02,261.01,0.0,0.0,,,,2025-02-24 00:00:00
2025-02-24 08:00:00,33.62,137.84,5.19,13.35,18.55,,4.57,0.77,25.1,2.41,2.31,,,1.48,0.87,28.53,59.33,0.51,185.92,0.0,0.0,,,,2025-02-24 08:00:00
2025-02-24 16:00:00,33.69,113.19,5.23,13.32,18.54,,4.63,0.67,25.19,2.41,2.31,,,1.48,0.87,26.22,69.91,0.99,304.09,0.0,0.0,,,,2025-02-24 16:00:00
2025-02-25 00:00:00,33.6,51.84,5.4,13.32,18.71,,4.56,0.6,25.1,2.41,2.3,,,1.48,0.87,22.26,95.86,1.21,299.27,0.0,0.0,,,,2025-02-25 00:00:00
2025-02-25 08:00:00,33.63,134.37,5.49,13.37,18.86,,4.52,0.75,25.11,2.41,2.3,,,1.49,0.87,27.95,66.08,0.84,266.81,0.0,0.0,,,,2025-02-25 08:00:00
2025-02-25 16:00:00,33.76,150.12,5.49,13.34,18.83,,4.51,0.73,25.27,2.41,2.31,,,1.49,0.87,26.12,75.84,0.87,290.66,0.0,0.0,,,,2025-02-25 16:00:00
2025-02-26 00:00:00,33.82,45.74,5.03,13.31,18.34,,4.51,0.76,25.33,2.41,2.3,,,1.49,0.87,22.62,84.96,0.81,261.67,0.0,0.0,,,,2025-02-26 00:00:00
2025-02-26 08:00:00,33.65,116.63,5.02,13.37,18.4,,4.56,0.72,25.14,2.41,2.29,,,1.49,0.87,28.28,65.67,0.7,241.3,0.0,0.0,,,,2025-02-26 08:00:00
2025-02-26 16:00:00,33.69,106.74,5.11,13.33,18.44,,4.59,0.73,25.19,2.41,2.31,,,1.49,0.87,26.23,79.12,0.95,294.0,0.0,0.0,,,,2025-02-26 16:00:00
2025-02-27 00:00:00,33.57,50.67,5.11,13.37,18.48,,4.62,0.68,25.05,2.41,2.29,,,1.49,0.87,22.21,94.42,0.8,281.54,0.0,0.0,,,,2025-02-27 00:00:00
2025-02-27 08:00:00,33.52,125.81,5.18,13.51,18.7,,4.6,0.68,24.98,2.4,2.31,,,1.49,0.87,28.19,64.03,0.76,242.67,0.0,0.0,,,,2025-02-27 08:00:00
2025-02-27 16:00:00,33.75,101.81,,,,,4.51,0.65,25.26,2.41,2.29,,,1.49,0.87,26.26,76.01,0.98,291.59,0.0,0.0,,,,2025-02-27 16:00:00
2025-02-28 00:00:00,33.93,52.7,,,,,4.52,0.7,25.2,2.41,2.32,,,1.48,0.87,22.2,95.71,1.22,290.68,0.0,0.0,,,,2025-02-28 00:00:00
2025-02-28 08:00:00,33.76,113.24,,,,,4.57,0.69,25.27,2.41,2.31,,,1.49,0.86,28.92,65.01,0.67,177.89,0.0,0.0,,,,2025-02-28 08:00:00
2025-02-28 16:00:00,33.64,108.59,,,,,4.59,0.78,25.13,2.41,2.3,,,1.48,0.87,26.46,77.82,1.0,272.63,0.0,0.0,,,,2025-02-28 16:00:00
2025-03-01 00:00:00,33.76,48.97,,,,,4.43,0.67,25.22,2.41,2.32,,,1.49,0.87,22.51,,0.83,266.53,0.0,0.0,,,,2025-03-01 00:00:00
2025-03-01 08:00:00,33.61,45.4,,,,,4.63,0.7,25.09,2.41,2.31,,,1.49,0.87,27.87,83.1,0.95,293.51,0.0,0.0,,,,2025-03-01 08:00:00
2025-03-01 16:00:00,33.69,166.76,,,,,4.51,0.76,25.15,2.41,2.29,,,1.48,0.87,26.72,86.17,0.99,273.08,0.0,0.0,,,,2025-03-01 16:00:00
2025-03-02 00:00:00,33.89,41.72,,,,,4.53,0.75,25.22,2.41,2.3,,,1.49,0.87,23.38,,1.02,286.28,0.0,0.0,,,,2025-03-02 00:00:00
2025-03-02 08:00:00,33.85,55.56,,,,,4.57,0.69,25.32,2.41,2.32,,,1.49,0.87,28.48,74.82,0.9,177.52,0.0,0.0,,,,2025-03-02 08:00:00
2025-03-02 16:00:00,33.68,60.05,,,,,4.59,0.8,25.18,2.41,2.32,,,1.49,0.87,27.16,78.77,1.14,243.53,0.0,0.0,,,,2025-03-02 16:00:00
2025-03-03 00:00:00,33.62,50.76,,,,,4.6,0.7,25.35,2.41,2.29,,,1.49,0.87,23.89,98.74,1.23,283.91,0.0,0.0,,,,2025-03-03 00:00:00
2025-03-03 08:00:00,33.62,86.02,,,,,4.52,0.68,26.24,2.29,2.43,,,1.37,0.95,29.15,69.4,1.46,128.76,0.0,0.0,,,,2025-03-03 08:00:00
2025-03-03 16:00:00,33.57,188.64,,,,,4.63,0.88,28.04,2.11,2.62,,,1.19,1.07,27.5,68.54,1.6,221.43,0.0,0.0,,,,2025-03-03 16:00:00
2025-03-04 00:00:00,33.74,96.04,,,,,4.59,0.87,28.25,2.11,2.63,,,1.19,1.07,22.93,97.82,1.35,262.7,0.0,0.0,,,,2025-03-04 00:00:00
2025-03-04 08:00:00,33.54,235.2,,,,,4.63,0.91,28.0,2.1,2.63,,,1.19,1.07,29.86,59.84,0.7,193.02,0.0,0.0,,,,2025-03-04 08:00:00
2025-03-04 16:00:00,33.65,159.67,,,,,4.54,0.82,28.13,2.11,2.63,,,1.19,1.07,27.55,68.05,1.02,264.84,0.0,0.0,,,,2025-03-04 16:00:00
2025-03-05 00:00:00,33.56,94.95,,,,,4.55,0.91,28.05,2.1,2.64,,,1.19,1.07,23.22,93.12,1.43,269.37,0.0,0.0,,,,2025-03-05 00:00:00
2025-03-05 08:00:00,33.66,132.92,,,,,4.54,0.87,28.15,2.11,2.65,,,1.18,1.07,30.13,60.25,0.91,212.6,0.0,0.0,,,,2025-03-05 08:00:00
2025-03-05 16:00:00,33.78,194.06,,,,,4.62,0.81,28.3,2.11,2.62,,,1.18,1.07,27.93,64.99,1.26,263.46,0.0,0.0,,,,2025-03-05 16:00:00
2025-03-06 00:00:00,33.68,123.99,,,,,4.66,0.96,28.19,2.11,2.64,,,1.19,1.07,23.01,92.77,1.22,239.28,0.0,0.0,,,,2025-03-06 00:00:00
2025-03-06 08:00:00,33.73,145.68,3.03,16.82,19.1,7.16,4.66,0.82,28.21,2.11,2.63,,,1.19,1.07,29.03,70.27,1.17,107.35,0.0,0.0,,,,2025-03-06 08:00:00
2025-03-06 16:00:00,33.86,262.44,3.03,16.99,18.87,6.91,4.53,0.9,28.39,2.12,2.63,,,1.18,1.07,27.03,70.17,1.3,194.42,0.0,0.0,,,,2025-03-06 16:00:00
2025-03-07 00:00:00,33.59,276.02,2.99,17.08,18.98,7.06,4.63,1.03,28.07,2.11,2.65,,,1.19,1.07,22.82,94.29,1.42,253.64,0.0,0.0,,,,2025-03-07 00:00:00
2025-03-07 08:00:00,33.68,164.46,3.0,17.03,18.97,7.2,4.52,0.97,28.24,2.11,2.64,,,1.19,1.07,29.72,61.52,1.23,178.4,0.0,0.0,,,,2025-03-07 08:00:00
2025-03-07 16:00:00,33.68,,2.99,17.0,19.04,7.11,4.65,0.85,28.18,2.11,2.63,,,1.19,1.07,27.65,57.05,1.81,207.19,0.0,0.0,,,,2025-03-07 16:00:00
2025-03-08 00:00:00,33.61,,2.98,16.96,18.87,6.99,4.58,0.92,28.09,2.11,2.63,,,1.18,1.07,22.76,87.2,1.35,204.3,0.0,0.0,,,,2025-03-08 00:00:00
2025-03-08 08:00:00,33.75,151.49,3.01,17.0,19.1,6.9,4.58,0.87,28.23,2.11,2.63,,,1.19,1.07,28.88,67.09,1.39,96.52,0.0,0.0,,,,2025-03-08 08:00:00
2025-03-08 16:00:00,33.62,,3.0,16.98,19.06,7.01,4.63,0.93,28.19,2.1,2.64,,,1.19,1.07,27.25,66.13,1.04,257.13,0.0,0.0,,,,2025-03-08 16:00:00
2025-03-09 00:00:00,33.6,,2.99,16.96,18.96,7.02,4.65,0.88,28.21,2.12,2.62,,,1.19,1.07,22.78,88.58,1.44,163.76,0.0,0.0,,,,2025-03-09 00:00:00
2025-03-09 08:00:00,33.58,145.25,3.01,16.93,19.13,6.95,4.63,0.87,28.07,2.11,2.63,,,1.19,1.07,30.07,59.27,0.81,198.41,0.0,0.0,,,,2025-03-09 08:00:00
2025-03-09 16:00:00,33.78,,3.0,17.05,18.93,6.97,4.57,0.84,28.14,2.11,2.62,,,1.19,1.07,27.34,71.17,0.99,289.52,0.0,0.0,,,,2025-03-09 16:00:00
2025-03-10 00:00:00,33.66,,3.01,17.02,18.98,7.03,4.6,0.75,28.26,2.11,2.63,,,1.19,1.07,22.23,97.47,1.27,294.43,0.0,0.0,,,,2025-03-10 00:00:00
2025-03-10 08:00:00,33.81,,3.01,17.11,18.92,7.08,4.53,0.73,28.09,2.1,2.63,,,1.19,1.07,27.77,73.53,0.67,251.4,0.0,0.0,,,,2025-03-10 08:00:00
2025-03-10 16:00:00,33.85,90.19,3.01,17.02,19.02,7.12,4.54,0.66,28.31,2.39,2.24,,,1.55,0.98,26.66,74.59,0.92,290.95,0.0,0.0,,,,2025-03-10 16:00:00
2025-03-11 00:00:00,33.85,35.59,3.02,17.08,18.92,6.98,,0.63,28.36,2.42,2.21,,,1.58,0.97,22.47,99.02,1.06,283.2,0.0,0.0,,,,2025-03-11 00:00:00
2025-03-11 08:00:00,33.76,90.26,3.0,16.88,19.01,7.05,4.6,0.68,28.2,2.41,2.19,,,1.59,0.97,28.09,77.81,0.7,237.08,0.0,0.0,,,,2025-03-11 08:00:00
2025-03-11 16:00:00,33.65,77.27,3.0,16.99,19.09,6.97,4.57,0.63,28.19,2.41,2.2,,,1.59,0.97,25.66,84.99,1.11,293.99,0.0,0.0,,,,2025-03-11 16:00:00
2025-03-12 00:00:00,33.77,,3.01,17.07,19.08,7.1,4.51,0.7,28.29,2.41,2.21,,,1.59,0.97,23.38,,1.14,282.37,0.0,0.0,,,,2025-03-12 00:00:00
2025-03-12 08:00:00,33.63,39.82,3.0,16.95,19.06,7.01,4.62,0.7,28.16,2.41,2.2,,,1.59,0.97,28.84,81.77,0.7,236.44,0.0,0.0,,,,2025-03-12 08:00:00
2025-03-12 16:00:00,33.72,46.71,3.01,17.01,18.95,7.1,,0.62,28.23,2.41,2.2,,,1.59,0.97,25.53,86.86,1.48,279.6,0.0,0.0,,,,2025-03-12 16:00:00
2025-03-13 00:00:00,33.45,82.18,2.98,16.96,18.95,7.2,,0.63,28.02,2.41,2.2,,,1.58,0.97,22.41,,1.59,274.71,0.0,0.0,,,,2025-03-13 00:00:00
2025-03-13 08:00:00,33.67,97.71,2.99,17.0,19.03,6.98,,0.73,28.13,2.41,2.2,,,1.59,0.97,29.91,61.82,1.14,139.05,0.0,0.0,,,,2025-03-13 08:00:00
2025-03-13 16:00:00,33.71,71.06,3.0,16.99,18.89,7.01,,0.7,28.22,2.41,2.2,,,1.58,0.97,28.08,73.26,1.15,278.08,0.0,0.0,,,,2025-03-13 16:00:00
2025-03-14 00:00:00,33.82,49.95,3.02,17.02,18.91,7.16,,0.67,28.35,2.41,2.2,,,1.58,0.97,22.73,,1.49,275.21,0.0,0.0,,,,2025-03-14 00:00:00
2025-03-14 08:00:00,33.75,119.8,3.01,16.92,18.88,6.85,4.62,0.68,28.27,2.41,2.19,,,1.58,0.97,30.55,58.28,1.05,177.8,0.0,0.0,,,,2025-03-14 08:00:00
2025-03-14 16:00:00,33.61,86.39,2.99,16.99,18.93,6.91,4.6,0.74,28.1,2.41,2.2,,,1.59,0.97,28.15,68.85,1.2,291.29,0.0,0.0,,,,2025-03-14 16:00:00
2025-03-15 00:00:00,33.62,102.26,2.99,16.99,18.9,7.26,4.61,0.73,28.11,2.41,2.2,,,1.58,0.97,22.43,92.72,1.46,273.36,0.0,0.0,,,,2025-03-15 00:00:00
2025-03-15 08:00:00,33.7,116.46,3.0,17.09,19.03,6.99,4.67,0.73,28.2,2.41,2.21,,,1.59,0.97,30.25,57.34,1.21,220.57,0.0,0.0,,,,2025-03-15 08:00:00
2025-03-15 16:00:00,33.78,153.59,3.01,16.96,18.88,7.05,4.57,0.7,28.3,2.41,2.2,,,1.58,0.97,27.69,64.76,1.37,301.38,0.0,0.0,,,,2025-03-15 16:00:00
2025-03-16 00:00:00,33.69,65.49,2.98,16.96,18.98,7.15,4.61,0.64,28.0,2.4,2.2,,,1.59,0.97,22.39,93.95,1.47,250.65,0.0,0.0,,,,2025-03-16 00:00:00
2025-03-16 08:00:00,33.64,60.62,3.0,17.08,19.01,6.98,4.6,0.73,28.17,2.41,2.21,,,1.59,0.97,29.52,71.85,1.16,150.63,0.0,0.0,,,,2025-03-16 08:00:00
2025-03-16 16:00:00,33.69,88.82,3.0,16.95,18.97,6.97,4.55,0.68,28.19,2.41,2.2,,,1.59,0.97,27.87,81.38,1.4,283.85,0.0,0.0,,,,2025-03-16 16:00:00
2025-03-17 00:00:00,33.7,91.17,3.0,17.07,19.0,7.17,4.59,0.59,28.21,2.41,2.21,,,1.59,0.97,24.13,,1.68,251.97,0.0,0.0,,,,2025-03-17 00:00:00
2025-03-17 08:00:00,33.6,51.22,2.99,17.11,19.13,6.98,4.59,0.71,28.15,2.41,2.21,,,1.59,0.97,30.15,72.78,1.4,117.66,0.0,0.0,,,,2025-03-17 08:00:00
2025-03-17 16:00:00,33.62,115.68,2.99,16.9,19.06,7.01,4.52,0.64,28.13,2.41,2.19,,,1.59,0.97,27.97,78.6,1.62,264.69,0.0,0.0,,,,2025-03-17 16:00:00
2025-03-18 00:00:00,33.62,48.42,2.99,17.1,19.03,7.19,4.61,0.77,28.1,2.41,2.21,,,1.59,0.97,23.75,98.99,1.57,239.71,0.0,0.0,,,,2025-03-18 00:00:00
2025-03-18 08:00:00,33.63,53.24,2.99,17.15,19.08,7.04,4.6,0.77,28.1,2.41,2.22,,,1.59,0.97,30.35,74.4,1.2,166.4,0.0,0.0,,,,2025-03-18 08:00:00
2025-03-18 16:00:00,33.65,89.0,2.99,16.92,18.96,7.18,,0.67,28.21,2.41,2.19,,,1.58,0.97,28.38,74.61,1.29,282.37,0.0,0.0,,,,2025-03-18 16:00:00
2025-03-19 00:00:00,33.7,62.21,3.0,16.95,18.94,7.2,,0.65,28.02,2.41,2.2,,,1.58,0.97,24.5,97.74,1.56,273.5,0.0,0.0,,,,2025-03-19 00:00:00
2025-03-19 08:00:00,33.61,54.48,2.99,17.0,18.93,6.94,,0.68,28.22,2.41,2.19,,,1.58,0.97,29.36,75.96,1.2,170.04,0.0,0.0,,,,2025-03-19 08:00:00
2025-03-19 16:00:00,33.68,69.21,3.0,16.86,18.99,7.01,,0.62,28.18,2.41,2.18,,,1.59,0.97,27.79,79.57,1.34,282.51,0.0,0.0,,,,2025-03-19 16:00:00
2025-03-20 00:00:00,34.28,45.51,3.0,17.06,19.01,7.17,,0.67,28.23,2.41,2.21,,,1.59,0.97,24.11,96.9,1.38,287.26,0.0,0.0,,,,2025-03-20 00:00:00
2025-03-20 08:00:00,33.77,205.94,3.01,17.05,18.99,7.01,,0.68,28.14,2.41,2.2,,,1.58,0.97,29.96,66.44,0.79,230.96,0.0,0.0,,,,2025-03-20 08:00:00
2025-03-20 16:00:00,33.63,152.11,2.99,17.06,19.12,6.96,,0.62,28.27,2.41,2.2,,,1.58,0.97,27.73,71.28,1.26,276.42,0.0,0.0,,,,2025-03-20 16:00:00
2025-03-21 00:00:00,33.78,57.34,2.99,16.95,18.88,7.17,,0.7,28.33,2.41,2.19,,,1.59,0.97,24.06,92.44,1.53,282.51,0.0,0.0,,,,2025-03-21 00:00:00
2025-03-21 08:00:00,33.57,45.56,2.98,17.06,18.88,6.97,4.26,0.69,26.39,2.41,2.2,,,1.59,0.97,29.35,76.32,1.03,174.93,0.0,0.0,,,,2025-03-21 08:00:00
2025-03-21 16:00:00,33.47,96.77,2.97,17.0,18.98,7.01,4.57,0.71,23.37,2.4,2.2,,,1.59,0.97,27.77,77.37,1.32,285.01,0.0,0.0,,,,2025-03-21 16:00:00
2025-03-22 00:00:00,33.74,55.29,3.0,16.99,18.99,7.05,4.57,0.8,23.52,2.39,2.16,,,1.57,0.96,24.37,96.14,1.52,288.22,0.0,0.0,,,,2025-03-22 00:00:00
2025-03-22 08:00:00,33.76,49.38,3.0,17.08,18.97,6.89,4.64,0.64,23.54,2.41,2.21,,,1.59,0.97,29.14,82.1,1.26,206.47,0.0,0.0,,,,2025-03-22 08:00:00
2025-03-22 16:00:00,33.57,237.26,2.98,17.06,19.01,7.01,4.53,0.73,23.45,2.41,2.21,,,1.59,0.97,23.95,89.31,1.14,264.95,0.0,0.0,,,,2025-03-22 16:00:00
2025-03-23 00:00:00,33.65,43.92,3.02,17.14,18.91,6.98,,0.59,23.61,2.39,2.17,,,1.58,0.97,22.03,,1.55,243.69,0.0,0.0,,,,2025-03-23 00:00:00
2025-03-23 08:00:00,33.65,45.88,2.99,17.07,19.01,6.99,,0.78,23.5,2.41,2.21,,,1.59,0.97,27.91,85.76,0.97,215.74,0.0,0.0,,,,2025-03-23 08:00:00
2025-03-23 16:00:00,33.71,56.91,2.99,17.1,18.87,7.02,,0.73,23.5,2.41,2.21,,,1.58,0.97,26.92,89.96,1.33,263.89,0.0,0.0,,,,2025-03-23 16:00:00
2025-03-24 00:00:00,33.62,51.67,2.99,17.03,19.05,7.06,,0.72,23.49,2.39,2.16,,,1.57,0.96,23.94,99.79,1.63,203.3,0.0,0.0,,,,2025-03-24 00:00:00
2025-03-24 08:00:00,33.73,219.26,3.0,16.85,19.03,6.92,,0.7,23.53,2.41,2.18,,,1.59,0.97,28.95,79.55,0.97,159.61,0.0,0.0,,,,2025-03-24 08:00:00
2025-03-24 16:00:00,33.8,207.54,3.02,17.04,19.0,7.0,,0.72,23.62,2.41,2.2,,,1.59,0.97,27.75,79.47,1.21,252.61,0.0,0.0,,,,2025-03-24 16:00:00
2025-03-25 00:00:00,33.65,,2.99,16.97,18.81,7.12,,0.73,23.5,2.39,2.16,,,1.57,0.96,23.67,99.67,1.64,304.91,0.0,0.0,,,,2025-03-25 00:00:00
2025-03-25 08:00:00,33.67,,3.01,17.08,19.13,7.05,4.68,0.72,23.55,2.41,2.22,,,1.59,0.97,29.5,71.87,1.33,143.88,0.0,0.0,,,,2025-03-25 08:00:00
2025-03-25 16:00:00,33.71,,3.0,16.98,19.03,6.95,,0.79,23.54,2.41,2.2,,,1.59,0.97,27.77,77.49,1.2,285.92,0.0,0.0,,,,2025-03-25 16:00:00
2025-03-26 00:00:00,33.76,,3.01,16.88,18.95,7.23,,0.73,23.59,2.39,2.14,,,1.57,0.96,23.9,96.88,1.43,228.76,0.0,0.0,,,,2025-03-26 00:00:00
2025-03-26 08:00:00,33.82,,3.03,16.9,18.97,6.92,,0.74,23.67,2.42,2.19,,,1.59,0.97,28.86,75.36,1.39,115.77,0.0,0.0,,,,2025-03-26 08:00:00
2025-03-26 16:00:00,33.78,,3.01,16.95,18.96,6.95,,0.79,23.58,2.41,2.19,,,1.58,0.97,27.98,68.2,1.21,272.16,0.0,0.0,,,,2025-03-26 16:00:00
2025-03-27 00:00:00,33.76,,3.01,17.14,19.16,7.09,,0.84,23.59,2.39,2.17,,,1.58,0.96,23.69,85.71,1.56,253.96,0.0,0.0,,,,2025-03-27 00:00:00
2025-03-27 08:00:00,33.77,,3.01,17.01,18.99,7.15,,0.83,23.6,2.41,2.2,,,1.59,0.97,29.43,73.69,2.01,74.45,0.0,0.0,,,,2025-03-27 08:00:00
2025-03-27 16:00:00,33.73,,3.01,17.03,18.91,6.85,,0.99,23.58,2.41,2.21,,,1.58,0.97,27.35,77.52,1.11,246.53,0.0,0.0,,,,2025-03-27 16:00:00
2025-03-28 00:00:00,33.64,,2.99,17.01,19.02,7.07,,0.83,23.5,2.39,2.16,,,1.57,0.95,24.33,90.76,1.28,233.06,0.0,0.0,,,,2025-03-28 00:00:00
2025-03-28 08:00:00,33.81,,3.02,16.99,19.01,7.01,,0.76,23.65,2.42,2.2,,,1.59,0.97,29.52,74.24,1.65,81.04,0.0,0.0,,,,2025-03-28 08:00:00
2025-03-28 16:00:00,33.63,,3.01,17.06,19.01,6.91,,0.82,23.61,2.41,2.21,,,1.59,0.97,28.59,68.77,1.27,261.76,0.0,0.0,,,,2025-03-28 16:00:00
2025-03-29 00:00:00,33.65,,3.01,17.0,19.02,7.02,,0.81,23.61,2.39,2.16,,,1.57,0.96,23.65,90.3,1.21,200.23,0.0,0.0,,,,2025-03-29 00:00:00
2025-03-29 08:00:00,33.67,,3.0,16.92,19.07,6.93,,0.88,23.52,2.41,2.19,,,1.59,0.97,30.53,65.11,1.08,133.72,0.0,0.0,,,,2025-03-29 08:00:00
2025-03-29 16:00:00,33.58,,3.01,17.2,18.96,6.95,,0.73,23.58,2.41,2.23,,,1.59,0.97,28.7,61.33,1.12,241.46,0.0,0.0,,,,2025-03-29 16:00:00
2025-03-30 00:00:00,33.72,,3.02,17.0,19.08,7.06,,0.82,23.64,2.39,2.16,,,1.57,0.96,23.4,84.3,1.05,187.29,0.0,0.0,,,,2025-03-30 00:00:00
2025-03-30 08:00:00,33.8,,3.0,16.97,19.05,7.04,,0.76,23.49,2.41,2.2,,,1.59,0.97,30.35,57.32,1.09,198.11,0.0,0.0,,,,2025-03-30 08:00:00
2025-03-30 16:00:00,33.7,,3.01,16.97,19.0,6.98,,0.74,23.52,2.41,2.2,,,1.59,0.97,27.5,59.08,1.32,264.99,0.0,0.0,,,,2025-03-30 16:00:00
2025-03-31 00:00:00,33.72,,3.0,17.06,19.0,7.08,,0.77,23.49,2.39,2.17,,,1.57,0.96,22.67,80.24,1.21,254.16,0.0,0.0,,,,2025-03-31 00:00:00
2025-03-31 08:00:00,33.66,,3.01,16.93,19.01,6.96,,0.86,23.57,2.41,2.19,,,1.59,0.97,30.18,59.32,0.99,165.46,0.0,0.0,,,,2025-03-31 08:00:00
2025-03-31 16:00:00,33.55,,3.0,16.98,19.05,6.94,,0.79,23.43,2.41,2.2,,,1.59,0.97,28.08,70.35,1.24,278.27,0.0,0.0,,,,2025-03-31 16:00:00
2025-04-01 00:00:00,33.61,,2.99,17.01,19.01,7.08,,0.77,23.52,2.39,2.16,,,1.57,0.96,24.32,96.18,1.55,290.68,0.0,0.0,,,,2025-04-01 00:00:00
2025-04-01 08:00:00,33.6,,3.01,17.02,19.01,6.86,,0.75,23.54,2.41,2.2,,,1.59,0.97,28.37,75.62,1.27,179.63,0.0,0.0,,,,2025-04-01 08:00:00
2025-04-01 16:00:00,33.74,,2.99,16.97,19.05,7.06,,0.68,23.48,2.41,2.2,,,1.59,0.97,27.29,78.83,1.22,271.16,0.0,0.0,,,,2025-04-01 16:00:00
2025-04-02 00:00:00,33.71,,3.02,16.96,19.0,6.99,,0.69,23.55,2.39,2.15,,,1.57,0.96,23.74,,1.37,288.41,0.0,0.0,,,,2025-04-02 00:00:00
2025-04-02 08:00:00,33.62,,3.02,17.05,18.97,7.14,4.58,0.68,23.57,2.41,2.21,,,1.59,0.97,28.46,79.28,1.16,272.86,0.0,0.0,,,,2025-04-02 08:00:00
2025-04-02 16:00:00,33.73,,3.01,16.89,18.99,6.94,4.59,0.65,23.57,2.41,2.19,,,1.59,0.97,27.25,82.68,1.4,288.75,0.0,0.0,,,,2025-04-02 16:00:00
2025-04-03 00:00:00,33.61,,2.99,17.04,19.03,7.04,4.59,0.73,23.47,2.39,2.16,,,1.57,0.96,24.39,97.62,1.51,292.45,0.0,0.0,,,,2025-04-03 00:00:00
2025-04-03 08:00:00,33.66,,2.95,16.78,25.75,10.56,4.44,0.75,23.58,2.28,1.92,,,1.5,1.2,25.65,97.34,1.71,158.76,0.0,0.0,,,,2025-04-03 08:00:00
2025-04-03 16:00:00,33.87,,2.89,16.45,41.47,15.34,4.59,0.74,23.66,2.11,1.55,,,1.34,1.57,24.68,,1.47,260.91,0.0,0.0,,,,2025-04-03 16:00:00
2025-04-04 00:00:00,33.61,,2.8,16.11,39.88,14.89,,0.76,23.58,2.1,1.53,,,1.33,1.55,23.75,,2.07,139.55,0.0,0.0,,,,2025-04-04 00:00:00
2025-04-04 08:00:00,33.59,,2.86,16.37,40.88,15.36,4.6,0.68,21.74,2.06,1.3,,,1.38,1.62,29.31,76.22,1.11,125.21,0.0,0.0,,,,2025-04-04 08:00:00
2025-04-04 16:00:00,33.58,,2.85,16.35,27.96,15.4,4.63,0.62,19.31,2.01,0.94,,,1.45,1.7,26.33,81.95,1.15,260.26,0.0,0.0,,,,2025-04-04 16:00:00
2025-04-05 00:00:00,33.73,,2.86,16.14,23.71,15.08,4.5,0.7,19.48,2.01,0.94,,,1.44,1.69,23.2,,1.44,287.36,0.0,0.0,,,,2025-04-05 00:00:00
2025-04-05 08:00:00,33.74,,2.86,16.44,30.92,15.37,4.54,0.66,20.69,2.01,0.94,,,1.45,1.7,29.16,75.3,0.95,162.96,0.0,0.0,,,,2025-04-05 08:00:00
2025-04-05 16:00:00,33.65,,2.85,16.41,33.51,15.4,,0.74,21.27,2.01,0.94,,,1.44,1.7,27.72,81.44,1.26,178.11,0.0,0.0,,,,2025-04-05 16:00:00
2025-04-06 00:00:00,33.61,,2.87,16.26,34.29,15.09,,0.76,21.22,2.01,0.94,,,1.45,1.69,23.35,,1.68,214.6,0.0,0.0,,,,2025-04-06 00:00:00
2025-04-06 08:00:00,33.68,,2.86,16.35,33.99,15.2,,0.68,21.31,2.01,0.94,,,1.45,1.69,28.98,81.68,1.72,127.97,0.0,0.0,,,,2025-04-06 08:00:00
2025-04-06 16:00:00,33.67,,2.86,16.5,34.02,15.35,,0.64,21.3,2.01,0.94,,,1.45,1.7,28.2,74.67,1.55,195.46,0.0,0.0,,,,2025-04-06 16:00:00
2025-04-07 00:00:00,33.69,,2.88,16.25,33.55,14.95,,0.72,21.33,2.01,0.94,,,1.44,1.68,23.62,,1.82,211.95,0.0,0.0,,,,2025-04-07 00:00:00
2025-04-07 08:00:00,39.05,,2.85,22.54,39.54,9.93,4.53,0.62,21.27,2.06,1.25,,,1.33,1.32,30.18,67.75,1.07,197.17,0.0,0.0,,,,2025-04-07 08:00:00
2025-04-07 16:00:00,42.65,,2.85,26.51,42.33,6.36,4.6,0.73,21.28,2.09,1.44,,,1.25,1.07,28.79,71.81,1.41,281.6,0.0,0.0,,,,2025-04-07 16:00:00
2025-04-08 00:00:00,42.71,,2.85,26.11,42.19,6.29,4.54,0.76,21.36,2.09,1.43,,,1.25,1.07,24.58,98.22,1.55,271.1,0.0,0.0,,,,2025-04-08 00:00:00
2025-04-08 08:00:00,42.86,,2.85,26.58,42.69,6.28,4.7,0.73,21.37,2.09,1.44,,,1.25,1.07,30.69,68.26,0.83,171.97,0.0,0.0,,,,2025-04-08 08:00:00
2025-04-08 16:00:00,42.53,,2.86,26.49,42.71,6.34,4.61,0.83,21.13,2.08,1.44,,,1.26,1.07,28.67,72.68,1.18,285.47,0.0,0.0,,,,2025-04-08 16:00:00
2025-04-09 00:00:00,42.6,,2.88,26.17,42.19,6.24,4.59,0.72,21.22,2.08,1.43,,,1.25,1.07,24.45,95.32,1.45,243.08,0.0,0.0,,,,2025-04-09 00:00:00
2025-04-09 08:00:00,42.74,,2.87,26.47,42.37,6.29,4.53,0.79,21.4,2.09,1.45,,,1.25,1.07,29.73,70.29,1.01,155.04,0.0,0.0,,,,2025-04-09 08:00:00
2025-04-09 16:00:00,42.72,154.44,2.86,26.48,42.43,6.38,4.59,0.7,21.36,2.09,1.44,,,1.25,1.07,28.54,72.65,1.3,259.21,0.0,0.0,,,,2025-04-09 16:00:00
2025-04-10 00:00:00,42.76,113.99,2.89,26.13,41.93,6.26,4.58,0.75,21.42,2.09,1.43,,,1.25,1.06,24.3,94.53,1.55,275.08,0.0,0.0,,,,2025-04-10 00:00:00
2025-04-10 08:00:00,42.8,137.21,2.88,26.44,42.41,6.31,4.73,0.71,21.48,2.09,1.44,,,1.25,1.07,29.13,79.98,1.71,94.59,0.0,0.0,,,,2025-04-10 08:00:00
2025-04-10 16:00:00,42.6,151.11,2.85,26.45,42.55,6.34,4.74,0.68,21.21,2.09,1.44,,,1.25,1.07,27.89,84.26,1.48,111.63,0.0,0.0,,,,2025-04-10 16:00:00
2025-04-11 00:00:00,42.7,121.35,2.88,26.3,42.06,6.31,4.48,0.73,21.34,2.09,1.44,,,1.25,1.07,24.24,99.71,2.05,77.97,0.0,0.0,,,,2025-04-11 00:00:00
2025-04-11 08:00:00,42.71,128.6,2.86,26.55,42.8,6.32,4.44,0.71,21.36,2.09,1.44,,,1.25,1.07,29.1,80.47,2.19,63.14,0.0,0.0,,,,2025-04-11 08:00:00
2025-04-11 16:00:00,42.66,145.61,2.86,26.48,42.3,6.36,,0.71,21.3,2.09,1.44,,,1.25,1.07,25.45,69.4,1.63,192.79,0.0,0.0,,,,2025-04-11 16:00:00
2025-04-12 00:00:00,42.73,81.17,2.89,26.23,41.85,6.22,,0.67,21.38,2.09,1.43,,,1.24,1.06,22.55,,1.66,200.9,0.0,0.0,,,,2025-04-12 00:00:00
2025-04-12 08:00:00,42.69,108.44,2.86,26.58,42.6,6.35,,0.71,21.33,2.09,1.44,,,1.25,1.07,28.92,78.33,2.17,82.88,0.0,0.0,,,,2025-04-12 08:00:00
2025-04-12 16:00:00,42.57,182.92,2.84,26.58,42.59,6.37,,,21.17,2.08,1.44,,,1.25,1.07,26.28,86.74,1.84,177.62,0.0,0.0,,,,2025-04-12 16:00:00
2025-04-13 00:00:00,42.71,73.97,2.88,26.25,42.55,6.2,,,21.32,2.09,1.43,,,1.25,1.06,23.55,98.07,1.52,214.9,0.0,0.0,,,,2025-04-13 00:00:00
2025-04-13 08:00:00,42.79,148.34,2.88,26.5,42.87,6.33,,,21.46,2.09,1.44,,,1.25,1.07,30.04,70.64,1.29,135.81,0.0,0.0,,,,2025-04-13 08:00:00
2025-04-13 16:00:00,42.58,116.95,2.84,26.55,42.18,6.29,,,21.19,2.09,1.44,,,1.24,1.07,27.42,77.66,1.8,187.67,0.0,0.0,,,,2025-04-13 16:00:00
2025-04-14 00:00:00,42.73,84.56,2.88,26.2,42.2,6.25,,,21.38,2.09,1.43,,,1.25,1.06,24.3,95.2,1.61,222.64,0.0,0.0,,,,2025-04-14 00:00:00
2025-04-14 08:00:00,42.72,156.25,2.87,26.5,42.84,6.22,,,21.37,2.09,1.44,,,1.25,1.06,29.32,82.49,1.39,144.38,0.0,0.0,,,,2025-04-14 08:00:00
2025-04-14 16:00:00,42.58,140.98,2.84,26.58,42.86,6.31,,,21.19,2.09,1.44,,,1.25,1.07,25.22,92.39,2.06,175.91,0.0,0.0,,,,2025-04-14 16:00:00
2025-04-15 00:00:00,42.79,109.51,2.89,26.1,42.12,6.29,,,21.46,2.09,1.43,,,1.25,1.07,23.26,97.45,1.57,235.85,0.0,0.0,,,,2025-04-15 00:00:00
2025-04-15 08:00:00,42.78,183.56,2.88,26.54,42.82,6.3,4.7,,21.45,2.09,1.44,,,1.25,1.07,29.37,74.4,1.6,97.69,0.0,0.0,,,,2025-04-15 08:00:00
2025-04-15 16:00:00,70.4,164.5,2.86,26.62,42.77,6.36,4.73,0.84,21.34,2.09,1.45,,,1.25,1.07,27.85,78.28,1.6,223.06,0.0,0.0,,,,2025-04-15 16:00:00
2025-04-16 00:00:00,72.45,107.81,2.87,26.02,41.89,6.23,4.63,0.73,21.23,2.08,1.42,,,1.24,1.06,23.26,,1.26,266.95,0.0,0.0,,,,2025-04-16 00:00:00
2025-04-16 08:00:00,72.36,113.27,2.84,26.57,42.58,6.32,4.72,0.63,21.2,2.09,1.44,,,1.25,1.07,29.2,81.12,1.82,91.39,0.0,0.0,,,,2025-04-16 08:00:00
2025-04-16 16:00:00,72.83,129.7,2.86,26.54,42.61,6.25,4.82,0.82,21.34,2.09,1.44,,,1.25,1.07,24.23,86.37,1.24,255.38,0.0,0.0,,,,2025-04-16 16:00:00
2025-04-17 00:00:00,72.83,96.58,2.88,26.15,41.8,6.32,,0.73,21.39,2.09,1.43,,,1.24,1.07,22.66,,1.55,196.58,0.0,0.0,,,,2025-04-17 00:00:00
2025-04-17 08:00:00,72.87,88.62,2.88,26.54,42.61,6.31,,0.66,21.49,2.09,1.44,,,1.25,1.07,28.76,81.99,1.44,155.41,0.0,0.0,,,,2025-04-17 08:00:00
2025-04-17 16:00:00,73.1,138.39,2.88,26.59,42.8,6.34,,0.8,21.48,2.09,1.44,,,1.25,1.07,27.34,86.5,1.52,193.99,0.0,0.0,,,,2025-04-17 16:00:00
2025-04-18 00:00:00,72.5,111.28,2.87,26.08,42.26,6.28,,0.86,21.25,2.08,1.42,,,1.25,1.07,24.21,,1.4,305.99,0.0,0.0,,,,2025-04-18 00:00:00
2025-04-18 08:00:00,72.68,109.8,4.0,19.07,42.49,7.45,,0.79,21.32,2.09,1.43,,,1.25,1.07,28.33,89.0,1.64,85.38,0.0,0.0,,,,2025-04-18 08:00:00
2025-04-18 16:00:00,72.38,157.2,4.83,13.54,43.04,8.33,,0.85,21.2,2.09,1.44,,,1.26,1.07,25.51,92.74,1.81,201.34,0.0,0.0,,,,2025-04-18 16:00:00
2025-04-19 00:00:00,73.26,121.43,4.88,13.43,41.93,8.24,,0.78,21.54,2.09,1.43,,,1.24,1.07,23.9,,1.46,270.18,0.0,0.0,,,,2025-04-19 00:00:00
2025-04-19 08:00:00,72.64,88.38,4.86,13.52,42.55,8.33,4.78,0.71,21.34,2.09,1.44,,,1.25,1.07,29.09,83.41,2.15,90.67,0.0,0.0,,,,2025-04-19 08:00:00
2025-04-19 16:00:00,72.7,149.6,4.86,13.48,42.46,8.33,4.74,0.75,21.33,2.09,1.44,,,1.25,1.07,26.71,92.13,1.7,234.96,0.0,0.0,,,,2025-04-19 16:00:00
2025-04-20 00:00:00,72.41,105.97,4.81,13.49,41.73,8.22,4.74,0.74,21.21,2.08,1.44,,,1.24,1.06,24.13,,1.46,293.8,0.0,0.0,,,,2025-04-20 00:00:00
2025-04-20 08:00:00,72.89,115.41,4.88,13.49,42.27,8.36,4.94,0.7,21.4,2.09,1.44,,,1.25,1.07,29.02,85.65,1.54,162.92,0.0,0.0,,,,2025-04-20 08:00:00
2025-04-20 16:00:00,72.76,114.24,4.87,13.55,42.94,8.32,,0.9,21.35,2.09,1.44,,,1.26,1.07,24.68,,1.64,156.46,0.0,0.0,,,,2025-04-20 16:00:00
2025-04-21 00:00:00,72.23,87.71,4.84,13.4,41.68,8.2,,0.8,21.39,2.08,1.43,,,1.24,1.06,23.1,,1.96,188.28,0.0,0.0,,,,2025-04-21 00:00:00
2025-04-21 08:00:00,73.11,173.74,4.88,13.46,42.83,8.31,,0.81,21.41,2.09,1.44,,,1.25,1.07,29.74,77.78,1.18,158.41,0.0,0.0,,,,2025-04-21 08:00:00
2025-04-21 16:00:00,73.01,223.58,4.89,13.55,43.0,8.36,,0.74,21.45,2.09,1.44,,,1.26,1.07,28.27,82.02,1.09,261.9,0.0,0.0,,,,2025-04-21 16:00:00
2025-04-22 00:00:00,72.68,180.11,4.83,13.39,41.73,8.23,,0.87,21.32,2.08,1.43,,,1.24,1.07,23.68,97.19,1.3,255.89,0.0,0.0,,,,2025-04-22 00:00:00
2025-04-22 08:00:00,73.0,170.96,4.89,13.53,42.26,8.33,,0.74,21.44,2.09,1.44,,,1.25,1.07,30.13,72.18,1.25,156.14,0.0,0.0,,,,2025-04-22 08:00:00
2025-04-22 16:00:00,72.45,290.27,4.84,13.54,42.47,8.33,,0.77,21.23,2.09,1.44,,,1.25,1.07,28.87,75.0,1.23,290.1,0.0,0.0,,,,2025-04-22 16:00:00
2025-04-23 00:00:00,72.47,137.62,4.82,13.44,41.67,8.23,,0.73,21.24,2.08,1.43,,,1.24,1.06,25.31,93.16,1.36,248.54,0.0,0.0,,,,2025-04-23 00:00:00
2025-04-23 08:00:00,72.74,157.7,4.86,13.56,42.3,8.29,,0.69,21.34,2.09,1.44,,,1.25,1.06,29.87,76.42,1.25,147.01,0.0,0.0,,,,2025-04-23 08:00:00
2025-04-23 16:00:00,72.47,259.8,4.83,13.57,42.22,8.32,,0.91,21.21,2.09,1.44,,,1.24,1.07,28.79,74.86,1.27,245.2,0.0,0.0,,,,2025-04-23 16:00:00
2025-04-24 00:00:00,73.06,134.99,4.87,13.47,41.78,8.2,,0.85,21.47,2.09,1.44,,,1.24,1.06,24.64,99.74,1.44,285.5,0.0,0.0,,,,2025-04-24 00:00:00
2025-04-24 08:00:00,72.44,178.57,4.84,13.51,42.5,8.32,,0.76,21.23,2.09,1.44,,,1.25,1.07,30.26,76.19,1.4,109.62,0.0,0.0,,,,2025-04-24 08:00:00
2025-04-24 16:00:00,72.55,241.76,4.85,13.49,42.3,8.35,,0.96,21.27,2.09,1.44,,,1.24,1.07,29.15,72.55,1.39,233.22,0.0,0.0,,,,2025-04-24 16:00:00
2025-04-25 00:00:00,72.64,128.74,4.83,13.46,41.87,8.25,,0.86,21.3,2.08,1.43,,,1.24,1.07,25.31,91.31,1.33,257.72,0.0,0.0,,,,2025-04-25 00:00:00
2025-04-25 08:00:00,72.63,148.58,4.85,13.5,42.35,8.6,4.65,0.85,21.31,2.09,1.44,,,1.24,1.07,30.64,71.33,1.19,214.95,0.0,0.0,,,,2025-04-25 08:00:00
2025-04-25 16:00:00,72.78,243.93,4.87,13.5,42.43,16.26,,0.9,21.36,2.09,1.44,,,1.25,1.07,28.71,81.23,1.23,250.35,0.0,0.0,,,,2025-04-25 16:00:00
2025-04-26 00:00:00,72.62,127.83,4.84,13.46,42.45,16.05,,0.72,21.3,2.08,1.44,,,1.25,1.06,25.18,89.38,1.36,287.42,0.0,0.0,,,,2025-04-26 00:00:00
2025-04-26 08:00:00,72.69,142.16,4.87,13.5,42.55,16.41,,0.73,21.35,2.09,1.44,,,1.25,1.07,30.1,79.55,1.01,207.18,0.0,0.0,,,,2025-04-26 08:00:00
2025-04-26 16:00:00,73.22,182.34,4.91,13.54,42.88,16.23,,0.88,21.53,2.1,1.44,,,1.25,1.07,28.59,79.62,1.31,277.37,0.0,0.0,,,,2025-04-26 16:00:00
2025-04-27 00:00:00,72.85,125.85,4.87,13.55,42.42,15.98,,0.68,21.39,2.09,1.44,,,1.25,1.06,25.04,94.34,1.51,300.95,0.0,0.0,,,,2025-04-27 00:00:00
2025-04-27 08:00:00,72.22,125.56,4.88,13.49,42.6,16.43,,0.72,21.4,2.09,1.44,,,1.25,1.07,29.84,79.55,1.46,115.9,0.0,0.0,,,,2025-04-27 08:00:00
2025-04-27 16:00:00,72.41,123.11,4.89,13.52,42.87,16.47,,,21.45,2.09,1.44,,,1.25,1.07,28.77,75.01,1.5,241.44,0.0,0.0,,,,2025-04-27 16:00:00
2025-04-28 00:00:00,72.98,98.6,4.82,13.47,42.44,15.91,,0.74,21.17,2.08,1.44,,,1.25,1.06,24.04,,1.78,182.61,0.0,0.0,,,,2025-04-28 00:00:00
2025-04-28 08:00:00,73.19,117.24,4.85,13.54,42.48,16.42,,0.74,21.26,2.09,1.44,,,1.25,1.07,29.29,83.18,1.14,131.44,0.0,0.0,,,,2025-04-28 08:00:00
2025-04-28 16:00:00,72.77,228.23,4.86,13.51,42.43,16.33,,0.79,21.34,2.09,1.44,,,1.25,1.07,26.72,90.7,1.87,186.96,0.0,0.0,,,,2025-04-28 16:00:00
2025-04-29 00:00:00,72.88,110.05,4.86,13.5,42.18,16.03,,0.8,21.4,2.09,1.44,,,1.24,1.06,24.97,93.68,1.47,293.88,0.0,0.0,,,,2025-04-29 00:00:00
2025-04-29 08:00:00,73.16,110.5,4.9,13.47,43.1,16.38,4.25,0.77,21.51,2.1,1.44,,,1.26,1.08,27.69,89.71,1.3,111.69,0.0,0.0,,,,2025-04-29 08:00:00
2025-04-29 16:00:00,72.51,159.14,4.82,13.56,42.28,16.3,4.98,0.91,21.12,2.09,1.44,,,1.24,1.07,27.52,93.87,1.62,182.1,0.0,0.0,,,,2025-04-29 16:00:00
2025-04-30 00:00:00,72.6,88.97,4.87,13.47,42.31,16.07,5.57,0.83,21.4,2.09,1.44,,,1.24,1.07,24.97,92.49,1.64,250.71,0.0,0.0,,,,2025-04-30 00:00:00
2025-04-30 08:00:00,70.75,117.35,4.87,13.45,42.47,16.4,5.6,0.78,21.36,2.09,1.44,,,1.25,1.07,28.76,86.52,1.87,122.05,0.0,0.0,,,,2025-04-30 08:00:00
2025-04-30 16:00:00,,,,,,,,,,,,,,,,,,,,,0.0,,,,2025-04-30 16:00:00
2025-05-01 00:00:00,,,,,,,,,,,,,,,,,,,,,0.0,,,,2025-05-01 00:00:00
2025-05-01 08:00:00,,,,,,,,,,,,,,,,,,,,,0.0,,,,2025-05-01 08:00:00
2025-05-01 16:00:00,,,,,,,,,,,,,,,,,,,,,0.0,,,,2025-05-01 16:00:00
2025-05-02 00:00:00,,,,,,,,,,,,,,,,,,,,,0.0,,,,2025-05-02 00:00:00
2025-05-02 08:00:00,,,,,,,,,,,,,,,,,,,,,0.0,,,,2025-05-02 08:00:00
2025-05-02 16:00:00,,,,,,,,,,,,,,,,,,,,,0.0,,,,2025-05-02 16:00:00
2025-05-03 00:00:00,,,,,,,,,,,,,,,,,,,,,0.0,,,,2025-05-03 00:00:00
2025-05-03 08:00:00,54.48,,4.82,13.49,43.05,16.35,4.47,0.58,21.14,1.22,1.64,,,1.26,1.07,30.34,79.99,1.94,56.77,0.0,0.0,,,,2025-05-03 08:00:00
2025-05-03 16:00:00,54.48,103.0,4.84,13.55,43.07,16.4,4.49,0.66,21.24,1.22,1.64,,,1.26,1.07,27.07,88.06,1.44,215.55,0.0,0.0,,,,2025-05-03 16:00:00
2025-05-04 00:00:00,54.57,89.21,4.84,13.46,42.26,16.13,4.55,0.65,21.28,1.22,1.64,,,1.25,1.07,23.75,,1.59,249.45,0.0,0.0,,,,2025-05-04 00:00:00
2025-05-04 08:00:00,54.37,80.68,4.83,13.5,42.43,16.2,4.64,0.73,21.2,1.22,1.64,,,1.25,1.07,29.07,83.99,2.41,76.51,0.0,0.0,,,,2025-05-04 08:00:00
2025-05-04 16:00:00,54.79,145.25,4.86,13.53,42.88,16.17,4.56,0.77,21.35,1.22,1.64,,,1.25,1.06,27.27,86.33,1.85,195.76,0.0,0.0,,,,2025-05-04 16:00:00
2025-05-05 00:00:00,54.88,70.7,4.88,13.43,42.59,16.01,4.63,0.78,21.44,1.22,1.63,,,1.25,1.06,23.88,98.23,1.4,257.9,0.0,0.0,,,,2025-05-05 00:00:00
2025-05-05 08:00:00,54.85,104.29,4.87,13.53,43.2,16.33,4.63,0.76,21.37,1.22,1.64,,,1.26,1.07,28.95,87.46,1.48,146.15,0.0,0.0,,,,2025-05-05 08:00:00
2025-05-05 16:00:00,55.0,116.82,4.89,13.47,42.61,16.35,4.45,0.7,21.44,1.22,1.64,,,1.25,1.07,27.61,92.6,1.42,258.53,0.0,0.0,,,,2025-05-05 16:00:00
2025-05-06 00:00:00,54.51,84.18,4.79,13.36,42.37,16.1,4.67,0.7,21.28,1.22,1.63,,,1.25,1.06,23.99,98.49,1.74,237.8,0.0,0.0,,,,2025-05-06 00:00:00
2025-05-06 08:00:00,54.81,88.44,4.87,13.62,42.86,16.19,4.58,0.69,21.37,1.22,1.65,,,1.25,1.07,29.65,75.27,2.3,74.2,0.0,0.0,,,,2025-05-06 08:00:00
2025-05-06 16:00:00,54.78,275.11,4.87,13.51,43.03,16.33,4.65,0.82,21.36,1.22,1.64,,,1.25,1.07,27.86,80.13,1.55,161.15,0.0,0.0,,,,2025-05-06 16:00:00
2025-05-07 00:00:00,54.53,84.94,4.79,13.43,42.61,16.23,4.55,0.82,21.26,1.22,1.64,,,1.25,1.06,24.65,93.97,1.64,175.25,0.0,0.0,,,,2025-05-07 00:00:00
2025-05-07 08:00:00,54.54,96.73,4.85,13.58,42.33,16.2,4.57,0.7,21.27,1.22,1.64,,,1.25,1.07,29.54,78.64,2.36,78.4,0.0,0.0,,,,2025-05-07 08:00:00
2025-05-07 16:00:00,55.17,139.61,4.9,13.48,42.58,16.37,4.57,0.77,21.51,1.23,1.64,,,1.25,1.07,28.0,83.25,2.0,190.74,0.0,0.0,,,,2025-05-07 16:00:00
2025-05-08 00:00:00,54.81,74.47,4.81,13.53,42.4,16.24,4.54,0.77,21.26,1.22,1.64,,,1.25,1.06,24.11,98.26,1.59,170.47,0.0,0.0,,,,2025-05-08 00:00:00
2025-05-08 08:00:00,54.62,79.36,4.85,13.51,42.83,16.32,4.6,0.7,21.3,1.22,1.64,,,1.25,1.07,28.92,80.6,2.3,74.74,0.0,0.0,,,,2025-05-08 08:00:00
2025-05-08 16:00:00,54.69,94.32,4.86,13.47,42.3,16.26,4.59,0.69,21.33,1.22,1.64,,,1.25,1.07,27.98,81.93,1.8,189.97,0.0,0.0,,,,2025-05-08 16:00:00
2025-05-09 00:00:00,54.49,78.33,4.81,13.45,42.27,16.33,4.58,0.69,21.26,1.21,1.63,,,1.24,1.07,24.0,97.38,1.75,267.54,0.0,0.0,,,,2025-05-09 00:00:00
2025-05-09 08:00:00,54.64,124.01,4.86,13.58,42.64,16.48,4.6,0.69,21.43,1.22,1.65,,,1.25,1.07,29.56,75.22,2.07,67.14,0.0,0.0,,,,2025-05-09 08:00:00
2025-05-09 16:00:00,54.8,128.95,4.87,13.51,42.9,16.34,4.54,0.67,21.36,1.22,1.64,,,1.25,1.07,28.02,82.68,1.52,229.18,0.0,0.0,,,,2025-05-09 16:00:00
2025-05-10 00:00:00,54.2,77.39,4.83,13.51,42.23,16.24,4.52,0.8,21.33,1.22,1.63,,,1.24,1.06,24.38,97.24,1.47,282.64,0.0,0.0,,,,2025-05-10 00:00:00
2025-05-10 08:00:00,54.46,103.28,4.85,13.57,42.68,16.19,4.54,0.7,21.33,1.22,1.64,,,1.25,1.07,29.14,79.43,1.99,76.51,0.0,0.0,,,,2025-05-10 08:00:00
2025-05-10 16:00:00,55.06,132.5,4.86,13.58,42.81,16.33,4.61,0.69,21.35,1.22,1.65,,,1.25,1.07,27.98,86.29,1.72,236.35,0.0,0.0,,,,2025-05-10 16:00:00
2025-05-11 00:00:00,54.7,82.91,4.83,13.46,42.21,16.29,4.57,0.69,21.32,1.22,1.63,,,1.24,1.07,24.63,92.75,2.03,86.86,0.0,0.0,,,,2025-05-11 00:00:00
2025-05-11 08:00:00,54.81,66.39,4.83,13.55,42.41,16.4,4.54,0.66,21.25,1.22,1.64,,,1.25,1.07,29.22,79.58,1.81,76.2,0.0,0.0,,,,2025-05-11 08:00:00
2025-05-11 16:00:00,54.72,89.71,4.91,13.44,42.59,16.31,4.55,0.77,21.46,1.23,1.63,,,1.25,1.07,27.46,90.75,1.7,96.97,0.0,0.0,,,,2025-05-11 16:00:00
2025-05-12 00:00:00,54.22,74.52,4.82,13.47,42.65,16.24,4.56,0.68,21.35,1.22,1.63,,,1.25,1.06,24.47,,2.05,49.23,0.0,0.0,,,,2025-05-12 00:00:00
2025-05-12 08:00:00,54.97,79.13,4.87,13.51,42.87,16.28,4.59,0.59,21.4,1.22,1.64,,,1.25,1.07,29.46,80.74,2.12,68.09,0.0,0.0,,,,2025-05-12 08:00:00
2025-05-12 16:00:00,54.44,110.85,4.87,13.55,42.54,16.29,4.57,0.67,21.32,1.22,1.64,,,1.25,1.07,26.74,80.21,1.45,178.03,0.0,0.0,,,,2025-05-12 16:00:00
2025-05-13 00:00:00,,53.81,4.81,13.48,42.29,16.2,4.44,0.64,21.13,1.22,1.63,,,1.25,1.06,22.96,,1.75,188.78,0.0,0.0,,,,2025-05-13 00:00:00
2025-05-13 08:00:00,54.33,,4.87,13.45,42.24,16.49,4.39,0.63,21.32,1.22,1.64,,,1.25,1.07,28.52,88.52,2.0,100.58,0.0,0.0,,,,2025-05-13 08:00:00
2025-05-13 16:00:00,53.96,58.4,4.85,13.49,42.34,16.41,4.53,0.61,21.12,1.22,1.64,,,1.25,1.07,25.13,99.29,1.9,117.9,0.0,0.0,,,,2025-05-13 16:00:00
2025-05-14 00:00:00,54.83,71.0,4.83,13.49,42.12,16.47,4.53,0.69,21.34,1.22,1.63,,,1.24,1.07,22.42,,1.71,193.58,0.0,0.0,,,,2025-05-14 00:00:00
2025-05-14 08:00:00,54.75,64.49,4.87,13.57,43.03,16.11,4.38,0.72,21.35,0.79,1.64,,,0.77,0.74,28.8,87.49,2.18,72.97,0.0,0.0,,,,2025-05-14 08:00:00
2025-05-14 16:00:00,54.38,122.71,4.84,13.5,42.87,16.14,4.56,0.76,21.24,0.57,1.64,,,0.52,0.58,26.29,88.66,1.54,204.87,0.0,0.0,,,,2025-05-14 16:00:00
2025-05-15 00:00:00,55.08,116.05,4.81,13.47,42.39,16.2,4.54,0.69,21.31,0.57,1.63,,,0.52,0.59,22.65,,1.69,170.29,0.0,0.0,,,,2025-05-15 00:00:00
2025-05-15 08:00:00,54.08,,4.87,13.5,42.77,16.36,4.66,0.62,21.37,0.57,1.64,,,0.52,0.59,28.06,89.88,2.06,63.27,0.0,0.0,,,,2025-05-15 08:00:00
2025-05-15 16:00:00,54.18,68.41,4.83,13.58,42.83,16.32,4.57,0.67,21.21,0.57,1.64,,,0.52,0.59,26.9,92.76,1.55,184.13,0.0,0.0,,,,2025-05-15 16:00:00
2025-05-16 00:00:00,55.07,71.12,4.85,13.49,42.52,16.23,4.57,0.78,21.39,0.57,1.63,,,0.52,0.59,24.28,,1.75,162.59,0.0,0.0,,,,2025-05-16 00:00:00
2025-05-16 08:00:00,54.19,68.52,4.84,13.46,42.57,16.27,4.54,0.7,21.23,0.57,1.63,,,0.52,0.59,28.51,88.98,2.43,75.24,0.0,0.0,,,,2025-05-16 08:00:00
2025-05-16 16:00:00,54.7,69.08,4.86,13.5,43.03,16.36,4.51,0.64,21.32,0.57,1.64,,,0.53,0.59,26.31,96.12,2.33,61.8,0.0,0.0,,,,2025-05-16 16:00:00
2025-05-17 00:00:00,55.43,59.66,4.81,13.34,41.95,16.09,4.57,0.67,21.45,0.57,1.63,,,0.51,0.58,23.7,,1.57,205.94,0.0,0.0,,,,2025-05-17 00:00:00
2025-05-17 08:00:00,53.94,56.58,4.86,13.56,42.92,16.33,4.55,0.65,21.32,0.57,1.64,,,0.52,0.59,27.79,93.21,2.67,81.38,0.0,0.0,,,,2025-05-17 08:00:00
2025-05-17 16:00:00,54.51,70.52,4.85,13.47,42.88,16.28,4.6,0.63,21.27,0.57,1.64,,,0.52,0.59,24.25,98.07,1.74,170.71,0.0,0.0,,,,2025-05-17 16:00:00
2025-05-18 00:00:00,54.17,53.99,4.87,13.59,42.25,16.35,4.5,0.61,21.41,0.57,1.63,,,0.51,0.58,23.17,,2.04,104.34,0.0,0.0,,,,2025-05-18 00:00:00
2025-05-18 08:00:00,,,4.84,13.55,42.61,16.5,4.58,0.64,21.24,0.57,1.64,,,0.52,0.59,27.45,90.96,2.83,85.08,0.0,0.0,,,,2025-05-18 08:00:00
2025-05-18 16:00:00,52.36,54.21,4.88,13.49,42.31,16.18,4.53,0.6,21.39,0.57,1.64,,,0.52,0.58,25.19,95.82,2.42,181.78,0.0,0.0,,,,2025-05-18 16:00:00
2025-05-19 00:00:00,,25.2,4.87,13.5,42.37,16.24,4.49,0.67,21.44,0.57,1.62,,,0.51,0.58,22.58,,1.91,195.41,0.0,0.0,,,,2025-05-19 00:00:00
2025-05-19 08:00:00,,,4.85,13.59,42.53,16.34,4.48,0.77,21.28,0.57,1.65,,,0.52,0.59,25.34,,2.35,84.92,0.0,0.0,,,,2025-05-19 08:00:00
2025-05-19 16:00:00,54.14,64.61,4.83,13.54,42.62,16.25,4.54,0.7,21.2,0.57,1.64,,,0.52,0.59,23.64,,1.45,159.68,0.0,0.0,,,,2025-05-19 16:00:00
2025-05-20 00:00:00,54.38,63.85,4.84,13.59,42.45,16.21,4.61,0.72,21.13,0.57,1.64,,,0.52,0.59,23.15,,1.48,159.9,0.0,0.0,,,,2025-05-20 00:00:00
2025-05-20 08:00:00,54.98,56.82,4.86,13.55,42.6,16.23,4.45,0.7,21.33,0.57,1.64,,,0.52,0.59,24.6,,1.82,127.51,0.0,0.0,,,,2025-05-20 08:00:00
2025-05-20 16:00:00,12.83,97.32,4.84,14.54,24.38,16.33,4.53,0.72,21.22,0.57,1.64,,,0.52,0.59,23.48,,1.31,254.54,0.0,0.0,,,,2025-05-20 16:00:00
2025-05-21 00:00:00,10.51,22.21,4.86,14.89,19.11,16.36,4.51,0.81,21.32,0.56,1.63,,,0.52,0.59,22.83,,1.35,198.92,0.0,0.0,,,,2025-05-21 00:00:00
2025-05-21 08:00:00,7.68,33.54,4.86,14.89,19.11,16.34,4.53,0.67,21.3,0.57,1.64,,,0.52,0.59,25.67,98.76,1.87,49.19,0.0,0.0,,,,2025-05-21 08:00:00
2025-05-21 16:00:00,22.52,66.76,4.87,14.91,19.11,16.35,4.52,0.62,21.38,0.57,1.65,,,0.52,0.59,23.89,,1.67,61.33,0.0,0.0,,,,2025-05-21 16:00:00
2025-05-22 00:00:00,84.8,93.43,4.91,14.86,19.12,16.32,4.54,0.58,21.53,0.57,1.63,,,0.52,0.58,22.27,,1.4,237.76,0.0,0.0,,,,2025-05-22 00:00:00
2025-05-22 08:00:00,23.9,88.16,4.83,14.86,19.13,16.29,4.6,0.59,21.2,0.57,1.64,,,0.52,0.59,26.81,59.84,1.56,132.33,0.0,0.0,,,,2025-05-22 08:00:00
2025-05-22 16:00:00,62.98,109.13,4.9,14.85,19.1,16.36,4.58,0.62,21.49,0.57,1.64,,,0.52,0.59,25.52,63.02,1.29,216.18,0.0,0.0,,,,2025-05-22 16:00:00
2025-05-23 00:00:00,69.76,78.98,4.85,14.89,19.06,16.32,4.52,0.67,21.29,0.56,1.64,,,0.51,0.58,22.82,83.91,1.09,166.95,0.0,0.0,,,,2025-05-23 00:00:00
2025-05-23 08:00:00,22.22,45.41,4.87,14.84,19.11,16.4,4.41,0.63,21.37,0.57,1.64,,,0.52,0.6,26.28,63.54,1.33,227.31,0.0,0.0,,,,2025-05-23 08:00:00
2025-05-23 16:00:00,20.24,28.72,4.88,14.87,19.08,16.3,4.55,0.61,21.42,0.57,1.64,,,0.52,0.59,24.5,71.67,1.03,189.48,0.0,0.0,,,,2025-05-23 16:00:00
2025-05-24 00:00:00,,,4.88,14.84,19.09,16.35,4.46,0.57,21.39,0.57,1.63,,,0.51,0.58,23.29,82.12,1.11,192.12,0.0,0.0,,,,2025-05-24 00:00:00
2025-05-24 08:00:00,13.07,20.79,4.85,14.89,19.13,16.34,4.52,0.58,21.27,0.57,1.64,,,0.52,0.59,25.58,68.13,1.21,215.58,0.0,0.0,,,,2025-05-24 08:00:00
2025-05-24 16:00:00,13.22,24.66,4.87,14.86,19.08,16.34,4.59,0.58,21.36,0.57,1.64,,,0.52,0.59,24.3,75.58,1.27,209.12,0.0,0.0,,,,2025-05-24 16:00:00
2025-05-25 00:00:00,8.77,14.0,4.87,14.91,19.07,16.31,4.57,0.61,21.38,0.57,1.64,,,0.51,0.58,22.9,88.63,1.06,175.07,0.0,0.0,,,,2025-05-25 00:00:00
2025-05-25 08:00:00,6.72,14.79,4.87,14.91,19.07,16.35,4.35,0.62,21.33,0.57,1.65,,,0.52,0.59,25.52,70.36,1.37,231.82,0.0,0.0,,,,2025-05-25 08:00:00
2025-05-25 16:00:00,,,4.87,14.88,19.1,16.39,4.58,0.59,21.36,0.57,1.64,,,0.52,0.6,22.93,87.23,1.07,179.69,0.0,0.0,,,,2025-05-25 16:00:00
2025-05-26 00:00:00,,,4.87,14.85,19.13,16.33,4.48,0.61,21.38,0.57,1.63,,,0.52,0.59,22.86,86.44,1.08,208.43,0.0,0.0,,,,2025-05-26 00:00:00
2025-05-26 08:00:00,9.73,12.21,4.88,14.84,19.12,16.27,4.55,0.6,21.39,0.57,1.64,,,0.52,0.58,24.82,72.08,1.55,226.56,0.0,0.0,,,,2025-05-26 08:00:00
